,varname,Locator Type,locname,Wall Layer,pipename,Pipe Number,out_unit,Description,variable_output,variable_output,variable_output,variable_output,variable_output,variable_output,variable_output,variable_output,variable_output,variable_output,variable_output,variable_output,variable_output,variable_output,variable_output,variable_output,variable_output,variable_output,variable_output,variable_output,variable_output,variable_output,variable_output,variable_output,variable_output,variable_output,variable_output,variable_output,variable_output,variable_output,variable_output,variable_output,variable_output,variable_output,variable_output,variable_output,variable_output,variable_output,variable_output,variable_output,variable_output,variable_output,variable_output,variable_output,variable_output,variable_output,variable_output,variable_output,variable_output,variable_output,variable_output,variable_output,variable_output,variable_output,variable_output,variable_output,variable_output,variable_output,variable_output,variable_output,variable_output,variable_output,variable_output,variable_output,variable_output,variable_output,variable_output,variable_output,variable_output,variable_output,variable_output,variable_output,variable_output,variable_output,variable_output,variable_output,variable_output,variable_output,variable_output,variable_output,variable_output,variable_output,variable_output,variable_output,variable_output,variable_output,variable_output,variable_output,variable_output,variable_output,variable_output,variable_output,variable_output,variable_output,variable_output,variable_output,variable_output,variable_output,variable_output,variable_output,variable_output,variable_output,variable_output,variable_output,variable_output,variable_output,variable_output,variable_output,variable_output,variable_output,variable_output,variable_output,variable_output,variable_output,variable_output,variable_output,variable_output,variable_output,variable_output,variable_output,variable_output,variable_output,variable_output,variable_output,variable_output,variable_output,variable_output,variable_output,variable_output,variable_output,variable_output,variable_output,variable_output,variable_output,variable_output,variable_output,variable_output,variable_output,variable_output,variable_output,variable_output,variable_output,variable_output,variable_output,variable_output
131,MDTHYD,BRANCH,FP_ANN_W01,,,,(C),Maximum difference between hydrate and section temp since last write,85.78623,84.81443,84.81443,84.81443,84.81443,84.81443,84.81443,84.81443,84.81443,84.81443,84.81443,84.81443,84.81443,84.81443,84.81443,84.81443,84.81443,84.81443,84.81443,84.81443,84.81443,84.81443,84.81443,84.81443,84.81443,84.81443,84.81443,84.81443,84.81443,84.81443,84.81443,84.81443,84.81443,84.81443,84.81443,84.81443,84.81443,84.81443,84.81443,84.81443,84.81443,84.81443,84.81443,84.81443,84.81443,84.81443,84.81443,84.81443,84.81443,84.81443,84.81443,84.81443,84.81443,84.81443,84.81443,84.81443,84.81443,84.81443,84.81443,84.81443,84.81443,84.81443,84.81443,84.81443,84.81443,84.81443,84.81443,84.81443,84.81443,84.81443,84.81443,84.81443,84.81443,84.81443,84.81443,84.81443,84.81443,84.81443,84.81443,84.81443,84.81443,84.81443,84.81443,84.81443,84.81443,84.81443,84.81443,84.81443,84.81443,84.81443,84.81443,84.81443,84.81443,84.81443,84.81443,84.81443,84.81443,84.81443,84.81443,84.81443,84.81443,84.81443,84.81443,84.81443,84.81443,84.81443,84.81443,84.81443,84.81443,84.81443,84.81443,84.81443,84.81443,84.81443,84.81443,84.81443,84.81443,84.81443,84.81443,84.81443,84.81443,84.81443,84.81443,84.81443,84.81443,84.81443,84.81443,84.81443,84.81443,84.81443,84.81443,84.81443,84.81443,84.81443,84.81443,84.81443,84.81443,84.81443,84.81443,84.81443,84.81443,84.81443,84.81443,84.81443,84.81443
132,MDTPOS,BRANCH,FP_ANN_W01,,,,(M),Distance where section and hydrate temperature differs most since last write,92.92546,92.81199,92.77151,92.75601,92.74723,92.74168,92.73859,92.73774,92.73774,92.73774,92.73774,92.73774,92.73774,92.73774,92.73774,92.73774,92.73774,92.73774,92.73774,92.73774,92.73774,92.73774,92.73774,92.73774,92.73774,92.73774,92.73774,92.73774,92.73774,92.73774,92.73774,92.73774,92.73774,92.73774,92.73774,92.73774,92.73774,92.73774,92.73774,92.73774,92.73774,92.73774,92.73774,92.73774,92.73774,92.73774,92.73774,92.73774,92.73774,92.73774,92.73774,92.73774,92.73774,92.73774,92.73774,92.73774,92.73774,92.73774,92.73774,92.73774,92.73774,92.73774,92.73774,92.73774,92.73774,92.73774,92.73774,92.73774,92.73774,92.73774,92.73774,92.73774,92.73774,92.73774,92.73774,92.73774,92.73774,92.73774,92.73774,92.73774,92.73774,92.73774,92.73774,92.73774,92.73774,92.73774,92.73774,92.73774,92.73774,92.73774,92.73774,92.73774,92.73774,92.73774,92.73774,92.73774,92.73774,92.73774,92.73774,92.73774,92.73774,92.73774,92.73774,92.73774,92.73774,92.73774,92.73774,92.73774,92.73774,92.73774,92.73774,92.73774,92.73774,92.73774,92.73774,92.73774,92.73774,92.73774,92.73774,92.73774,92.73774,92.73774,92.73774,92.73774,92.73774,92.73774,92.73774,92.73774,92.73774,92.73774,92.73774,92.73774,92.73774,92.73774,92.73774,92.73774,92.73774,92.73774,92.73774,92.73774,92.73774,92.73774,92.73774,92.73774,92.73774
133,DPBR,BRANCH,FP_ANN_W01,,,,(PA),Total pressure drop,-25.41266,-13.20074,-17.37585,-17.4871,-17.45585,-17.18277,-16.82265,-16.50256,-16.28625,-16.14605,-16.04121,-16.01573,-16.0122,-16.00485,-15.99959,-15.99698,-15.99583,-15.99552,-15.99555,-15.99569,-15.99577,-15.99586,-15.99597,-15.99605,-15.99609,-15.99615,-15.9962,-15.99626,-15.9963,-15.99635,-15.99639,-15.99642,-15.99646,-15.99649,-15.99651,-15.99653,-15.99655,-15.99657,-15.9966,-15.99661,-15.99662,-15.99664,-15.99666,-15.99667,-15.99668,-15.99669,-15.9967,-15.99671,-15.99672,-15.99673,-15.99674,-15.99675,-15.99675,-15.99675,-15.9967,-15.99667,-15.99667,-15.9967,-15.99672,-15.99673,-15.99674,-15.99678,-15.9968,-15.99682,-15.99683,-15.99684,-15.99684,-15.99685,-15.99685,-15.99685,-15.99686,-15.99687,-15.99687,-15.99688,-15.99688,-15.99688,-15.99688,-15.9969,-15.9969,-15.9969,-15.9969,-15.9969,-15.99691,-15.99691,-15.99691,-15.99691,-15.99692,-15.99692,-15.99692,-15.99692,-15.99692,-15.99693,-15.99693,-15.99694,-15.99694,-15.99694,-15.99694,-15.99695,-15.99694,-15.99695,-15.99696,-15.99696,-15.99696,-15.99696,-15.99696,-15.99697,-15.99697,-15.99697,-15.99697,-15.99697,-15.99697,-15.99698,-15.99698,-15.99699,-15.99698,-15.99698,-15.99699,-15.99699,-15.99699,-15.99699,-15.99699,-15.997,-15.99699,-15.99699,-15.997,-15.997,-15.997,-15.997,-15.997,-15.99701,-15.997,-15.997,-15.99701,-15.99702,-15.99701,-15.99701,-15.99701,-15.99702,-15.99702,-15.99702,-15.99701,-15.99702,-15.99703,-15.99702,-15.99701
134,DPGBR,BRANCH,FP_ANN_W01,,,,(PA),Gravitational pressure drop,7.5,7.5,7.5,7.5,7.5,7.5,7.5,7.5,7.5,7.5,7.5,7.5,7.5,7.5,7.5,7.5,7.5,7.5,7.5,7.5,7.5,7.5,7.5,7.5,7.5,7.5,7.5,7.5,7.5,7.5,7.5,7.5,7.5,7.5,7.5,7.5,7.5,7.5,7.5,7.5,7.5,7.5,7.5,7.5,7.5,7.5,7.5,7.5,7.5,7.5,7.5,7.5,7.5,7.5,7.5,7.5,7.5,7.5,7.5,7.5,7.5,7.5,7.5,7.5,7.5,7.5,7.5,7.5,7.5,7.5,7.5,7.5,7.5,7.5,7.5,7.5,7.5,7.5,7.5,7.5,7.5,7.5,7.5,7.5,7.5,7.5,7.5,7.5,7.5,7.5,7.5,7.5,7.5,7.5,7.5,7.5,7.5,7.5,7.5,7.5,7.5,7.5,7.5,7.5,7.5,7.5,7.5,7.5,7.5,7.5,7.5,7.5,7.5,7.5,7.5,7.5,7.5,7.5,7.5,7.5,7.5,7.5,7.5,7.5,7.5,7.5,7.5,7.5,7.5,7.5,7.5,7.5,7.5,7.5,7.5,7.5,7.5,7.5,7.5,7.5,7.5,7.5,7.5,7.5,7.5
135,LIQC,BRANCH,FP_ANN_W01,,,,(M3),Total liquid content in branch,2029986.0,-14534830.0,-14477890.0,-14141630.0,-13890030.0,-13740900.0,-13670980.0,-13647410.0,-13641470.0,-13645160.0,-13652640.0,-13655510.0,-13655850.0,-13655980.0,-13656140.0,-13656310.0,-13656480.0,-13656640.0,-13656760.0,-13656860.0,-13656930.0,-13656990.0,-13657030.0,-13657060.0,-13657100.0,-13657130.0,-13657150.0,-13657180.0,-13657200.0,-13657220.0,-13657240.0,-13657260.0,-13657280.0,-13657290.0,-13657310.0,-13657320.0,-13657330.0,-13657350.0,-13657350.0,-13657370.0,-13657370.0,-13657380.0,-13657390.0,-13657400.0,-13657410.0,-13657410.0,-13657420.0,-13657420.0,-13657430.0,-13657440.0,-13657440.0,-13657440.0,-13657830.0,-13657470.0,-13657470.0,-13657480.0,-13657480.0,-13657480.0,-13657480.0,-13657480.0,-13657490.0,-13657490.0,-13657490.0,-13657490.0,-13657490.0,-13657500.0,-13657500.0,-13657500.0,-13657500.0,-13657500.0,-13657500.0,-13657500.0,-13657510.0,-13657510.0,-13657510.0,-13657510.0,-13657510.0,-13657510.0,-13657510.0,-13657510.0,-13657510.0,-13657510.0,-13657510.0,-13657510.0,-13657510.0,-13657520.0,-13657520.0,-13657510.0,-13657520.0,-13657520.0,-13657520.0,-13657520.0,-13657520.0,-13657520.0,-13657520.0,-13657520.0,-13657520.0,-13657510.0,-13657520.0,-13657520.0,-13657520.0,-13657520.0,-13657510.0,-13657510.0,-13657510.0,-13657510.0,-13657510.0,-13657510.0,-13657510.0,-13657510.0,-13657510.0,-13657510.0,-13657510.0,-13657510.0,-13657510.0,-13657510.0,-13657510.0,-13657510.0,-13657510.0,-13657510.0,-13657510.0,-13657510.0,-13657510.0,-13657510.0,-13657510.0,-13657510.0,-13657510.0,-13657510.0,-13657510.0,-13657510.0,-13657510.0,-13657510.0,-13657510.0,-13657510.0,-13657510.0,-13657510.0,-13657510.0,-13657510.0,-13657510.0,-13657500.0,-13657510.0,-13657500.0,-13657500.0,-13657500.0,-13657500.0
136,WATC,BRANCH,FP_ANN_W01,,,,(M3),Total water content in branch,-4467273.0,-3541523.0,-3552126.0,-3585826.0,-3600151.0,-3609166.0,-3614360.0,-3616983.0,-3618509.0,-3619358.0,-3619834.0,-3620427.0,-3621034.0,-3621553.0,-3621998.0,-3622654.0,-3622989.0,-3623379.0,-3623744.0,-3624078.0,-3624362.0,-3624642.0,-3624899.0,-3625139.0,-3625366.0,-3625578.0,-3625776.0,-3625961.0,-3626135.0,-3626299.0,-3626454.0,-3626600.0,-3626739.0,-3626870.0,-3626995.0,-3627113.0,-3627226.0,-3627334.0,-3627437.0,-3627535.0,-3627630.0,-3627720.0,-3627806.0,-3627889.0,-3627969.0,-3628045.0,-3628119.0,-3628190.0,-3628258.0,-3628324.0,-3628388.0,-3628450.0,-3628596.0,-3628792.0,-3628854.0,-3628901.0,-3628946.0,-3628990.0,-3629033.0,-3629075.0,-3629115.0,-3629154.0,-3629192.0,-3629229.0,-3629265.0,-3629300.0,-3629334.0,-3629367.0,-3629399.0,-3629431.0,-3629461.0,-3629491.0,-3629520.0,-3629549.0,-3629577.0,-3629604.0,-3629630.0,-3629656.0,-3629682.0,-3629707.0,-3629731.0,-3629754.0,-3629778.0,-3629800.0,-3629823.0,-3629844.0,-3629866.0,-3629887.0,-3629907.0,-3629927.0,-3629947.0,-3629966.0,-3629985.0,-3630003.0,-3630022.0,-3630039.0,-3630057.0,-3630074.0,-3630091.0,-3630108.0,-3630124.0,-3630140.0,-3630156.0,-3630171.0,-3630186.0,-3630201.0,-3630216.0,-3630230.0,-3630244.0,-3630258.0,-3630272.0,-3630285.0,-3630299.0,-3630312.0,-3630324.0,-3630337.0,-3630349.0,-3630362.0,-3630374.0,-3630386.0,-3630397.0,-3630409.0,-3630420.0,-3630431.0,-3630442.0,-3630453.0,-3630464.0,-3630474.0,-3630485.0,-3630495.0,-3630505.0,-3630515.0,-3630525.0,-3630535.0,-3630544.0,-3630554.0,-3630563.0,-3630572.0,-3630581.0,-3630590.0,-3630599.0,-3630607.0,-3630616.0,-3630624.0,-3630633.0
273,MDTHYD,BRANCH,FP_TUB_W01,,,,(C),Maximum difference between hydrate and section temp since last write,90.95956,85.96467,85.96467,85.96467,85.96467,85.96467,85.96467,85.96467,85.96467,85.96467,85.96467,85.96467,85.96467,85.96467,85.96467,85.96467,85.96467,85.96467,85.96467,85.96467,85.96467,85.96467,85.96467,85.96467,85.96467,85.96467,85.96467,85.96467,85.96467,85.96467,85.96467,85.96467,85.96467,85.96467,85.96467,85.96467,85.96467,85.96467,85.96467,85.96467,85.96467,85.96467,85.96467,85.96467,85.96467,85.96467,85.96467,85.96467,85.96467,85.96467,85.96467,85.96467,85.96467,85.96467,85.96467,85.96467,85.96467,85.96467,85.96467,85.96467,85.96467,85.96467,85.96467,85.96467,85.96467,85.96467,85.96467,85.96467,85.96467,85.96467,85.96467,85.96467,85.96467,85.96467,85.96467,85.96467,85.96467,85.96467,85.96467,85.96467,85.96467,85.96467,85.96467,85.96467,85.96467,85.96467,85.96467,85.96467,85.96467,85.96467,85.96467,85.96467,85.96467,85.96467,85.96467,85.96467,85.96467,85.96467,85.96467,85.96467,85.96467,85.96467,85.96467,85.96467,85.96467,85.96467,85.96467,85.96467,85.96467,85.96467,85.96467,85.96467,85.96467,85.96467,85.96467,85.96467,85.96467,85.96467,85.96467,85.96467,85.96467,85.96467,85.96467,85.96467,85.96467,85.96467,85.96467,85.96467,85.96467,85.96467,85.96467,85.96467,85.96467,85.96467,85.96467,85.96467,85.96467,85.96467,85.96467,85.96467,85.96467,85.96467,85.96467,85.96467,85.96467
274,MDTPOS,BRANCH,FP_TUB_W01,,,,(M),Distance where section and hydrate temperature differs most since last write,88.63431,76.33498,76.33498,76.33498,76.33498,76.33498,76.33498,76.33498,76.33498,76.33498,76.33498,76.33498,76.33498,76.33498,76.33498,76.33498,76.33498,76.33498,76.33498,76.33498,76.33498,76.33498,76.33498,76.33498,76.33498,76.33498,76.33498,76.33498,76.33498,76.33498,76.33498,76.33498,76.33498,76.33498,76.33498,76.33498,76.33498,76.33498,76.33498,76.33498,76.33498,76.33498,76.33498,76.33498,76.33498,76.33498,76.33498,76.33498,76.33498,76.33498,76.33498,76.33498,76.33498,76.33498,76.33498,76.33498,76.33498,76.33498,76.33498,76.33498,76.33498,76.33498,76.33498,76.33498,76.33498,76.33498,76.33498,76.33498,76.33498,76.33498,76.33498,76.33498,76.33498,76.33498,76.33498,76.33498,76.33498,76.33498,76.33498,76.33498,76.33498,76.33498,76.33498,76.33498,76.33498,76.33498,76.33498,76.33498,76.33498,76.33498,76.33498,76.33498,76.33498,76.33498,76.33498,76.33498,76.33498,76.33498,76.33498,76.33498,76.33498,76.33498,76.33498,76.33498,76.33498,76.33498,76.33498,76.33498,76.33498,76.33498,76.33498,76.33498,76.33498,76.33498,76.33498,76.33498,76.33498,76.33498,76.33498,76.33498,76.33498,76.33498,76.33498,76.33498,76.33498,76.33498,76.33498,76.33498,76.33498,76.33498,76.33498,76.33498,76.33498,76.33498,76.33498,76.33498,76.33498,76.33498,76.33498,76.33498,76.33498,76.33498,76.33498,76.33498,76.33498
278,DPBR,BRANCH,FP_TUB_W01,,,,(PA),Total pressure drop,0.0,0.0,0.0,0.0,0.0,0.0,0.0,0.0,0.0,0.0,0.0,0.0,0.0,0.0,0.0,0.0,0.0,0.0,0.0,0.0,0.0,0.0,0.0,0.0,0.0,0.0,0.0,0.0,0.0,0.0,0.0,0.0,0.0,0.0,0.0,0.0,0.0,0.0,0.0,0.0,0.0,0.0,0.0,0.0,0.0,0.0,0.0,0.0,0.0,0.0,0.0,0.0,0.0,0.0,0.0,0.0,0.0,0.0,0.0,0.0,0.0,0.0,0.0,0.0,0.0,0.0,0.0,0.0,0.0,0.0,0.0,0.0,0.0,0.0,0.0,0.0,0.0,0.0,0.0,0.0,0.0,0.0,0.0,0.0,0.0,0.0,0.0,0.0,0.0,0.0,0.0,0.0,0.0,0.0,0.0,0.0,0.0,0.0,0.0,0.0,0.0,0.0,0.0,0.0,0.0,0.0,0.0,0.0,0.0,0.0,0.0,0.0,0.0,0.0,0.0,0.0,0.0,0.0,0.0,0.0,0.0,0.0,0.0,0.0,0.0,0.0,0.0,0.0,0.0,0.0,0.0,0.0,0.0,0.0,0.0,0.0,0.0,0.0,0.0,0.0,0.0,0.0,0.0,0.0,0.0
279,DPGBR,BRANCH,FP_TUB_W01,,,,(PA),Gravitational pressure drop,72.05053,62.11427,52.54814,42.52847,35.63806,31.27102,28.9942,28.04259,27.72864,27.61549,27.63619,27.64434,27.62185,27.60998,27.60424,27.60054,27.60275,27.59875,27.59815,27.59829,27.59673,27.59698,27.59703,27.59669,27.59658,27.59681,27.59676,27.5966,27.59625,27.59628,27.59637,27.59643,27.59587,27.59653,27.59627,27.5964,27.59612,27.59666,27.59641,27.59674,27.59606,27.59619,27.59663,27.59633,27.59623,27.59669,27.59672,27.59643,27.59628,27.59645,27.59669,27.59667,27.56874,27.59578,27.59664,27.59625,27.59633,27.59664,27.59635,27.59629,27.59621,27.59601,27.59611,27.59629,27.5959,27.59632,27.59639,27.59634,27.59593,27.59634,27.59633,27.59646,27.59595,27.59596,27.596,27.59636,27.59568,27.59615,27.59636,27.59607,27.59563,27.59601,27.59617,27.59629,27.59607,27.5962,27.59612,27.59591,27.59555,27.59596,27.59633,27.59617,27.5959,27.59617,27.5961,27.59601,27.5957,27.59631,27.59636,27.59635,27.59596,27.59619,27.59642,27.59632,27.59609,27.59641,27.596,27.59617,27.59588,27.59643,27.59622,27.59642,27.59565,27.59618,27.59608,27.59604,27.59585,27.5963,27.59627,27.5962,27.59574,27.59643,27.5964,27.5964,27.59582,27.59618,27.5962,27.59637,27.59579,27.59618,27.59607,27.59609,27.59556,27.59595,27.59611,27.59591,27.59559,27.59596,27.59621,27.59602,27.5959,27.59629,27.59636,27.59597,27.59561
280,LIQC,BRANCH,FP_TUB_W01,,,,(M3),Total liquid content in branch,20611270.0,18462460.0,18962260.0,18717460.0,18494200.0,18261780.0,18104270.0,18021720.0,17989690.0,17975360.0,17981880.0,17994040.0,17997800.0,17998060.0,17997870.0,17997650.0,17997530.0,17997480.0,17997440.0,17997370.0,17997290.0,17997220.0,17997130.0,17997030.0,17996940.0,17996850.0,17996770.0,17996700.0,17996630.0,17996560.0,17996500.0,17996440.0,17996380.0,17996330.0,17996280.0,17996220.0,17996180.0,17996130.0,17996080.0,17996040.0,17996000.0,17995960.0,17995920.0,17995880.0,17995850.0,17995810.0,17995780.0,17995750.0,17995720.0,17995680.0,17995650.0,17995620.0,17995980.0,17995580.0,17995560.0,17995540.0,17995510.0,17995490.0,17995460.0,17995430.0,17995400.0,17995380.0,17995360.0,17995340.0,17995320.0,17995300.0,17995280.0,17995260.0,17995240.0,17995220.0,17995210.0,17995190.0,17995170.0,17995160.0,17995140.0,17995120.0,17995110.0,17995090.0,17995070.0,17995060.0,17995050.0,17995030.0,17995020.0,17995000.0,17994990.0,17994980.0,17994960.0,17994950.0,17994940.0,17994920.0,17994910.0,17994900.0,17994890.0,17994870.0,17994860.0,17994850.0,17994840.0,17994830.0,17994820.0,17994810.0,17994800.0,17994790.0,17994780.0,17994770.0,17994760.0,17994750.0,17994740.0,17994730.0,17994720.0,17994710.0,17994700.0,17994690.0,17994690.0,17994670.0,17994670.0,17994660.0,17994650.0,17994640.0,17994630.0,17994630.0,17994620.0,17994610.0,17994600.0,17994600.0,17994590.0,17994580.0,17994570.0,17994570.0,17994560.0,17994550.0,17994550.0,17994540.0,17994540.0,17994530.0,17994520.0,17994510.0,17994510.0,17994500.0,17994500.0,17994490.0,17994490.0,17994480.0,17994470.0,17994470.0,17994470.0
281,WATC,BRANCH,FP_TUB_W01,,,,(M3),Total water content in branch,16896100.0,15786690.0,17026600.0,17406930.0,17544570.0,17512800.0,17448850.0,17402390.0,17381760.0,17371090.0,17376530.0,17388430.0,17393020.0,17393730.0,17393720.0,17393580.0,17393490.0,17393460.0,17393420.0,17393350.0,17393280.0,17393200.0,17393110.0,17393000.0,17392900.0,17392810.0,17392720.0,17392640.0,17392560.0,17392490.0,17392420.0,17392350.0,17392290.0,17392230.0,17392180.0,17392120.0,17392070.0,17392020.0,17391970.0,17391930.0,17391880.0,17391840.0,17391800.0,17391760.0,17391720.0,17391680.0,17391650.0,17391610.0,17391580.0,17391550.0,17391510.0,17391480.0,17391460.0,17391440.0,17391410.0,17391390.0,17391360.0,17391340.0,17391310.0,17391280.0,17391250.0,17391230.0,17391210.0,17391190.0,17391160.0,17391140.0,17391120.0,17391100.0,17391080.0,17391060.0,17391040.0,17391030.0,17391010.0,17390990.0,17390970.0,17390950.0,17390940.0,17390920.0,17390910.0,17390890.0,17390870.0,17390860.0,17390840.0,17390830.0,17390810.0,17390800.0,17390790.0,17390770.0,17390760.0,17390750.0,17390730.0,17390720.0,17390710.0,17390700.0,17390680.0,17390670.0,17390660.0,17390650.0,17390640.0,17390630.0,17390620.0,17390610.0,17390600.0,17390580.0,17390580.0,17390570.0,17390550.0,17390550.0,17390530.0,17390530.0,17390520.0,17390510.0,17390500.0,17390490.0,17390480.0,17390470.0,17390460.0,17390460.0,17390450.0,17390440.0,17390430.0,17390420.0,17390410.0,17390410.0,17390400.0,17390390.0,17390380.0,17390380.0,17390370.0,17390370.0,17390350.0,17390350.0,17390350.0,17390340.0,17390330.0,17390320.0,17390320.0,17390310.0,17390300.0,17390300.0,17390290.0,17390290.0,17390280.0,17390270.0,17390270.0
414,MDTHYD,BRANCH,FP_XT-JUMPER_W01,,,,(C),Maximum difference between hydrate and section temp since last write,88.65139,72.83943,72.83943,72.83943,72.83943,72.83943,72.83943,72.83943,72.83943,72.83943,72.83943,72.83943,72.83943,72.83943,72.83943,72.83943,72.83943,72.83943,72.83943,72.83943,72.83943,72.83943,72.83943,72.83943,72.83943,72.83943,72.83943,72.83943,72.83943,72.83943,72.83943,72.83943,72.83943,72.83943,72.83943,72.83943,72.83943,72.83943,72.83943,72.83943,72.83943,72.83943,72.83943,72.83943,72.83943,72.83943,72.83943,72.83943,72.83943,72.83943,72.83943,72.83943,72.83943,72.83943,72.83943,72.83943,72.83943,72.83943,72.83943,72.83943,72.83943,72.83943,72.83943,72.83943,72.83943,72.83943,72.83943,72.83943,72.83943,72.83943,72.83943,72.83943,72.83943,72.83943,72.83943,72.83943,72.83943,72.83943,72.83943,72.83943,72.83943,72.83943,72.83943,72.83943,72.83943,72.83943,72.83943,72.83943,72.83943,72.83943,72.83943,72.83943,72.83943,72.83943,72.83943,72.83943,72.83943,72.83943,72.83943,72.83943,72.83943,72.83943,72.83943,72.83943,72.83943,72.83943,72.83943,72.83943,72.83943,72.83943,72.83943,72.83943,72.83943,72.83943,72.83943,72.83943,72.83943,72.83943,72.83943,72.83943,72.83943,72.83943,72.83943,72.83943,72.83943,72.83943,72.83943,72.83943,72.83943,72.83943,72.83943,72.83943,72.83943,72.83943,72.83943,72.83943,72.83943,72.83943,72.83943,72.83943,72.83943,72.83943,72.83943,72.83943,72.83943
415,MDTPOS,BRANCH,FP_XT-JUMPER_W01,,,,(M),Distance where section and hydrate temperature differs most since last write,88.42058,68.89845,68.89845,68.89845,68.89845,68.89845,68.89845,68.89845,68.89845,68.89845,68.89845,68.89845,68.89845,68.89845,68.89845,68.89845,68.89845,68.89845,68.89845,68.89845,68.89845,68.89845,68.89845,68.89845,68.89845,68.89845,68.89845,68.89845,68.89845,68.89845,68.89845,68.89845,68.89845,68.89845,68.89845,68.89845,68.89845,68.89845,68.89845,68.89845,68.89845,68.89845,68.89845,68.89845,68.89845,68.89845,68.89845,68.89845,68.89845,68.89845,68.89845,68.89845,68.89845,68.89845,68.89845,68.89845,68.89845,68.89845,68.89845,68.89845,68.89845,68.89845,68.89845,68.89845,68.89845,68.89845,68.89845,68.89845,68.89845,68.89845,68.89845,68.89845,68.89845,68.89845,68.89845,68.89845,68.89845,68.89845,68.89845,68.89845,68.89845,68.89845,68.89845,68.89845,68.89845,68.89845,68.89845,68.89845,68.89845,68.89845,68.89845,68.89845,68.89845,68.89845,68.89845,68.89845,68.89845,68.89845,68.89845,68.89845,68.89845,68.89845,68.89845,68.89845,68.89845,68.89845,68.89845,68.89845,68.89845,68.89845,68.89845,68.89845,68.89845,68.89845,68.89845,68.89845,68.89845,68.89845,68.89845,68.89845,68.89845,68.89845,68.89845,68.89845,68.89845,68.89845,68.89845,68.89845,68.89845,68.89845,68.89845,68.89845,68.89845,68.89845,68.89845,68.89845,68.89845,68.89845,68.89845,68.89845,68.89845,68.89845,68.89845,68.89845,68.89845
420,DPBR,BRANCH,FP_XT-JUMPER_W01,,,,(PA),Total pressure drop,2286998.0,3212581.0,3293799.0,3551130.0,3786224.0,3947870.0,4023599.0,4046975.0,4051006.0,4052721.0,4042076.0,4037030.0,4037811.0,4038269.0,4038399.0,4038493.0,4038511.0,4038513.0,4038544.0,4038598.0,4038645.0,4038700.0,4038768.0,4038834.0,4038893.0,4038951.0,4039006.0,4039059.0,4039106.0,4039154.0,4039198.0,4039238.0,4039280.0,4039322.0,4039358.0,4039397.0,4039430.0,4039466.0,4039500.0,4039533.0,4039558.0,4039591.0,4039619.0,4039647.0,4039673.0,4039700.0,4039725.0,4039748.0,4039772.0,4039797.0,4039819.0,4039841.0,4039858.0,4039878.0,4039897.0,4039913.0,4039932.0,4039952.0,4039973.0,4039994.0,4040010.0,4040023.0,4040042.0,4040056.0,4040072.0,4040087.0,4040101.0,4040115.0,4040133.0,4040143.0,4040160.0,4040173.0,4040184.0,4040196.0,4040211.0,4040221.0,4040232.0,4040248.0,4040258.0,4040270.0,4040280.0,4040291.0,4040302.0,4040312.0,4040322.0,4040332.0,4040343.0,4040352.0,4040362.0,4040372.0,4040380.0,4040389.0,4040397.0,4040408.0,4040414.0,4040424.0,4040433.0,4040442.0,4040450.0,4040458.0,4040466.0,4040472.0,4040481.0,4040489.0,4040495.0,4040504.0,4040511.0,4040518.0,4040522.0,4040530.0,4040538.0,4040544.0,4040550.0,4040557.0,4040564.0,4040566.0,4040576.0,4040583.0,4040588.0,4040593.0,4040600.0,4040606.0,4040611.0,4040615.0,4040621.0,4040626.0,4040632.0,4040636.0,4040640.0,4040648.0,4040654.0,4040656.0,4040659.0,4040668.0,4040674.0,4040676.0,4040679.0,4040686.0,4040691.0,4040697.0,4040698.0,4040702.0,4040710.0,4040711.0,4040713.0
421,DPGBR,BRANCH,FP_XT-JUMPER_W01,,,,(PA),Gravitational pressure drop,0.0,0.0,0.0,0.0,0.0,0.0,0.0,0.0,0.0,0.0,0.0,0.0,0.0,0.0,0.0,0.0,0.0,0.0,0.0,0.0,0.0,0.0,0.0,0.0,0.0,0.0,0.0,0.0,0.0,0.0,0.0,0.0,0.0,0.0,0.0,0.0,0.0,0.0,0.0,0.0,0.0,0.0,0.0,0.0,0.0,0.0,0.0,0.0,0.0,0.0,0.0,0.0,0.0,0.0,0.0,0.0,0.0,0.0,0.0,0.0,0.0,0.0,0.0,0.0,0.0,0.0,0.0,0.0,0.0,0.0,0.0,0.0,0.0,0.0,0.0,0.0,0.0,0.0,0.0,0.0,0.0,0.0,0.0,0.0,0.0,0.0,0.0,0.0,0.0,0.0,0.0,0.0,0.0,0.0,0.0,0.0,0.0,0.0,0.0,0.0,0.0,0.0,0.0,0.0,0.0,0.0,0.0,0.0,0.0,0.0,0.0,0.0,0.0,0.0,0.0,0.0,0.0,0.0,0.0,0.0,0.0,0.0,0.0,0.0,0.0,0.0,0.0,0.0,0.0,0.0,0.0,0.0,0.0,0.0,0.0,0.0,0.0,0.0,0.0,0.0,0.0,0.0,0.0,0.0,0.0
422,LIQC,BRANCH,FP_XT-JUMPER_W01,,,,(M3),Total liquid content in branch,3586572.0,5748819.0,5253571.0,5503626.0,5730498.0,5965240.0,6123967.0,6207029.0,6239216.0,6253593.0,6247058.0,6234895.0,6231144.0,6230879.0,6231062.0,6231280.0,6231402.0,6231447.0,6231486.0,6231557.0,6231629.0,6231704.0,6231793.0,6231891.0,6231981.0,6232070.0,6232150.0,6232226.0,6232293.0,6232362.0,6232424.0,6232484.0,6232540.0,6232596.0,6232646.0,6232702.0,6232744.0,6232795.0,6232837.0,6232885.0,6232919.0,6232962.0,6233001.0,6233038.0,6233071.0,6233109.0,6233143.0,6233174.0,6233205.0,6233236.0,6233268.0,6233298.0,6233321.0,6233346.0,6233370.0,6233391.0,6233413.0,6233440.0,6233467.0,6233498.0,6233522.0,6233541.0,6233563.0,6233585.0,6233604.0,6233623.0,6233643.0,6233663.0,6233681.0,6233701.0,6233719.0,6233738.0,6233752.0,6233769.0,6233786.0,6233804.0,6233815.0,6233835.0,6233850.0,6233865.0,6233878.0,6233892.0,6233906.0,6233922.0,6233934.0,6233947.0,6233961.0,6233972.0,6233985.0,6234000.0,6234012.0,6234021.0,6234032.0,6234048.0,6234056.0,6234068.0,6234079.0,6234094.0,6234103.0,6234112.0,6234122.0,6234133.0,6234143.0,6234153.0,6234162.0,6234173.0,6234181.0,6234192.0,6234197.0,6234209.0,6234217.0,6234228.0,6234232.0,6234244.0,6234252.0,6234258.0,6234267.0,6234277.0,6234284.0,6234292.0,6234296.0,6234309.0,6234314.0,6234322.0,6234326.0,6234335.0,6234342.0,6234350.0,6234352.0,6234362.0,6234371.0,6234376.0,6234378.0,6234386.0,6234396.0,6234401.0,6234404.0,6234413.0,6234419.0,6234425.0,6234430.0,6234435.0,6234442.0,6234447.0,6234447.0
423,WATC,BRANCH,FP_XT-JUMPER_W01,,,,(M3),Total water content in branch,0.0,0.0,0.0,0.0,0.0,0.0,0.0,0.0,0.0,0.0,0.0,0.0,0.0,0.0,0.0,0.0,0.0,0.0,0.0,0.0,0.0,0.0,0.0,0.0,0.0,0.0,0.0,0.0,0.0,0.0,0.0,0.0,0.0,0.0,0.0,0.0,0.0,0.0,0.0,0.0,0.0,0.0,0.0,0.0,0.0,0.0,0.0,0.0,0.0,0.0,0.0,0.0,0.0,0.0,0.0,0.0,0.0,0.0,0.0,0.0,0.0,0.0,0.0,0.0,0.0,0.0,0.0,0.0,0.0,0.0,0.0,0.0,0.0,0.0,0.0,0.0,0.0,0.0,0.0,0.0,0.0,0.0,0.0,0.0,0.0,0.0,0.0,0.0,0.0,0.0,0.0,0.0,0.0,0.0,0.0,0.0,0.0,0.0,0.0,0.0,0.0,0.0,0.0,0.0,0.0,0.0,0.0,0.0,0.0,0.0,0.0,0.0,0.0,0.0,0.0,0.0,0.0,0.0,0.0,0.0,0.0,0.0,0.0,0.0,0.0,0.0,0.0,0.0,0.0,0.0,0.0,0.0,0.0,0.0,0.0,0.0,0.0,0.0,0.0,0.0,0.0,0.0,0.0,0.0,0.0
574,TVALVEOUT,CHOKE,VLV_DS-GL_ANN_W01,,,,(C),Temperature at valve outlet,,,,,,,,,,,,,,,,,,,,,,,,,,,,,,,,,,,,,,,,,,,,,,,,,,,,,,,,,,,,,,,,,,,,,,,,,,,,,,,,,,,,,,,,,,,,,,,,,,,,,,,,,,,,,,,,,,,,,,,,,,,,,,,,,,,,,,,,,,,,,,,,,
575,VALVOP,CHOKE,VLV_DS-GL_ANN_W01,,,,(-),Relative valve opening,,,,,,,,,,,,,,,,,,,,,,,,,,,,,,,,,,,,,,,,,,,,,,,,,,,,,,,,,,,,,,,,,,,,,,,,,,,,,,,,,,,,,,,,,,,,,,,,,,,,,,,,,,,,,,,,,,,,,,,,,,,,,,,,,,,,,,,,,,,,,,,,,
847,TVALVE,CHOKE,PCV_W01,,,,(C),Valve temperature,,,,,,,,,,,,,,,,,,,,,,,,,,,,,,,,,,,,,,,,,,,,,,,,,,,,,,,,,,,,,,,,,,,,,,,,,,,,,,,,,,,,,,,,,,,,,,,,,,,,,,,,,,,,,,,,,,,,,,,,,,,,,,,,,,,,,,,,,,,,,,,,,
848,VALVOP,CHOKE,PCV_W01,,,,(-),Relative valve opening,,,,,,,,,,,,,,,,,,,,,,,,,,,,,,,,,,,,,,,,,,,,,,,,,,,,,,,,,,,,,,,,,,,,,,,,,,,,,,,,,,,,,,,,,,,,,,,,,,,,,,,,,,,,,,,,,,,,,,,,,,,,,,,,,,,,,,,,,,,,,,,,,
849,VALVDP,CHOKE,PCV_W01,,,,(PA),Subcritical pressure drop across valve,,,,,,,,,,,,,,,,,,,,,,,,,,,,,,,,,,,,,,,,,,,,,,,,,,,,,,,,,,,,,,,,,,,,,,,,,,,,,,,,,,,,,,,,,,,,,,,,,,,,,,,,,,,,,,,,,,,,,,,,,,,,,,,,,,,,,,,,,,,,,,,,,
850,CV,CHOKE,PCV_W01,,,,(-),Valve CV (0 for chokes),,,,,,,,,,,,,,,,,,,,,,,,,,,,,,,,,,,,,,,,,,,,,,,,,,,,,,,,,,,,,,,,,,,,,,,,,,,,,,,,,,,,,,,,,,,,,,,,,,,,,,,,,,,,,,,,,,,,,,,,,,,,,,,,,,,,,,,,,,,,,,,,,
855,TVALVEOUT,CHOKE,PCV_W01,,,,(C),Temperature at valve outlet,,,,,,,,,,,,,,,,,,,,,,,,,,,,,,,,,,,,,,,,,,,,,,,,,,,,,,,,,,,,,,,,,,,,,,,,,,,,,,,,,,,,,,,,,,,,,,,,,,,,,,,,,,,,,,,,,,,,,,,,,,,,,,,,,,,,,,,,,,,,,,,,,
1287,PTBOU,NODE,NODE_OUTLET,,,,(PA),Pressure at boundary node,,,,,,,,,,,,,,,,,,,,,,,,,,,,,,,,,,,,,,,,,,,,,,,,,,,,,,,,,,,,,,,,,,,,,,,,,,,,,,,,,,,,,,,,,,,,,,,,,,,,,,,,,,,,,,,,,,,,,,,,,,,,,,,,,,,,,,,,,,,,,,,,,
1288,TMBOU,NODE,NODE_OUTLET,,,,(C),Fluid temperature at boundary node,,,,,,,,,,,,,,,,,,,,,,,,,,,,,,,,,,,,,,,,,,,,,,,,,,,,,,,,,,,,,,,,,,,,,,,,,,,,,,,,,,,,,,,,,,,,,,,,,,,,,,,,,,,,,,,,,,,,,,,,,,,,,,,,,,,,,,,,,,,,,,,,,
1289,GTBOU,NODE,NODE_OUTLET,,,,(KG/S),Total mass flow at boundary node,,,,,,,,,,,,,,,,,,,,,,,,,,,,,,,,,,,,,,,,,,,,,,,,,,,,,,,,,,,,,,,,,,,,,,,,,,,,,,,,,,,,,,,,,,,,,,,,,,,,,,,,,,,,,,,,,,,,,,,,,,,,,,,,,,,,,,,,,,,,,,,,,
1290,GLTWTBOU,NODE,NODE_OUTLET,,,,(KG/S),Water mass flow at boundary node,,,,,,,,,,,,,,,,,,,,,,,,,,,,,,,,,,,,,,,,,,,,,,,,,,,,,,,,,,,,,,,,,,,,,,,,,,,,,,,,,,,,,,,,,,,,,,,,,,,,,,,,,,,,,,,,,,,,,,,,,,,,,,,,,,,,,,,,,,,,,,,,,
1291,GLTHLBOU,NODE,NODE_OUTLET,,,,(KG/S),Oil mass flow at boundary node,,,,,,,,,,,,,,,,,,,,,,,,,,,,,,,,,,,,,,,,,,,,,,,,,,,,,,,,,,,,,,,,,,,,,,,,,,,,,,,,,,,,,,,,,,,,,,,,,,,,,,,,,,,,,,,,,,,,,,,,,,,,,,,,,,,,,,,,,,,,,,,,,
1292,GGBOU,NODE,NODE_OUTLET,,,,(KG/S),Gas mass flow at boundary node,,,,,,,,,,,,,,,,,,,,,,,,,,,,,,,,,,,,,,,,,,,,,,,,,,,,,,,,,,,,,,,,,,,,,,,,,,,,,,,,,,,,,,,,,,,,,,,,,,,,,,,,,,,,,,,,,,,,,,,,,,,,,,,,,,,,,,,,,,,,,,,,,
1296,ACCLIQ,POSITION,POS_TUBINGHEAD_ANN_W01,,,,(M3),Accumulated liquid volume flow,,,,,,,,,,,,,,,,,,,,,,,,,,,,,,,,,,,,,,,,,,,,,,,,,,,,,,,,,,,,,,,,,,,,,,,,,,,,,,,,,,,,,,,,,,,,,,,,,,,,,,,,,,,,,,,,,,,,,,,,,,,,,,,,,,,,,,,,,,,,,,,,,
1297,ACCLIQ,POSITION,POS_GASLIFT_ANN_W01,,,,(M3),Accumulated liquid volume flow,,,,,,,,,,,,,,,,,,,,,,,,,,,,,,,,,,,,,,,,,,,,,,,,,,,,,,,,,,,,,,,,,,,,,,,,,,,,,,,,,,,,,,,,,,,,,,,,,,,,,,,,,,,,,,,,,,,,,,,,,,,,,,,,,,,,,,,,,,,,,,,,,
1298,ACCLIQ,POSITION,POS_DS-GASLIFT_ANN_W01,,,,(M3),Accumulated liquid volume flow,,,,,,,,,,,,,,,,,,,,,,,,,,,,,,,,,,,,,,,,,,,,,,,,,,,,,,,,,,,,,,,,,,,,,,,,,,,,,,,,,,,,,,,,,,,,,,,,,,,,,,,,,,,,,,,,,,,,,,,,,,,,,,,,,,,,,,,,,,,,,,,,,
1299,ACCLIQ,POSITION,POS_BOTTOMHOLE_ANN_W01,,,,(M3),Accumulated liquid volume flow,,,,,,,,,,,,,,,,,,,,,,,,,,,,,,,,,,,,,,,,,,,,,,,,,,,,,,,,,,,,,,,,,,,,,,,,,,,,,,,,,,,,,,,,,,,,,,,,,,,,,,,,,,,,,,,,,,,,,,,,,,,,,,,,,,,,,,,,,,,,,,,,,
1300,QLST,POSITION,POS_TUBINGHEAD_ANN_W01,,,,(SM3/S),Liquid volume flow at standard conditions,,,,,,,,,,,,,,,,,,,,,,,,,,,,,,,,,,,,,,,,,,,,,,,,,,,,,,,,,,,,,,,,,,,,,,,,,,,,,,,,,,,,,,,,,,,,,,,,,,,,,,,,,,,,,,,,,,,,,,,,,,,,,,,,,,,,,,,,,,,,,,,,,
1301,QLST,POSITION,POS_GASLIFT_ANN_W01,,,,(SM3/S),Liquid volume flow at standard conditions,,,,,,,,,,,,,,,,,,,,,,,,,,,,,,,,,,,,,,,,,,,,,,,,,,,,,,,,,,,,,,,,,,,,,,,,,,,,,,,,,,,,,,,,,,,,,,,,,,,,,,,,,,,,,,,,,,,,,,,,,,,,,,,,,,,,,,,,,,,,,,,,,
1302,QLST,POSITION,POS_DS-GASLIFT_ANN_W01,,,,(SM3/S),Liquid volume flow at standard conditions,,,,,,,,,,,,,,,,,,,,,,,,,,,,,,,,,,,,,,,,,,,,,,,,,,,,,,,,,,,,,,,,,,,,,,,,,,,,,,,,,,,,,,,,,,,,,,,,,,,,,,,,,,,,,,,,,,,,,,,,,,,,,,,,,,,,,,,,,,,,,,,,,
1303,QLST,POSITION,POS_BOTTOMHOLE_ANN_W01,,,,(SM3/S),Liquid volume flow at standard conditions,,,,,,,,,,,,,,,,,,,,,,,,,,,,,,,,,,,,,,,,,,,,,,,,,,,,,,,,,,,,,,,,,,,,,,,,,,,,,,,,,,,,,,,,,,,,,,,,,,,,,,,,,,,,,,,,,,,,,,,,,,,,,,,,,,,,,,,,,,,,,,,,,
1304,QGST,POSITION,POS_TUBINGHEAD_ANN_W01,,,,(SM3/S),Gas volume flow at standard conditions,,,,,,,,,,,,,,,,,,,,,,,,,,,,,,,,,,,,,,,,,,,,,,,,,,,,,,,,,,,,,,,,,,,,,,,,,,,,,,,,,,,,,,,,,,,,,,,,,,,,,,,,,,,,,,,,,,,,,,,,,,,,,,,,,,,,,,,,,,,,,,,,,
1305,QGST,POSITION,POS_GASLIFT_ANN_W01,,,,(SM3/S),Gas volume flow at standard conditions,,,,,,,,,,,,,,,,,,,,,,,,,,,,,,,,,,,,,,,,,,,,,,,,,,,,,,,,,,,,,,,,,,,,,,,,,,,,,,,,,,,,,,,,,,,,,,,,,,,,,,,,,,,,,,,,,,,,,,,,,,,,,,,,,,,,,,,,,,,,,,,,,
1306,QGST,POSITION,POS_DS-GASLIFT_ANN_W01,,,,(SM3/S),Gas volume flow at standard conditions,,,,,,,,,,,,,,,,,,,,,,,,,,,,,,,,,,,,,,,,,,,,,,,,,,,,,,,,,,,,,,,,,,,,,,,,,,,,,,,,,,,,,,,,,,,,,,,,,,,,,,,,,,,,,,,,,,,,,,,,,,,,,,,,,,,,,,,,,,,,,,,,,
1307,QGST,POSITION,POS_BOTTOMHOLE_ANN_W01,,,,(SM3/S),Gas volume flow at standard conditions,,,,,,,,,,,,,,,,,,,,,,,,,,,,,,,,,,,,,,,,,,,,,,,,,,,,,,,,,,,,,,,,,,,,,,,,,,,,,,,,,,,,,,,,,,,,,,,,,,,,,,,,,,,,,,,,,,,,,,,,,,,,,,,,,,,,,,,,,,,,,,,,,
1308,QOST,POSITION,POS_TUBINGHEAD_ANN_W01,,,,(SM3/S),Oil volume flow at standard conditions,,,,,,,,,,,,,,,,,,,,,,,,,,,,,,,,,,,,,,,,,,,,,,,,,,,,,,,,,,,,,,,,,,,,,,,,,,,,,,,,,,,,,,,,,,,,,,,,,,,,,,,,,,,,,,,,,,,,,,,,,,,,,,,,,,,,,,,,,,,,,,,,,
1309,QOST,POSITION,POS_GASLIFT_ANN_W01,,,,(SM3/S),Oil volume flow at standard conditions,,,,,,,,,,,,,,,,,,,,,,,,,,,,,,,,,,,,,,,,,,,,,,,,,,,,,,,,,,,,,,,,,,,,,,,,,,,,,,,,,,,,,,,,,,,,,,,,,,,,,,,,,,,,,,,,,,,,,,,,,,,,,,,,,,,,,,,,,,,,,,,,,
1310,QOST,POSITION,POS_DS-GASLIFT_ANN_W01,,,,(SM3/S),Oil volume flow at standard conditions,,,,,,,,,,,,,,,,,,,,,,,,,,,,,,,,,,,,,,,,,,,,,,,,,,,,,,,,,,,,,,,,,,,,,,,,,,,,,,,,,,,,,,,,,,,,,,,,,,,,,,,,,,,,,,,,,,,,,,,,,,,,,,,,,,,,,,,,,,,,,,,,,
1311,QOST,POSITION,POS_BOTTOMHOLE_ANN_W01,,,,(SM3/S),Oil volume flow at standard conditions,,,,,,,,,,,,,,,,,,,,,,,,,,,,,,,,,,,,,,,,,,,,,,,,,,,,,,,,,,,,,,,,,,,,,,,,,,,,,,,,,,,,,,,,,,,,,,,,,,,,,,,,,,,,,,,,,,,,,,,,,,,,,,,,,,,,,,,,,,,,,,,,,
1312,QWST,POSITION,POS_TUBINGHEAD_ANN_W01,,,,(SM3/S),Water volume flow at standard conditions,,,,,,,,,,,,,,,,,,,,,,,,,,,,,,,,,,,,,,,,,,,,,,,,,,,,,,,,,,,,,,,,,,,,,,,,,,,,,,,,,,,,,,,,,,,,,,,,,,,,,,,,,,,,,,,,,,,,,,,,,,,,,,,,,,,,,,,,,,,,,,,,,
1313,QWST,POSITION,POS_GASLIFT_ANN_W01,,,,(SM3/S),Water volume flow at standard conditions,,,,,,,,,,,,,,,,,,,,,,,,,,,,,,,,,,,,,,,,,,,,,,,,,,,,,,,,,,,,,,,,,,,,,,,,,,,,,,,,,,,,,,,,,,,,,,,,,,,,,,,,,,,,,,,,,,,,,,,,,,,,,,,,,,,,,,,,,,,,,,,,,
1314,QWST,POSITION,POS_DS-GASLIFT_ANN_W01,,,,(SM3/S),Water volume flow at standard conditions,,,,,,,,,,,,,,,,,,,,,,,,,,,,,,,,,,,,,,,,,,,,,,,,,,,,,,,,,,,,,,,,,,,,,,,,,,,,,,,,,,,,,,,,,,,,,,,,,,,,,,,,,,,,,,,,,,,,,,,,,,,,,,,,,,,,,,,,,,,,,,,,,
1315,QWST,POSITION,POS_BOTTOMHOLE_ANN_W01,,,,(SM3/S),Water volume flow at standard conditions,,,,,,,,,,,,,,,,,,,,,,,,,,,,,,,,,,,,,,,,,,,,,,,,,,,,,,,,,,,,,,,,,,,,,,,,,,,,,,,,,,,,,,,,,,,,,,,,,,,,,,,,,,,,,,,,,,,,,,,,,,,,,,,,,,,,,,,,,,,,,,,,,
1316,QWTST,POSITION,POS_TUBINGHEAD_ANN_W01,,,,(SM3/S),Total water (liquid and vapour) volume flow at standard conditions,,,,,,,,,,,,,,,,,,,,,,,,,,,,,,,,,,,,,,,,,,,,,,,,,,,,,,,,,,,,,,,,,,,,,,,,,,,,,,,,,,,,,,,,,,,,,,,,,,,,,,,,,,,,,,,,,,,,,,,,,,,,,,,,,,,,,,,,,,,,,,,,,
1317,QWTST,POSITION,POS_GASLIFT_ANN_W01,,,,(SM3/S),Total water (liquid and vapour) volume flow at standard conditions,,,,,,,,,,,,,,,,,,,,,,,,,,,,,,,,,,,,,,,,,,,,,,,,,,,,,,,,,,,,,,,,,,,,,,,,,,,,,,,,,,,,,,,,,,,,,,,,,,,,,,,,,,,,,,,,,,,,,,,,,,,,,,,,,,,,,,,,,,,,,,,,,
1318,QWTST,POSITION,POS_DS-GASLIFT_ANN_W01,,,,(SM3/S),Total water (liquid and vapour) volume flow at standard conditions,,,,,,,,,,,,,,,,,,,,,,,,,,,,,,,,,,,,,,,,,,,,,,,,,,,,,,,,,,,,,,,,,,,,,,,,,,,,,,,,,,,,,,,,,,,,,,,,,,,,,,,,,,,,,,,,,,,,,,,,,,,,,,,,,,,,,,,,,,,,,,,,,
1319,QWTST,POSITION,POS_BOTTOMHOLE_ANN_W01,,,,(SM3/S),Total water (liquid and vapour) volume flow at standard conditions,,,,,,,,,,,,,,,,,,,,,,,,,,,,,,,,,,,,,,,,,,,,,,,,,,,,,,,,,,,,,,,,,,,,,,,,,,,,,,,,,,,,,,,,,,,,,,,,,,,,,,,,,,,,,,,,,,,,,,,,,,,,,,,,,,,,,,,,,,,,,,,,,
1320,GG,POSITION,POS_TUBINGHEAD_ANN_W01,,,,(KG/S),Gas mass flow,,,,,,,,,,,,,,,,,,,,,,,,,,,,,,,,,,,,,,,,,,,,,,,,,,,,,,,,,,,,,,,,,,,,,,,,,,,,,,,,,,,,,,,,,,,,,,,,,,,,,,,,,,,,,,,,,,,,,,,,,,,,,,,,,,,,,,,,,,,,,,,,,
1321,GG,POSITION,POS_GASLIFT_ANN_W01,,,,(KG/S),Gas mass flow,,,,,,,,,,,,,,,,,,,,,,,,,,,,,,,,,,,,,,,,,,,,,,,,,,,,,,,,,,,,,,,,,,,,,,,,,,,,,,,,,,,,,,,,,,,,,,,,,,,,,,,,,,,,,,,,,,,,,,,,,,,,,,,,,,,,,,,,,,,,,,,,,
1322,GG,POSITION,POS_DS-GASLIFT_ANN_W01,,,,(KG/S),Gas mass flow,,,,,,,,,,,,,,,,,,,,,,,,,,,,,,,,,,,,,,,,,,,,,,,,,,,,,,,,,,,,,,,,,,,,,,,,,,,,,,,,,,,,,,,,,,,,,,,,,,,,,,,,,,,,,,,,,,,,,,,,,,,,,,,,,,,,,,,,,,,,,,,,,
1323,GG,POSITION,POS_BOTTOMHOLE_ANN_W01,,,,(KG/S),Gas mass flow,,,,,,,,,,,,,,,,,,,,,,,,,,,,,,,,,,,,,,,,,,,,,,,,,,,,,,,,,,,,,,,,,,,,,,,,,,,,,,,,,,,,,,,,,,,,,,,,,,,,,,,,,,,,,,,,,,,,,,,,,,,,,,,,,,,,,,,,,,,,,,,,,
1324,GL,POSITION,POS_TUBINGHEAD_ANN_W01,,,,(KG/S),Liquid bulk mass flow,,,,,,,,,,,,,,,,,,,,,,,,,,,,,,,,,,,,,,,,,,,,,,,,,,,,,,,,,,,,,,,,,,,,,,,,,,,,,,,,,,,,,,,,,,,,,,,,,,,,,,,,,,,,,,,,,,,,,,,,,,,,,,,,,,,,,,,,,,,,,,,,,
1325,GL,POSITION,POS_GASLIFT_ANN_W01,,,,(KG/S),Liquid bulk mass flow,,,,,,,,,,,,,,,,,,,,,,,,,,,,,,,,,,,,,,,,,,,,,,,,,,,,,,,,,,,,,,,,,,,,,,,,,,,,,,,,,,,,,,,,,,,,,,,,,,,,,,,,,,,,,,,,,,,,,,,,,,,,,,,,,,,,,,,,,,,,,,,,,
1326,GL,POSITION,POS_DS-GASLIFT_ANN_W01,,,,(KG/S),Liquid bulk mass flow,,,,,,,,,,,,,,,,,,,,,,,,,,,,,,,,,,,,,,,,,,,,,,,,,,,,,,,,,,,,,,,,,,,,,,,,,,,,,,,,,,,,,,,,,,,,,,,,,,,,,,,,,,,,,,,,,,,,,,,,,,,,,,,,,,,,,,,,,,,,,,,,,
1327,GL,POSITION,POS_BOTTOMHOLE_ANN_W01,,,,(KG/S),Liquid bulk mass flow,,,,,,,,,,,,,,,,,,,,,,,,,,,,,,,,,,,,,,,,,,,,,,,,,,,,,,,,,,,,,,,,,,,,,,,,,,,,,,,,,,,,,,,,,,,,,,,,,,,,,,,,,,,,,,,,,,,,,,,,,,,,,,,,,,,,,,,,,,,,,,,,,
1328,GLHL,POSITION,POS_TUBINGHEAD_ANN_W01,,,,(KG/S),Mass flow rate of oil in film,,,,,,,,,,,,,,,,,,,,,,,,,,,,,,,,,,,,,,,,,,,,,,,,,,,,,,,,,,,,,,,,,,,,,,,,,,,,,,,,,,,,,,,,,,,,,,,,,,,,,,,,,,,,,,,,,,,,,,,,,,,,,,,,,,,,,,,,,,,,,,,,,
1329,GLHL,POSITION,POS_GASLIFT_ANN_W01,,,,(KG/S),Mass flow rate of oil in film,,,,,,,,,,,,,,,,,,,,,,,,,,,,,,,,,,,,,,,,,,,,,,,,,,,,,,,,,,,,,,,,,,,,,,,,,,,,,,,,,,,,,,,,,,,,,,,,,,,,,,,,,,,,,,,,,,,,,,,,,,,,,,,,,,,,,,,,,,,,,,,,,
1330,GLHL,POSITION,POS_DS-GASLIFT_ANN_W01,,,,(KG/S),Mass flow rate of oil in film,,,,,,,,,,,,,,,,,,,,,,,,,,,,,,,,,,,,,,,,,,,,,,,,,,,,,,,,,,,,,,,,,,,,,,,,,,,,,,,,,,,,,,,,,,,,,,,,,,,,,,,,,,,,,,,,,,,,,,,,,,,,,,,,,,,,,,,,,,,,,,,,,
1331,GLHL,POSITION,POS_BOTTOMHOLE_ANN_W01,,,,(KG/S),Mass flow rate of oil in film,,,,,,,,,,,,,,,,,,,,,,,,,,,,,,,,,,,,,,,,,,,,,,,,,,,,,,,,,,,,,,,,,,,,,,,,,,,,,,,,,,,,,,,,,,,,,,,,,,,,,,,,,,,,,,,,,,,,,,,,,,,,,,,,,,,,,,,,,,,,,,,,,
1332,GLT,POSITION,POS_TUBINGHEAD_ANN_W01,,,,(KG/S),Total liquid mass flow,,,,,,,,,,,,,,,,,,,,,,,,,,,,,,,,,,,,,,,,,,,,,,,,,,,,,,,,,,,,,,,,,,,,,,,,,,,,,,,,,,,,,,,,,,,,,,,,,,,,,,,,,,,,,,,,,,,,,,,,,,,,,,,,,,,,,,,,,,,,,,,,,
1333,GLT,POSITION,POS_GASLIFT_ANN_W01,,,,(KG/S),Total liquid mass flow,,,,,,,,,,,,,,,,,,,,,,,,,,,,,,,,,,,,,,,,,,,,,,,,,,,,,,,,,,,,,,,,,,,,,,,,,,,,,,,,,,,,,,,,,,,,,,,,,,,,,,,,,,,,,,,,,,,,,,,,,,,,,,,,,,,,,,,,,,,,,,,,,
1334,GLT,POSITION,POS_DS-GASLIFT_ANN_W01,,,,(KG/S),Total liquid mass flow,,,,,,,,,,,,,,,,,,,,,,,,,,,,,,,,,,,,,,,,,,,,,,,,,,,,,,,,,,,,,,,,,,,,,,,,,,,,,,,,,,,,,,,,,,,,,,,,,,,,,,,,,,,,,,,,,,,,,,,,,,,,,,,,,,,,,,,,,,,,,,,,,
1335,GLT,POSITION,POS_BOTTOMHOLE_ANN_W01,,,,(KG/S),Total liquid mass flow,,,,,,,,,,,,,,,,,,,,,,,,,,,,,,,,,,,,,,,,,,,,,,,,,,,,,,,,,,,,,,,,,,,,,,,,,,,,,,,,,,,,,,,,,,,,,,,,,,,,,,,,,,,,,,,,,,,,,,,,,,,,,,,,,,,,,,,,,,,,,,,,,
1336,GLWV,POSITION,POS_TUBINGHEAD_ANN_W01,,,,(KG/S),Mass flow rate of water vapour,,,,,,,,,,,,,,,,,,,,,,,,,,,,,,,,,,,,,,,,,,,,,,,,,,,,,,,,,,,,,,,,,,,,,,,,,,,,,,,,,,,,,,,,,,,,,,,,,,,,,,,,,,,,,,,,,,,,,,,,,,,,,,,,,,,,,,,,,,,,,,,,,
1337,GLWV,POSITION,POS_GASLIFT_ANN_W01,,,,(KG/S),Mass flow rate of water vapour,,,,,,,,,,,,,,,,,,,,,,,,,,,,,,,,,,,,,,,,,,,,,,,,,,,,,,,,,,,,,,,,,,,,,,,,,,,,,,,,,,,,,,,,,,,,,,,,,,,,,,,,,,,,,,,,,,,,,,,,,,,,,,,,,,,,,,,,,,,,,,,,,
1338,GLWV,POSITION,POS_DS-GASLIFT_ANN_W01,,,,(KG/S),Mass flow rate of water vapour,,,,,,,,,,,,,,,,,,,,,,,,,,,,,,,,,,,,,,,,,,,,,,,,,,,,,,,,,,,,,,,,,,,,,,,,,,,,,,,,,,,,,,,,,,,,,,,,,,,,,,,,,,,,,,,,,,,,,,,,,,,,,,,,,,,,,,,,,,,,,,,,,
1339,GLWV,POSITION,POS_BOTTOMHOLE_ANN_W01,,,,(KG/S),Mass flow rate of water vapour,,,,,,,,,,,,,,,,,,,,,,,,,,,,,,,,,,,,,,,,,,,,,,,,,,,,,,,,,,,,,,,,,,,,,,,,,,,,,,,,,,,,,,,,,,,,,,,,,,,,,,,,,,,,,,,,,,,,,,,,,,,,,,,,,,,,,,,,,,,,,,,,,
1340,UG,POSITION,POS_TUBINGHEAD_ANN_W01,,,,(M/S),Gas velocity,,,,,,,,,,,,,,,,,,,,,,,,,,,,,,,,,,,,,,,,,,,,,,,,,,,,,,,,,,,,,,,,,,,,,,,,,,,,,,,,,,,,,,,,,,,,,,,,,,,,,,,,,,,,,,,,,,,,,,,,,,,,,,,,,,,,,,,,,,,,,,,,,
1341,UG,POSITION,POS_GASLIFT_ANN_W01,,,,(M/S),Gas velocity,,,,,,,,,,,,,,,,,,,,,,,,,,,,,,,,,,,,,,,,,,,,,,,,,,,,,,,,,,,,,,,,,,,,,,,,,,,,,,,,,,,,,,,,,,,,,,,,,,,,,,,,,,,,,,,,,,,,,,,,,,,,,,,,,,,,,,,,,,,,,,,,,
1342,UG,POSITION,POS_DS-GASLIFT_ANN_W01,,,,(M/S),Gas velocity,,,,,,,,,,,,,,,,,,,,,,,,,,,,,,,,,,,,,,,,,,,,,,,,,,,,,,,,,,,,,,,,,,,,,,,,,,,,,,,,,,,,,,,,,,,,,,,,,,,,,,,,,,,,,,,,,,,,,,,,,,,,,,,,,,,,,,,,,,,,,,,,,
1343,UG,POSITION,POS_BOTTOMHOLE_ANN_W01,,,,(M/S),Gas velocity,,,,,,,,,,,,,,,,,,,,,,,,,,,,,,,,,,,,,,,,,,,,,,,,,,,,,,,,,,,,,,,,,,,,,,,,,,,,,,,,,,,,,,,,,,,,,,,,,,,,,,,,,,,,,,,,,,,,,,,,,,,,,,,,,,,,,,,,,,,,,,,,,
1344,UL,POSITION,POS_TUBINGHEAD_ANN_W01,,,,(M/S),Average liquid film velocity,,,,,,,,,,,,,,,,,,,,,,,,,,,,,,,,,,,,,,,,,,,,,,,,,,,,,,,,,,,,,,,,,,,,,,,,,,,,,,,,,,,,,,,,,,,,,,,,,,,,,,,,,,,,,,,,,,,,,,,,,,,,,,,,,,,,,,,,,,,,,,,,,
1345,UL,POSITION,POS_GASLIFT_ANN_W01,,,,(M/S),Average liquid film velocity,,,,,,,,,,,,,,,,,,,,,,,,,,,,,,,,,,,,,,,,,,,,,,,,,,,,,,,,,,,,,,,,,,,,,,,,,,,,,,,,,,,,,,,,,,,,,,,,,,,,,,,,,,,,,,,,,,,,,,,,,,,,,,,,,,,,,,,,,,,,,,,,,
1346,UL,POSITION,POS_DS-GASLIFT_ANN_W01,,,,(M/S),Average liquid film velocity,,,,,,,,,,,,,,,,,,,,,,,,,,,,,,,,,,,,,,,,,,,,,,,,,,,,,,,,,,,,,,,,,,,,,,,,,,,,,,,,,,,,,,,,,,,,,,,,,,,,,,,,,,,,,,,,,,,,,,,,,,,,,,,,,,,,,,,,,,,,,,,,,
1347,UL,POSITION,POS_BOTTOMHOLE_ANN_W01,,,,(M/S),Average liquid film velocity,,,,,,,,,,,,,,,,,,,,,,,,,,,,,,,,,,,,,,,,,,,,,,,,,,,,,,,,,,,,,,,,,,,,,,,,,,,,,,,,,,,,,,,,,,,,,,,,,,,,,,,,,,,,,,,,,,,,,,,,,,,,,,,,,,,,,,,,,,,,,,,,,
1348,GT,POSITION,POS_TUBINGHEAD_ANN_W01,,,,(KG/S),Total mass flow,,,,,,,,,,,,,,,,,,,,,,,,,,,,,,,,,,,,,,,,,,,,,,,,,,,,,,,,,,,,,,,,,,,,,,,,,,,,,,,,,,,,,,,,,,,,,,,,,,,,,,,,,,,,,,,,,,,,,,,,,,,,,,,,,,,,,,,,,,,,,,,,,
1349,GT,POSITION,POS_GASLIFT_ANN_W01,,,,(KG/S),Total mass flow,,,,,,,,,,,,,,,,,,,,,,,,,,,,,,,,,,,,,,,,,,,,,,,,,,,,,,,,,,,,,,,,,,,,,,,,,,,,,,,,,,,,,,,,,,,,,,,,,,,,,,,,,,,,,,,,,,,,,,,,,,,,,,,,,,,,,,,,,,,,,,,,,
1350,GT,POSITION,POS_DS-GASLIFT_ANN_W01,,,,(KG/S),Total mass flow,,,,,,,,,,,,,,,,,,,,,,,,,,,,,,,,,,,,,,,,,,,,,,,,,,,,,,,,,,,,,,,,,,,,,,,,,,,,,,,,,,,,,,,,,,,,,,,,,,,,,,,,,,,,,,,,,,,,,,,,,,,,,,,,,,,,,,,,,,,,,,,,,
1351,GT,POSITION,POS_BOTTOMHOLE_ANN_W01,,,,(KG/S),Total mass flow,,,,,,,,,,,,,,,,,,,,,,,,,,,,,,,,,,,,,,,,,,,,,,,,,,,,,,,,,,,,,,,,,,,,,,,,,,,,,,,,,,,,,,,,,,,,,,,,,,,,,,,,,,,,,,,,,,,,,,,,,,,,,,,,,,,,,,,,,,,,,,,,,
1352,GLTWT,POSITION,POS_TUBINGHEAD_ANN_W01,,,,(KG/S),Mass flow rate of water excluding vapour,,,,,,,,,,,,,,,,,,,,,,,,,,,,,,,,,,,,,,,,,,,,,,,,,,,,,,,,,,,,,,,,,,,,,,,,,,,,,,,,,,,,,,,,,,,,,,,,,,,,,,,,,,,,,,,,,,,,,,,,,,,,,,,,,,,,,,,,,,,,,,,,,
1353,GLTWT,POSITION,POS_GASLIFT_ANN_W01,,,,(KG/S),Mass flow rate of water excluding vapour,,,,,,,,,,,,,,,,,,,,,,,,,,,,,,,,,,,,,,,,,,,,,,,,,,,,,,,,,,,,,,,,,,,,,,,,,,,,,,,,,,,,,,,,,,,,,,,,,,,,,,,,,,,,,,,,,,,,,,,,,,,,,,,,,,,,,,,,,,,,,,,,,
1354,GLTWT,POSITION,POS_DS-GASLIFT_ANN_W01,,,,(KG/S),Mass flow rate of water excluding vapour,,,,,,,,,,,,,,,,,,,,,,,,,,,,,,,,,,,,,,,,,,,,,,,,,,,,,,,,,,,,,,,,,,,,,,,,,,,,,,,,,,,,,,,,,,,,,,,,,,,,,,,,,,,,,,,,,,,,,,,,,,,,,,,,,,,,,,,,,,,,,,,,,
1355,GLTWT,POSITION,POS_BOTTOMHOLE_ANN_W01,,,,(KG/S),Mass flow rate of water excluding vapour,,,,,,,,,,,,,,,,,,,,,,,,,,,,,,,,,,,,,,,,,,,,,,,,,,,,,,,,,,,,,,,,,,,,,,,,,,,,,,,,,,,,,,,,,,,,,,,,,,,,,,,,,,,,,,,,,,,,,,,,,,,,,,,,,,,,,,,,,,,,,,,,,
1356,GLRST,POSITION,POS_TUBINGHEAD_ANN_W01,,,,(SM3/SM3),Gas/liquid ratio at standard conditions,,,,,,,,,,,,,,,,,,,,,,,,,,,,,,,,,,,,,,,,,,,,,,,,,,,,,,,,,,,,,,,,,,,,,,,,,,,,,,,,,,,,,,,,,,,,,,,,,,,,,,,,,,,,,,,,,,,,,,,,,,,,,,,,,,,,,,,,,,,,,,,,,
1357,GLRST,POSITION,POS_GASLIFT_ANN_W01,,,,(SM3/SM3),Gas/liquid ratio at standard conditions,,,,,,,,,,,,,,,,,,,,,,,,,,,,,,,,,,,,,,,,,,,,,,,,,,,,,,,,,,,,,,,,,,,,,,,,,,,,,,,,,,,,,,,,,,,,,,,,,,,,,,,,,,,,,,,,,,,,,,,,,,,,,,,,,,,,,,,,,,,,,,,,,
1358,GLRST,POSITION,POS_DS-GASLIFT_ANN_W01,,,,(SM3/SM3),Gas/liquid ratio at standard conditions,,,,,,,,,,,,,,,,,,,,,,,,,,,,,,,,,,,,,,,,,,,,,,,,,,,,,,,,,,,,,,,,,,,,,,,,,,,,,,,,,,,,,,,,,,,,,,,,,,,,,,,,,,,,,,,,,,,,,,,,,,,,,,,,,,,,,,,,,,,,,,,,,
1359,GLRST,POSITION,POS_BOTTOMHOLE_ANN_W01,,,,(SM3/SM3),Gas/liquid ratio at standard conditions,,,,,,,,,,,,,,,,,,,,,,,,,,,,,,,,,,,,,,,,,,,,,,,,,,,,,,,,,,,,,,,,,,,,,,,,,,,,,,,,,,,,,,,,,,,,,,,,,,,,,,,,,,,,,,,,,,,,,,,,,,,,,,,,,,,,,,,,,,,,,,,,,
1360,GLTHL,POSITION,POS_TUBINGHEAD_ANN_W01,,,,(KG/S),Mass flow rate of oil,,,,,,,,,,,,,,,,,,,,,,,,,,,,,,,,,,,,,,,,,,,,,,,,,,,,,,,,,,,,,,,,,,,,,,,,,,,,,,,,,,,,,,,,,,,,,,,,,,,,,,,,,,,,,,,,,,,,,,,,,,,,,,,,,,,,,,,,,,,,,,,,,
1361,GLTHL,POSITION,POS_GASLIFT_ANN_W01,,,,(KG/S),Mass flow rate of oil,,,,,,,,,,,,,,,,,,,,,,,,,,,,,,,,,,,,,,,,,,,,,,,,,,,,,,,,,,,,,,,,,,,,,,,,,,,,,,,,,,,,,,,,,,,,,,,,,,,,,,,,,,,,,,,,,,,,,,,,,,,,,,,,,,,,,,,,,,,,,,,,,
1362,GLTHL,POSITION,POS_DS-GASLIFT_ANN_W01,,,,(KG/S),Mass flow rate of oil,,,,,,,,,,,,,,,,,,,,,,,,,,,,,,,,,,,,,,,,,,,,,,,,,,,,,,,,,,,,,,,,,,,,,,,,,,,,,,,,,,,,,,,,,,,,,,,,,,,,,,,,,,,,,,,,,,,,,,,,,,,,,,,,,,,,,,,,,,,,,,,,,
1363,GLTHL,POSITION,POS_BOTTOMHOLE_ANN_W01,,,,(KG/S),Mass flow rate of oil,,,,,,,,,,,,,,,,,,,,,,,,,,,,,,,,,,,,,,,,,,,,,,,,,,,,,,,,,,,,,,,,,,,,,,,,,,,,,,,,,,,,,,,,,,,,,,,,,,,,,,,,,,,,,,,,,,,,,,,,,,,,,,,,,,,,,,,,,,,,,,,,,
1364,GLWVT,POSITION,POS_TUBINGHEAD_ANN_W01,,,,(KG/S),Total mass flow rate of water including Vapour,,,,,,,,,,,,,,,,,,,,,,,,,,,,,,,,,,,,,,,,,,,,,,,,,,,,,,,,,,,,,,,,,,,,,,,,,,,,,,,,,,,,,,,,,,,,,,,,,,,,,,,,,,,,,,,,,,,,,,,,,,,,,,,,,,,,,,,,,,,,,,,,,
1365,GLWVT,POSITION,POS_GASLIFT_ANN_W01,,,,(KG/S),Total mass flow rate of water including Vapour,,,,,,,,,,,,,,,,,,,,,,,,,,,,,,,,,,,,,,,,,,,,,,,,,,,,,,,,,,,,,,,,,,,,,,,,,,,,,,,,,,,,,,,,,,,,,,,,,,,,,,,,,,,,,,,,,,,,,,,,,,,,,,,,,,,,,,,,,,,,,,,,,
1366,GLWVT,POSITION,POS_DS-GASLIFT_ANN_W01,,,,(KG/S),Total mass flow rate of water including Vapour,,,,,,,,,,,,,,,,,,,,,,,,,,,,,,,,,,,,,,,,,,,,,,,,,,,,,,,,,,,,,,,,,,,,,,,,,,,,,,,,,,,,,,,,,,,,,,,,,,,,,,,,,,,,,,,,,,,,,,,,,,,,,,,,,,,,,,,,,,,,,,,,,
1367,GLWVT,POSITION,POS_BOTTOMHOLE_ANN_W01,,,,(KG/S),Total mass flow rate of water including Vapour,,,,,,,,,,,,,,,,,,,,,,,,,,,,,,,,,,,,,,,,,,,,,,,,,,,,,,,,,,,,,,,,,,,,,,,,,,,,,,,,,,,,,,,,,,,,,,,,,,,,,,,,,,,,,,,,,,,,,,,,,,,,,,,,,,,,,,,,,,,,,,,,,
1368,GORST,POSITION,POS_TUBINGHEAD_ANN_W01,,,,(SM3/SM3),Gas/oil ratio at standard conditions,,,,,,,,,,,,,,,,,,,,,,,,,,,,,,,,,,,,,,,,,,,,,,,,,,,,,,,,,,,,,,,,,,,,,,,,,,,,,,,,,,,,,,,,,,,,,,,,,,,,,,,,,,,,,,,,,,,,,,,,,,,,,,,,,,,,,,,,,,,,,,,,,
1369,GORST,POSITION,POS_GASLIFT_ANN_W01,,,,(SM3/SM3),Gas/oil ratio at standard conditions,,,,,,,,,,,,,,,,,,,,,,,,,,,,,,,,,,,,,,,,,,,,,,,,,,,,,,,,,,,,,,,,,,,,,,,,,,,,,,,,,,,,,,,,,,,,,,,,,,,,,,,,,,,,,,,,,,,,,,,,,,,,,,,,,,,,,,,,,,,,,,,,,
1370,GORST,POSITION,POS_DS-GASLIFT_ANN_W01,,,,(SM3/SM3),Gas/oil ratio at standard conditions,,,,,,,,,,,,,,,,,,,,,,,,,,,,,,,,,,,,,,,,,,,,,,,,,,,,,,,,,,,,,,,,,,,,,,,,,,,,,,,,,,,,,,,,,,,,,,,,,,,,,,,,,,,,,,,,,,,,,,,,,,,,,,,,,,,,,,,,,,,,,,,,,
1371,GORST,POSITION,POS_BOTTOMHOLE_ANN_W01,,,,(SM3/SM3),Gas/oil ratio at standard conditions,,,,,,,,,,,,,,,,,,,,,,,,,,,,,,,,,,,,,,,,,,,,,,,,,,,,,,,,,,,,,,,,,,,,,,,,,,,,,,,,,,,,,,,,,,,,,,,,,,,,,,,,,,,,,,,,,,,,,,,,,,,,,,,,,,,,,,,,,,,,,,,,,
1372,WCST,POSITION,POS_TUBINGHEAD_ANN_W01,,,,(-),Water cut at standard conditions,,,,,,,,,,,,,,,,,,,,,,,,,,,,,,,,,,,,,,,,,,,,,,,,,,,,,,,,,,,,,,,,,,,,,,,,,,,,,,,,,,,,,,,,,,,,,,,,,,,,,,,,,,,,,,,,,,,,,,,,,,,,,,,,,,,,,,,,,,,,,,,,,
1373,WCST,POSITION,POS_GASLIFT_ANN_W01,,,,(-),Water cut at standard conditions,,,,,,,,,,,,,,,,,,,,,,,,,,,,,,,,,,,,,,,,,,,,,,,,,,,,,,,,,,,,,,,,,,,,,,,,,,,,,,,,,,,,,,,,,,,,,,,,,,,,,,,,,,,,,,,,,,,,,,,,,,,,,,,,,,,,,,,,,,,,,,,,,
1374,WCST,POSITION,POS_DS-GASLIFT_ANN_W01,,,,(-),Water cut at standard conditions,,,,,,,,,,,,,,,,,,,,,,,,,,,,,,,,,,,,,,,,,,,,,,,,,,,,,,,,,,,,,,,,,,,,,,,,,,,,,,,,,,,,,,,,,,,,,,,,,,,,,,,,,,,,,,,,,,,,,,,,,,,,,,,,,,,,,,,,,,,,,,,,,
1375,WCST,POSITION,POS_BOTTOMHOLE_ANN_W01,,,,(-),Water cut at standard conditions,,,,,,,,,,,,,,,,,,,,,,,,,,,,,,,,,,,,,,,,,,,,,,,,,,,,,,,,,,,,,,,,,,,,,,,,,,,,,,,,,,,,,,,,,,,,,,,,,,,,,,,,,,,,,,,,,,,,,,,,,,,,,,,,,,,,,,,,,,,,,,,,,
1376,QG,POSITION,POS_TUBINGHEAD_ANN_W01,,,,(M3/S),Gas volume flow,,,,,,,,,,,,,,,,,,,,,,,,,,,,,,,,,,,,,,,,,,,,,,,,,,,,,,,,,,,,,,,,,,,,,,,,,,,,,,,,,,,,,,,,,,,,,,,,,,,,,,,,,,,,,,,,,,,,,,,,,,,,,,,,,,,,,,,,,,,,,,,,,
1377,QG,POSITION,POS_GASLIFT_ANN_W01,,,,(M3/S),Gas volume flow,,,,,,,,,,,,,,,,,,,,,,,,,,,,,,,,,,,,,,,,,,,,,,,,,,,,,,,,,,,,,,,,,,,,,,,,,,,,,,,,,,,,,,,,,,,,,,,,,,,,,,,,,,,,,,,,,,,,,,,,,,,,,,,,,,,,,,,,,,,,,,,,,
1378,QG,POSITION,POS_DS-GASLIFT_ANN_W01,,,,(M3/S),Gas volume flow,,,,,,,,,,,,,,,,,,,,,,,,,,,,,,,,,,,,,,,,,,,,,,,,,,,,,,,,,,,,,,,,,,,,,,,,,,,,,,,,,,,,,,,,,,,,,,,,,,,,,,,,,,,,,,,,,,,,,,,,,,,,,,,,,,,,,,,,,,,,,,,,,
1379,QG,POSITION,POS_BOTTOMHOLE_ANN_W01,,,,(M3/S),Gas volume flow,,,,,,,,,,,,,,,,,,,,,,,,,,,,,,,,,,,,,,,,,,,,,,,,,,,,,,,,,,,,,,,,,,,,,,,,,,,,,,,,,,,,,,,,,,,,,,,,,,,,,,,,,,,,,,,,,,,,,,,,,,,,,,,,,,,,,,,,,,,,,,,,,
1380,QLTWT,POSITION,POS_TUBINGHEAD_ANN_W01,,,,(M3/S),Volumetric flow rate water,,,,,,,,,,,,,,,,,,,,,,,,,,,,,,,,,,,,,,,,,,,,,,,,,,,,,,,,,,,,,,,,,,,,,,,,,,,,,,,,,,,,,,,,,,,,,,,,,,,,,,,,,,,,,,,,,,,,,,,,,,,,,,,,,,,,,,,,,,,,,,,,,
1381,QLTWT,POSITION,POS_GASLIFT_ANN_W01,,,,(M3/S),Volumetric flow rate water,,,,,,,,,,,,,,,,,,,,,,,,,,,,,,,,,,,,,,,,,,,,,,,,,,,,,,,,,,,,,,,,,,,,,,,,,,,,,,,,,,,,,,,,,,,,,,,,,,,,,,,,,,,,,,,,,,,,,,,,,,,,,,,,,,,,,,,,,,,,,,,,,
1382,QLTWT,POSITION,POS_DS-GASLIFT_ANN_W01,,,,(M3/S),Volumetric flow rate water,,,,,,,,,,,,,,,,,,,,,,,,,,,,,,,,,,,,,,,,,,,,,,,,,,,,,,,,,,,,,,,,,,,,,,,,,,,,,,,,,,,,,,,,,,,,,,,,,,,,,,,,,,,,,,,,,,,,,,,,,,,,,,,,,,,,,,,,,,,,,,,,,
1383,QLTWT,POSITION,POS_BOTTOMHOLE_ANN_W01,,,,(M3/S),Volumetric flow rate water,,,,,,,,,,,,,,,,,,,,,,,,,,,,,,,,,,,,,,,,,,,,,,,,,,,,,,,,,,,,,,,,,,,,,,,,,,,,,,,,,,,,,,,,,,,,,,,,,,,,,,,,,,,,,,,,,,,,,,,,,,,,,,,,,,,,,,,,,,,,,,,,,
1384,QLHL,POSITION,POS_TUBINGHEAD_ANN_W01,,,,(M3/S),Volumetric flow rate oil film,,,,,,,,,,,,,,,,,,,,,,,,,,,,,,,,,,,,,,,,,,,,,,,,,,,,,,,,,,,,,,,,,,,,,,,,,,,,,,,,,,,,,,,,,,,,,,,,,,,,,,,,,,,,,,,,,,,,,,,,,,,,,,,,,,,,,,,,,,,,,,,,,
1385,QLHL,POSITION,POS_GASLIFT_ANN_W01,,,,(M3/S),Volumetric flow rate oil film,,,,,,,,,,,,,,,,,,,,,,,,,,,,,,,,,,,,,,,,,,,,,,,,,,,,,,,,,,,,,,,,,,,,,,,,,,,,,,,,,,,,,,,,,,,,,,,,,,,,,,,,,,,,,,,,,,,,,,,,,,,,,,,,,,,,,,,,,,,,,,,,,
1386,QLHL,POSITION,POS_DS-GASLIFT_ANN_W01,,,,(M3/S),Volumetric flow rate oil film,,,,,,,,,,,,,,,,,,,,,,,,,,,,,,,,,,,,,,,,,,,,,,,,,,,,,,,,,,,,,,,,,,,,,,,,,,,,,,,,,,,,,,,,,,,,,,,,,,,,,,,,,,,,,,,,,,,,,,,,,,,,,,,,,,,,,,,,,,,,,,,,,
1387,QLHL,POSITION,POS_BOTTOMHOLE_ANN_W01,,,,(M3/S),Volumetric flow rate oil film,,,,,,,,,,,,,,,,,,,,,,,,,,,,,,,,,,,,,,,,,,,,,,,,,,,,,,,,,,,,,,,,,,,,,,,,,,,,,,,,,,,,,,,,,,,,,,,,,,,,,,,,,,,,,,,,,,,,,,,,,,,,,,,,,,,,,,,,,,,,,,,,,
1388,QLTHL,POSITION,POS_TUBINGHEAD_ANN_W01,,,,(M3/S),Volumetric flow rate oil,,,,,,,,,,,,,,,,,,,,,,,,,,,,,,,,,,,,,,,,,,,,,,,,,,,,,,,,,,,,,,,,,,,,,,,,,,,,,,,,,,,,,,,,,,,,,,,,,,,,,,,,,,,,,,,,,,,,,,,,,,,,,,,,,,,,,,,,,,,,,,,,,
1389,QLTHL,POSITION,POS_GASLIFT_ANN_W01,,,,(M3/S),Volumetric flow rate oil,,,,,,,,,,,,,,,,,,,,,,,,,,,,,,,,,,,,,,,,,,,,,,,,,,,,,,,,,,,,,,,,,,,,,,,,,,,,,,,,,,,,,,,,,,,,,,,,,,,,,,,,,,,,,,,,,,,,,,,,,,,,,,,,,,,,,,,,,,,,,,,,,
1390,QLTHL,POSITION,POS_DS-GASLIFT_ANN_W01,,,,(M3/S),Volumetric flow rate oil,,,,,,,,,,,,,,,,,,,,,,,,,,,,,,,,,,,,,,,,,,,,,,,,,,,,,,,,,,,,,,,,,,,,,,,,,,,,,,,,,,,,,,,,,,,,,,,,,,,,,,,,,,,,,,,,,,,,,,,,,,,,,,,,,,,,,,,,,,,,,,,,,
1391,QLTHL,POSITION,POS_BOTTOMHOLE_ANN_W01,,,,(M3/S),Volumetric flow rate oil,,,,,,,,,,,,,,,,,,,,,,,,,,,,,,,,,,,,,,,,,,,,,,,,,,,,,,,,,,,,,,,,,,,,,,,,,,,,,,,,,,,,,,,,,,,,,,,,,,,,,,,,,,,,,,,,,,,,,,,,,,,,,,,,,,,,,,,,,,,,,,,,,
1392,QLWT,POSITION,POS_TUBINGHEAD_ANN_W01,,,,(M3/S),Volumetric flow rate water film,,,,,,,,,,,,,,,,,,,,,,,,,,,,,,,,,,,,,,,,,,,,,,,,,,,,,,,,,,,,,,,,,,,,,,,,,,,,,,,,,,,,,,,,,,,,,,,,,,,,,,,,,,,,,,,,,,,,,,,,,,,,,,,,,,,,,,,,,,,,,,,,,
1393,QLWT,POSITION,POS_GASLIFT_ANN_W01,,,,(M3/S),Volumetric flow rate water film,,,,,,,,,,,,,,,,,,,,,,,,,,,,,,,,,,,,,,,,,,,,,,,,,,,,,,,,,,,,,,,,,,,,,,,,,,,,,,,,,,,,,,,,,,,,,,,,,,,,,,,,,,,,,,,,,,,,,,,,,,,,,,,,,,,,,,,,,,,,,,,,,
1394,QLWT,POSITION,POS_DS-GASLIFT_ANN_W01,,,,(M3/S),Volumetric flow rate water film,,,,,,,,,,,,,,,,,,,,,,,,,,,,,,,,,,,,,,,,,,,,,,,,,,,,,,,,,,,,,,,,,,,,,,,,,,,,,,,,,,,,,,,,,,,,,,,,,,,,,,,,,,,,,,,,,,,,,,,,,,,,,,,,,,,,,,,,,,,,,,,,,
1395,QLWT,POSITION,POS_BOTTOMHOLE_ANN_W01,,,,(M3/S),Volumetric flow rate water film,,,,,,,,,,,,,,,,,,,,,,,,,,,,,,,,,,,,,,,,,,,,,,,,,,,,,,,,,,,,,,,,,,,,,,,,,,,,,,,,,,,,,,,,,,,,,,,,,,,,,,,,,,,,,,,,,,,,,,,,,,,,,,,,,,,,,,,,,,,,,,,,,
1396,DPZF,POSITION,POS_TUBINGHEAD_ANN_W01,,,,(PA/M),Frictional pressure drop gradient,,,,,,,,,,,,,,,,,,,,,,,,,,,,,,,,,,,,,,,,,,,,,,,,,,,,,,,,,,,,,,,,,,,,,,,,,,,,,,,,,,,,,,,,,,,,,,,,,,,,,,,,,,,,,,,,,,,,,,,,,,,,,,,,,,,,,,,,,,,,,,,,,
1397,DPZF,POSITION,POS_GASLIFT_ANN_W01,,,,(PA/M),Frictional pressure drop gradient,,,,,,,,,,,,,,,,,,,,,,,,,,,,,,,,,,,,,,,,,,,,,,,,,,,,,,,,,,,,,,,,,,,,,,,,,,,,,,,,,,,,,,,,,,,,,,,,,,,,,,,,,,,,,,,,,,,,,,,,,,,,,,,,,,,,,,,,,,,,,,,,,
1398,DPZF,POSITION,POS_DS-GASLIFT_ANN_W01,,,,(PA/M),Frictional pressure drop gradient,,,,,,,,,,,,,,,,,,,,,,,,,,,,,,,,,,,,,,,,,,,,,,,,,,,,,,,,,,,,,,,,,,,,,,,,,,,,,,,,,,,,,,,,,,,,,,,,,,,,,,,,,,,,,,,,,,,,,,,,,,,,,,,,,,,,,,,,,,,,,,,,,
1399,DPZF,POSITION,POS_BOTTOMHOLE_ANN_W01,,,,(PA/M),Frictional pressure drop gradient,,,,,,,,,,,,,,,,,,,,,,,,,,,,,,,,,,,,,,,,,,,,,,,,,,,,,,,,,,,,,,,,,,,,,,,,,,,,,,,,,,,,,,,,,,,,,,,,,,,,,,,,,,,,,,,,,,,,,,,,,,,,,,,,,,,,,,,,,,,,,,,,,
1400,DPZG,POSITION,POS_TUBINGHEAD_ANN_W01,,,,(PA/M),Gravitational pressure drop gradient,,,,,,,,,,,,,,,,,,,,,,,,,,,,,,,,,,,,,,,,,,,,,,,,,,,,,,,,,,,,,,,,,,,,,,,,,,,,,,,,,,,,,,,,,,,,,,,,,,,,,,,,,,,,,,,,,,,,,,,,,,,,,,,,,,,,,,,,,,,,,,,,,
1401,DPZG,POSITION,POS_GASLIFT_ANN_W01,,,,(PA/M),Gravitational pressure drop gradient,,,,,,,,,,,,,,,,,,,,,,,,,,,,,,,,,,,,,,,,,,,,,,,,,,,,,,,,,,,,,,,,,,,,,,,,,,,,,,,,,,,,,,,,,,,,,,,,,,,,,,,,,,,,,,,,,,,,,,,,,,,,,,,,,,,,,,,,,,,,,,,,,
1402,DPZG,POSITION,POS_DS-GASLIFT_ANN_W01,,,,(PA/M),Gravitational pressure drop gradient,,,,,,,,,,,,,,,,,,,,,,,,,,,,,,,,,,,,,,,,,,,,,,,,,,,,,,,,,,,,,,,,,,,,,,,,,,,,,,,,,,,,,,,,,,,,,,,,,,,,,,,,,,,,,,,,,,,,,,,,,,,,,,,,,,,,,,,,,,,,,,,,,
1403,DPZG,POSITION,POS_BOTTOMHOLE_ANN_W01,,,,(PA/M),Gravitational pressure drop gradient,,,,,,,,,,,,,,,,,,,,,,,,,,,,,,,,,,,,,,,,,,,,,,,,,,,,,,,,,,,,,,,,,,,,,,,,,,,,,,,,,,,,,,,,,,,,,,,,,,,,,,,,,,,,,,,,,,,,,,,,,,,,,,,,,,,,,,,,,,,,,,,,,
1404,DTHYD,POSITION,POS_TUBINGHEAD_ANN_W01,,,,(C),Difference between hydrate and section temperature,,,,,,,,,,,,,,,,,,,,,,,,,,,,,,,,,,,,,,,,,,,,,,,,,,,,,,,,,,,,,,,,,,,,,,,,,,,,,,,,,,,,,,,,,,,,,,,,,,,,,,,,,,,,,,,,,,,,,,,,,,,,,,,,,,,,,,,,,,,,,,,,,
1405,DTHYD,POSITION,POS_GASLIFT_ANN_W01,,,,(C),Difference between hydrate and section temperature,,,,,,,,,,,,,,,,,,,,,,,,,,,,,,,,,,,,,,,,,,,,,,,,,,,,,,,,,,,,,,,,,,,,,,,,,,,,,,,,,,,,,,,,,,,,,,,,,,,,,,,,,,,,,,,,,,,,,,,,,,,,,,,,,,,,,,,,,,,,,,,,,
1406,DTHYD,POSITION,POS_DS-GASLIFT_ANN_W01,,,,(C),Difference between hydrate and section temperature,,,,,,,,,,,,,,,,,,,,,,,,,,,,,,,,,,,,,,,,,,,,,,,,,,,,,,,,,,,,,,,,,,,,,,,,,,,,,,,,,,,,,,,,,,,,,,,,,,,,,,,,,,,,,,,,,,,,,,,,,,,,,,,,,,,,,,,,,,,,,,,,,
1407,DTHYD,POSITION,POS_BOTTOMHOLE_ANN_W01,,,,(C),Difference between hydrate and section temperature,,,,,,,,,,,,,,,,,,,,,,,,,,,,,,,,,,,,,,,,,,,,,,,,,,,,,,,,,,,,,,,,,,,,,,,,,,,,,,,,,,,,,,,,,,,,,,,,,,,,,,,,,,,,,,,,,,,,,,,,,,,,,,,,,,,,,,,,,,,,,,,,,
1408,HOL,POSITION,POS_TUBINGHEAD_ANN_W01,,,,(-),Holdup (liquid volume fraction including solids),,,,,,,,,,,,,,,,,,,,,,,,,,,,,,,,,,,,,,,,,,,,,,,,,,,,,,,,,,,,,,,,,,,,,,,,,,,,,,,,,,,,,,,,,,,,,,,,,,,,,,,,,,,,,,,,,,,,,,,,,,,,,,,,,,,,,,,,,,,,,,,,,
1409,HOL,POSITION,POS_GASLIFT_ANN_W01,,,,(-),Holdup (liquid volume fraction including solids),,,,,,,,,,,,,,,,,,,,,,,,,,,,,,,,,,,,,,,,,,,,,,,,,,,,,,,,,,,,,,,,,,,,,,,,,,,,,,,,,,,,,,,,,,,,,,,,,,,,,,,,,,,,,,,,,,,,,,,,,,,,,,,,,,,,,,,,,,,,,,,,,
1410,HOL,POSITION,POS_DS-GASLIFT_ANN_W01,,,,(-),Holdup (liquid volume fraction including solids),,,,,,,,,,,,,,,,,,,,,,,,,,,,,,,,,,,,,,,,,,,,,,,,,,,,,,,,,,,,,,,,,,,,,,,,,,,,,,,,,,,,,,,,,,,,,,,,,,,,,,,,,,,,,,,,,,,,,,,,,,,,,,,,,,,,,,,,,,,,,,,,,
1411,HOL,POSITION,POS_BOTTOMHOLE_ANN_W01,,,,(-),Holdup (liquid volume fraction including solids),,,,,,,,,,,,,,,,,,,,,,,,,,,,,,,,,,,,,,,,,,,,,,,,,,,,,,,,,,,,,,,,,,,,,,,,,,,,,,,,,,,,,,,,,,,,,,,,,,,,,,,,,,,,,,,,,,,,,,,,,,,,,,,,,,,,,,,,,,,,,,,,,
1412,PT,POSITION,POS_TUBINGHEAD_ANN_W01,,,,(PA),Pressure,,,,,,,,,,,,,,,,,,,,,,,,,,,,,,,,,,,,,,,,,,,,,,,,,,,,,,,,,,,,,,,,,,,,,,,,,,,,,,,,,,,,,,,,,,,,,,,,,,,,,,,,,,,,,,,,,,,,,,,,,,,,,,,,,,,,,,,,,,,,,,,,,
1413,PT,POSITION,POS_GASLIFT_ANN_W01,,,,(PA),Pressure,,,,,,,,,,,,,,,,,,,,,,,,,,,,,,,,,,,,,,,,,,,,,,,,,,,,,,,,,,,,,,,,,,,,,,,,,,,,,,,,,,,,,,,,,,,,,,,,,,,,,,,,,,,,,,,,,,,,,,,,,,,,,,,,,,,,,,,,,,,,,,,,,
1414,PT,POSITION,POS_DS-GASLIFT_ANN_W01,,,,(PA),Pressure,,,,,,,,,,,,,,,,,,,,,,,,,,,,,,,,,,,,,,,,,,,,,,,,,,,,,,,,,,,,,,,,,,,,,,,,,,,,,,,,,,,,,,,,,,,,,,,,,,,,,,,,,,,,,,,,,,,,,,,,,,,,,,,,,,,,,,,,,,,,,,,,,
1415,PT,POSITION,POS_BOTTOMHOLE_ANN_W01,,,,(PA),Pressure,,,,,,,,,,,,,,,,,,,,,,,,,,,,,,,,,,,,,,,,,,,,,,,,,,,,,,,,,,,,,,,,,,,,,,,,,,,,,,,,,,,,,,,,,,,,,,,,,,,,,,,,,,,,,,,,,,,,,,,,,,,,,,,,,,,,,,,,,,,,,,,,,
1416,TM,POSITION,POS_TUBINGHEAD_ANN_W01,,,,(C),Fluid temperature,,,,,,,,,,,,,,,,,,,,,,,,,,,,,,,,,,,,,,,,,,,,,,,,,,,,,,,,,,,,,,,,,,,,,,,,,,,,,,,,,,,,,,,,,,,,,,,,,,,,,,,,,,,,,,,,,,,,,,,,,,,,,,,,,,,,,,,,,,,,,,,,,
1417,TM,POSITION,POS_GASLIFT_ANN_W01,,,,(C),Fluid temperature,,,,,,,,,,,,,,,,,,,,,,,,,,,,,,,,,,,,,,,,,,,,,,,,,,,,,,,,,,,,,,,,,,,,,,,,,,,,,,,,,,,,,,,,,,,,,,,,,,,,,,,,,,,,,,,,,,,,,,,,,,,,,,,,,,,,,,,,,,,,,,,,,
1418,TM,POSITION,POS_DS-GASLIFT_ANN_W01,,,,(C),Fluid temperature,,,,,,,,,,,,,,,,,,,,,,,,,,,,,,,,,,,,,,,,,,,,,,,,,,,,,,,,,,,,,,,,,,,,,,,,,,,,,,,,,,,,,,,,,,,,,,,,,,,,,,,,,,,,,,,,,,,,,,,,,,,,,,,,,,,,,,,,,,,,,,,,,
1419,TM,POSITION,POS_BOTTOMHOLE_ANN_W01,,,,(C),Fluid temperature,,,,,,,,,,,,,,,,,,,,,,,,,,,,,,,,,,,,,,,,,,,,,,,,,,,,,,,,,,,,,,,,,,,,,,,,,,,,,,,,,,,,,,,,,,,,,,,,,,,,,,,,,,,,,,,,,,,,,,,,,,,,,,,,,,,,,,,,,,,,,,,,,
1420,TMMIN,POSITION,POS_TUBINGHEAD_ANN_W01,,,,(C),Minimum Fluid temperature,,,,,,,,,,,,,,,,,,,,,,,,,,,,,,,,,,,,,,,,,,,,,,,,,,,,,,,,,,,,,,,,,,,,,,,,,,,,,,,,,,,,,,,,,,,,,,,,,,,,,,,,,,,,,,,,,,,,,,,,,,,,,,,,,,,,,,,,,,,,,,,,,
1421,TMMIN,POSITION,POS_GASLIFT_ANN_W01,,,,(C),Minimum Fluid temperature,,,,,,,,,,,,,,,,,,,,,,,,,,,,,,,,,,,,,,,,,,,,,,,,,,,,,,,,,,,,,,,,,,,,,,,,,,,,,,,,,,,,,,,,,,,,,,,,,,,,,,,,,,,,,,,,,,,,,,,,,,,,,,,,,,,,,,,,,,,,,,,,,
1422,TMMIN,POSITION,POS_DS-GASLIFT_ANN_W01,,,,(C),Minimum Fluid temperature,,,,,,,,,,,,,,,,,,,,,,,,,,,,,,,,,,,,,,,,,,,,,,,,,,,,,,,,,,,,,,,,,,,,,,,,,,,,,,,,,,,,,,,,,,,,,,,,,,,,,,,,,,,,,,,,,,,,,,,,,,,,,,,,,,,,,,,,,,,,,,,,,
1423,TMMIN,POSITION,POS_BOTTOMHOLE_ANN_W01,,,,(C),Minimum Fluid temperature,,,,,,,,,,,,,,,,,,,,,,,,,,,,,,,,,,,,,,,,,,,,,,,,,,,,,,,,,,,,,,,,,,,,,,,,,,,,,,,,,,,,,,,,,,,,,,,,,,,,,,,,,,,,,,,,,,,,,,,,,,,,,,,,,,,,,,,,,,,,,,,,,
1438,ACCLIQ,POSITION,POS_BOTTOMHOLE_TUB_W01,,,,(M3),Accumulated liquid volume flow,,,,,,,,,,,,,,,,,,,,,,,,,,,,,,,,,,,,,,,,,,,,,,,,,,,,,,,,,,,,,,,,,,,,,,,,,,,,,,,,,,,,,,,,,,,,,,,,,,,,,,,,,,,,,,,,,,,,,,,,,,,,,,,,,,,,,,,,,,,,,,,,,
1439,ACCLIQ,POSITION,POS_DS-BOTTOMHOLE_TUB_W01,,,,(M3),Accumulated liquid volume flow,,,,,,,,,,,,,,,,,,,,,,,,,,,,,,,,,,,,,,,,,,,,,,,,,,,,,,,,,,,,,,,,,,,,,,,,,,,,,,,,,,,,,,,,,,,,,,,,,,,,,,,,,,,,,,,,,,,,,,,,,,,,,,,,,,,,,,,,,,,,,,,,,
1440,ACCLIQ,POSITION,POS_GASLIFT_TUB_W01,,,,(M3),Accumulated liquid volume flow,,,,,,,,,,,,,,,,,,,,,,,,,,,,,,,,,,,,,,,,,,,,,,,,,,,,,,,,,,,,,,,,,,,,,,,,,,,,,,,,,,,,,,,,,,,,,,,,,,,,,,,,,,,,,,,,,,,,,,,,,,,,,,,,,,,,,,,,,,,,,,,,,
1441,ACCLIQ,POSITION,POS_TUBINGHEAD_TUB_W01,,,,(M3),Accumulated liquid volume flow,,,,,,,,,,,,,,,,,,,,,,,,,,,,,,,,,,,,,,,,,,,,,,,,,,,,,,,,,,,,,,,,,,,,,,,,,,,,,,,,,,,,,,,,,,,,,,,,,,,,,,,,,,,,,,,,,,,,,,,,,,,,,,,,,,,,,,,,,,,,,,,,,
1442,QLST,POSITION,POS_BOTTOMHOLE_TUB_W01,,,,(SM3/S),Liquid volume flow at standard conditions,,,,,,,,,,,,,,,,,,,,,,,,,,,,,,,,,,,,,,,,,,,,,,,,,,,,,,,,,,,,,,,,,,,,,,,,,,,,,,,,,,,,,,,,,,,,,,,,,,,,,,,,,,,,,,,,,,,,,,,,,,,,,,,,,,,,,,,,,,,,,,,,,
1443,QLST,POSITION,POS_DS-BOTTOMHOLE_TUB_W01,,,,(SM3/S),Liquid volume flow at standard conditions,,,,,,,,,,,,,,,,,,,,,,,,,,,,,,,,,,,,,,,,,,,,,,,,,,,,,,,,,,,,,,,,,,,,,,,,,,,,,,,,,,,,,,,,,,,,,,,,,,,,,,,,,,,,,,,,,,,,,,,,,,,,,,,,,,,,,,,,,,,,,,,,,
1444,QLST,POSITION,POS_GASLIFT_TUB_W01,,,,(SM3/S),Liquid volume flow at standard conditions,,,,,,,,,,,,,,,,,,,,,,,,,,,,,,,,,,,,,,,,,,,,,,,,,,,,,,,,,,,,,,,,,,,,,,,,,,,,,,,,,,,,,,,,,,,,,,,,,,,,,,,,,,,,,,,,,,,,,,,,,,,,,,,,,,,,,,,,,,,,,,,,,
1445,QLST,POSITION,POS_TUBINGHEAD_TUB_W01,,,,(SM3/S),Liquid volume flow at standard conditions,,,,,,,,,,,,,,,,,,,,,,,,,,,,,,,,,,,,,,,,,,,,,,,,,,,,,,,,,,,,,,,,,,,,,,,,,,,,,,,,,,,,,,,,,,,,,,,,,,,,,,,,,,,,,,,,,,,,,,,,,,,,,,,,,,,,,,,,,,,,,,,,,
1446,QGST,POSITION,POS_BOTTOMHOLE_TUB_W01,,,,(SM3/S),Gas volume flow at standard conditions,,,,,,,,,,,,,,,,,,,,,,,,,,,,,,,,,,,,,,,,,,,,,,,,,,,,,,,,,,,,,,,,,,,,,,,,,,,,,,,,,,,,,,,,,,,,,,,,,,,,,,,,,,,,,,,,,,,,,,,,,,,,,,,,,,,,,,,,,,,,,,,,,
1447,QGST,POSITION,POS_DS-BOTTOMHOLE_TUB_W01,,,,(SM3/S),Gas volume flow at standard conditions,,,,,,,,,,,,,,,,,,,,,,,,,,,,,,,,,,,,,,,,,,,,,,,,,,,,,,,,,,,,,,,,,,,,,,,,,,,,,,,,,,,,,,,,,,,,,,,,,,,,,,,,,,,,,,,,,,,,,,,,,,,,,,,,,,,,,,,,,,,,,,,,,
1448,QGST,POSITION,POS_GASLIFT_TUB_W01,,,,(SM3/S),Gas volume flow at standard conditions,,,,,,,,,,,,,,,,,,,,,,,,,,,,,,,,,,,,,,,,,,,,,,,,,,,,,,,,,,,,,,,,,,,,,,,,,,,,,,,,,,,,,,,,,,,,,,,,,,,,,,,,,,,,,,,,,,,,,,,,,,,,,,,,,,,,,,,,,,,,,,,,,
1449,QGST,POSITION,POS_TUBINGHEAD_TUB_W01,,,,(SM3/S),Gas volume flow at standard conditions,,,,,,,,,,,,,,,,,,,,,,,,,,,,,,,,,,,,,,,,,,,,,,,,,,,,,,,,,,,,,,,,,,,,,,,,,,,,,,,,,,,,,,,,,,,,,,,,,,,,,,,,,,,,,,,,,,,,,,,,,,,,,,,,,,,,,,,,,,,,,,,,,
1450,QOST,POSITION,POS_BOTTOMHOLE_TUB_W01,,,,(SM3/S),Oil volume flow at standard conditions,,,,,,,,,,,,,,,,,,,,,,,,,,,,,,,,,,,,,,,,,,,,,,,,,,,,,,,,,,,,,,,,,,,,,,,,,,,,,,,,,,,,,,,,,,,,,,,,,,,,,,,,,,,,,,,,,,,,,,,,,,,,,,,,,,,,,,,,,,,,,,,,,
1451,QOST,POSITION,POS_DS-BOTTOMHOLE_TUB_W01,,,,(SM3/S),Oil volume flow at standard conditions,,,,,,,,,,,,,,,,,,,,,,,,,,,,,,,,,,,,,,,,,,,,,,,,,,,,,,,,,,,,,,,,,,,,,,,,,,,,,,,,,,,,,,,,,,,,,,,,,,,,,,,,,,,,,,,,,,,,,,,,,,,,,,,,,,,,,,,,,,,,,,,,,
1452,QOST,POSITION,POS_GASLIFT_TUB_W01,,,,(SM3/S),Oil volume flow at standard conditions,,,,,,,,,,,,,,,,,,,,,,,,,,,,,,,,,,,,,,,,,,,,,,,,,,,,,,,,,,,,,,,,,,,,,,,,,,,,,,,,,,,,,,,,,,,,,,,,,,,,,,,,,,,,,,,,,,,,,,,,,,,,,,,,,,,,,,,,,,,,,,,,,
1453,QOST,POSITION,POS_TUBINGHEAD_TUB_W01,,,,(SM3/S),Oil volume flow at standard conditions,,,,,,,,,,,,,,,,,,,,,,,,,,,,,,,,,,,,,,,,,,,,,,,,,,,,,,,,,,,,,,,,,,,,,,,,,,,,,,,,,,,,,,,,,,,,,,,,,,,,,,,,,,,,,,,,,,,,,,,,,,,,,,,,,,,,,,,,,,,,,,,,,
1454,QWST,POSITION,POS_BOTTOMHOLE_TUB_W01,,,,(SM3/S),Water volume flow at standard conditions,,,,,,,,,,,,,,,,,,,,,,,,,,,,,,,,,,,,,,,,,,,,,,,,,,,,,,,,,,,,,,,,,,,,,,,,,,,,,,,,,,,,,,,,,,,,,,,,,,,,,,,,,,,,,,,,,,,,,,,,,,,,,,,,,,,,,,,,,,,,,,,,,
1455,QWST,POSITION,POS_DS-BOTTOMHOLE_TUB_W01,,,,(SM3/S),Water volume flow at standard conditions,,,,,,,,,,,,,,,,,,,,,,,,,,,,,,,,,,,,,,,,,,,,,,,,,,,,,,,,,,,,,,,,,,,,,,,,,,,,,,,,,,,,,,,,,,,,,,,,,,,,,,,,,,,,,,,,,,,,,,,,,,,,,,,,,,,,,,,,,,,,,,,,,
1456,QWST,POSITION,POS_GASLIFT_TUB_W01,,,,(SM3/S),Water volume flow at standard conditions,,,,,,,,,,,,,,,,,,,,,,,,,,,,,,,,,,,,,,,,,,,,,,,,,,,,,,,,,,,,,,,,,,,,,,,,,,,,,,,,,,,,,,,,,,,,,,,,,,,,,,,,,,,,,,,,,,,,,,,,,,,,,,,,,,,,,,,,,,,,,,,,,
1457,QWST,POSITION,POS_TUBINGHEAD_TUB_W01,,,,(SM3/S),Water volume flow at standard conditions,,,,,,,,,,,,,,,,,,,,,,,,,,,,,,,,,,,,,,,,,,,,,,,,,,,,,,,,,,,,,,,,,,,,,,,,,,,,,,,,,,,,,,,,,,,,,,,,,,,,,,,,,,,,,,,,,,,,,,,,,,,,,,,,,,,,,,,,,,,,,,,,,
1458,QWTST,POSITION,POS_BOTTOMHOLE_TUB_W01,,,,(SM3/S),Total water (liquid and vapour) volume flow at standard conditions,,,,,,,,,,,,,,,,,,,,,,,,,,,,,,,,,,,,,,,,,,,,,,,,,,,,,,,,,,,,,,,,,,,,,,,,,,,,,,,,,,,,,,,,,,,,,,,,,,,,,,,,,,,,,,,,,,,,,,,,,,,,,,,,,,,,,,,,,,,,,,,,,
1459,QWTST,POSITION,POS_DS-BOTTOMHOLE_TUB_W01,,,,(SM3/S),Total water (liquid and vapour) volume flow at standard conditions,,,,,,,,,,,,,,,,,,,,,,,,,,,,,,,,,,,,,,,,,,,,,,,,,,,,,,,,,,,,,,,,,,,,,,,,,,,,,,,,,,,,,,,,,,,,,,,,,,,,,,,,,,,,,,,,,,,,,,,,,,,,,,,,,,,,,,,,,,,,,,,,,
1460,QWTST,POSITION,POS_GASLIFT_TUB_W01,,,,(SM3/S),Total water (liquid and vapour) volume flow at standard conditions,,,,,,,,,,,,,,,,,,,,,,,,,,,,,,,,,,,,,,,,,,,,,,,,,,,,,,,,,,,,,,,,,,,,,,,,,,,,,,,,,,,,,,,,,,,,,,,,,,,,,,,,,,,,,,,,,,,,,,,,,,,,,,,,,,,,,,,,,,,,,,,,,
1461,QWTST,POSITION,POS_TUBINGHEAD_TUB_W01,,,,(SM3/S),Total water (liquid and vapour) volume flow at standard conditions,,,,,,,,,,,,,,,,,,,,,,,,,,,,,,,,,,,,,,,,,,,,,,,,,,,,,,,,,,,,,,,,,,,,,,,,,,,,,,,,,,,,,,,,,,,,,,,,,,,,,,,,,,,,,,,,,,,,,,,,,,,,,,,,,,,,,,,,,,,,,,,,,
1462,GG,POSITION,POS_BOTTOMHOLE_TUB_W01,,,,(KG/S),Gas mass flow,,,,,,,,,,,,,,,,,,,,,,,,,,,,,,,,,,,,,,,,,,,,,,,,,,,,,,,,,,,,,,,,,,,,,,,,,,,,,,,,,,,,,,,,,,,,,,,,,,,,,,,,,,,,,,,,,,,,,,,,,,,,,,,,,,,,,,,,,,,,,,,,,
1463,GG,POSITION,POS_DS-BOTTOMHOLE_TUB_W01,,,,(KG/S),Gas mass flow,,,,,,,,,,,,,,,,,,,,,,,,,,,,,,,,,,,,,,,,,,,,,,,,,,,,,,,,,,,,,,,,,,,,,,,,,,,,,,,,,,,,,,,,,,,,,,,,,,,,,,,,,,,,,,,,,,,,,,,,,,,,,,,,,,,,,,,,,,,,,,,,,
1464,GG,POSITION,POS_GASLIFT_TUB_W01,,,,(KG/S),Gas mass flow,,,,,,,,,,,,,,,,,,,,,,,,,,,,,,,,,,,,,,,,,,,,,,,,,,,,,,,,,,,,,,,,,,,,,,,,,,,,,,,,,,,,,,,,,,,,,,,,,,,,,,,,,,,,,,,,,,,,,,,,,,,,,,,,,,,,,,,,,,,,,,,,,
1465,GG,POSITION,POS_TUBINGHEAD_TUB_W01,,,,(KG/S),Gas mass flow,,,,,,,,,,,,,,,,,,,,,,,,,,,,,,,,,,,,,,,,,,,,,,,,,,,,,,,,,,,,,,,,,,,,,,,,,,,,,,,,,,,,,,,,,,,,,,,,,,,,,,,,,,,,,,,,,,,,,,,,,,,,,,,,,,,,,,,,,,,,,,,,,
1466,GL,POSITION,POS_BOTTOMHOLE_TUB_W01,,,,(KG/S),Liquid bulk mass flow,,,,,,,,,,,,,,,,,,,,,,,,,,,,,,,,,,,,,,,,,,,,,,,,,,,,,,,,,,,,,,,,,,,,,,,,,,,,,,,,,,,,,,,,,,,,,,,,,,,,,,,,,,,,,,,,,,,,,,,,,,,,,,,,,,,,,,,,,,,,,,,,,
1467,GL,POSITION,POS_DS-BOTTOMHOLE_TUB_W01,,,,(KG/S),Liquid bulk mass flow,,,,,,,,,,,,,,,,,,,,,,,,,,,,,,,,,,,,,,,,,,,,,,,,,,,,,,,,,,,,,,,,,,,,,,,,,,,,,,,,,,,,,,,,,,,,,,,,,,,,,,,,,,,,,,,,,,,,,,,,,,,,,,,,,,,,,,,,,,,,,,,,,
1468,GL,POSITION,POS_GASLIFT_TUB_W01,,,,(KG/S),Liquid bulk mass flow,,,,,,,,,,,,,,,,,,,,,,,,,,,,,,,,,,,,,,,,,,,,,,,,,,,,,,,,,,,,,,,,,,,,,,,,,,,,,,,,,,,,,,,,,,,,,,,,,,,,,,,,,,,,,,,,,,,,,,,,,,,,,,,,,,,,,,,,,,,,,,,,,
1469,GL,POSITION,POS_TUBINGHEAD_TUB_W01,,,,(KG/S),Liquid bulk mass flow,,,,,,,,,,,,,,,,,,,,,,,,,,,,,,,,,,,,,,,,,,,,,,,,,,,,,,,,,,,,,,,,,,,,,,,,,,,,,,,,,,,,,,,,,,,,,,,,,,,,,,,,,,,,,,,,,,,,,,,,,,,,,,,,,,,,,,,,,,,,,,,,,
1470,GLHL,POSITION,POS_BOTTOMHOLE_TUB_W01,,,,(KG/S),Mass flow rate of oil in film,,,,,,,,,,,,,,,,,,,,,,,,,,,,,,,,,,,,,,,,,,,,,,,,,,,,,,,,,,,,,,,,,,,,,,,,,,,,,,,,,,,,,,,,,,,,,,,,,,,,,,,,,,,,,,,,,,,,,,,,,,,,,,,,,,,,,,,,,,,,,,,,,
1471,GLHL,POSITION,POS_DS-BOTTOMHOLE_TUB_W01,,,,(KG/S),Mass flow rate of oil in film,,,,,,,,,,,,,,,,,,,,,,,,,,,,,,,,,,,,,,,,,,,,,,,,,,,,,,,,,,,,,,,,,,,,,,,,,,,,,,,,,,,,,,,,,,,,,,,,,,,,,,,,,,,,,,,,,,,,,,,,,,,,,,,,,,,,,,,,,,,,,,,,,
1472,GLHL,POSITION,POS_GASLIFT_TUB_W01,,,,(KG/S),Mass flow rate of oil in film,,,,,,,,,,,,,,,,,,,,,,,,,,,,,,,,,,,,,,,,,,,,,,,,,,,,,,,,,,,,,,,,,,,,,,,,,,,,,,,,,,,,,,,,,,,,,,,,,,,,,,,,,,,,,,,,,,,,,,,,,,,,,,,,,,,,,,,,,,,,,,,,,
1473,GLHL,POSITION,POS_TUBINGHEAD_TUB_W01,,,,(KG/S),Mass flow rate of oil in film,,,,,,,,,,,,,,,,,,,,,,,,,,,,,,,,,,,,,,,,,,,,,,,,,,,,,,,,,,,,,,,,,,,,,,,,,,,,,,,,,,,,,,,,,,,,,,,,,,,,,,,,,,,,,,,,,,,,,,,,,,,,,,,,,,,,,,,,,,,,,,,,,
1474,GLT,POSITION,POS_BOTTOMHOLE_TUB_W01,,,,(KG/S),Total liquid mass flow,,,,,,,,,,,,,,,,,,,,,,,,,,,,,,,,,,,,,,,,,,,,,,,,,,,,,,,,,,,,,,,,,,,,,,,,,,,,,,,,,,,,,,,,,,,,,,,,,,,,,,,,,,,,,,,,,,,,,,,,,,,,,,,,,,,,,,,,,,,,,,,,,
1475,GLT,POSITION,POS_DS-BOTTOMHOLE_TUB_W01,,,,(KG/S),Total liquid mass flow,,,,,,,,,,,,,,,,,,,,,,,,,,,,,,,,,,,,,,,,,,,,,,,,,,,,,,,,,,,,,,,,,,,,,,,,,,,,,,,,,,,,,,,,,,,,,,,,,,,,,,,,,,,,,,,,,,,,,,,,,,,,,,,,,,,,,,,,,,,,,,,,,
1476,GLT,POSITION,POS_GASLIFT_TUB_W01,,,,(KG/S),Total liquid mass flow,,,,,,,,,,,,,,,,,,,,,,,,,,,,,,,,,,,,,,,,,,,,,,,,,,,,,,,,,,,,,,,,,,,,,,,,,,,,,,,,,,,,,,,,,,,,,,,,,,,,,,,,,,,,,,,,,,,,,,,,,,,,,,,,,,,,,,,,,,,,,,,,,
1477,GLT,POSITION,POS_TUBINGHEAD_TUB_W01,,,,(KG/S),Total liquid mass flow,,,,,,,,,,,,,,,,,,,,,,,,,,,,,,,,,,,,,,,,,,,,,,,,,,,,,,,,,,,,,,,,,,,,,,,,,,,,,,,,,,,,,,,,,,,,,,,,,,,,,,,,,,,,,,,,,,,,,,,,,,,,,,,,,,,,,,,,,,,,,,,,,
1478,GLWV,POSITION,POS_BOTTOMHOLE_TUB_W01,,,,(KG/S),Mass flow rate of water vapour,,,,,,,,,,,,,,,,,,,,,,,,,,,,,,,,,,,,,,,,,,,,,,,,,,,,,,,,,,,,,,,,,,,,,,,,,,,,,,,,,,,,,,,,,,,,,,,,,,,,,,,,,,,,,,,,,,,,,,,,,,,,,,,,,,,,,,,,,,,,,,,,,
1479,GLWV,POSITION,POS_DS-BOTTOMHOLE_TUB_W01,,,,(KG/S),Mass flow rate of water vapour,,,,,,,,,,,,,,,,,,,,,,,,,,,,,,,,,,,,,,,,,,,,,,,,,,,,,,,,,,,,,,,,,,,,,,,,,,,,,,,,,,,,,,,,,,,,,,,,,,,,,,,,,,,,,,,,,,,,,,,,,,,,,,,,,,,,,,,,,,,,,,,,,
1480,GLWV,POSITION,POS_GASLIFT_TUB_W01,,,,(KG/S),Mass flow rate of water vapour,,,,,,,,,,,,,,,,,,,,,,,,,,,,,,,,,,,,,,,,,,,,,,,,,,,,,,,,,,,,,,,,,,,,,,,,,,,,,,,,,,,,,,,,,,,,,,,,,,,,,,,,,,,,,,,,,,,,,,,,,,,,,,,,,,,,,,,,,,,,,,,,,
1481,GLWV,POSITION,POS_TUBINGHEAD_TUB_W01,,,,(KG/S),Mass flow rate of water vapour,,,,,,,,,,,,,,,,,,,,,,,,,,,,,,,,,,,,,,,,,,,,,,,,,,,,,,,,,,,,,,,,,,,,,,,,,,,,,,,,,,,,,,,,,,,,,,,,,,,,,,,,,,,,,,,,,,,,,,,,,,,,,,,,,,,,,,,,,,,,,,,,,
1482,UG,POSITION,POS_BOTTOMHOLE_TUB_W01,,,,(M/S),Gas velocity,,,,,,,,,,,,,,,,,,,,,,,,,,,,,,,,,,,,,,,,,,,,,,,,,,,,,,,,,,,,,,,,,,,,,,,,,,,,,,,,,,,,,,,,,,,,,,,,,,,,,,,,,,,,,,,,,,,,,,,,,,,,,,,,,,,,,,,,,,,,,,,,,
1483,UG,POSITION,POS_DS-BOTTOMHOLE_TUB_W01,,,,(M/S),Gas velocity,,,,,,,,,,,,,,,,,,,,,,,,,,,,,,,,,,,,,,,,,,,,,,,,,,,,,,,,,,,,,,,,,,,,,,,,,,,,,,,,,,,,,,,,,,,,,,,,,,,,,,,,,,,,,,,,,,,,,,,,,,,,,,,,,,,,,,,,,,,,,,,,,
1484,UG,POSITION,POS_GASLIFT_TUB_W01,,,,(M/S),Gas velocity,,,,,,,,,,,,,,,,,,,,,,,,,,,,,,,,,,,,,,,,,,,,,,,,,,,,,,,,,,,,,,,,,,,,,,,,,,,,,,,,,,,,,,,,,,,,,,,,,,,,,,,,,,,,,,,,,,,,,,,,,,,,,,,,,,,,,,,,,,,,,,,,,
1485,UG,POSITION,POS_TUBINGHEAD_TUB_W01,,,,(M/S),Gas velocity,,,,,,,,,,,,,,,,,,,,,,,,,,,,,,,,,,,,,,,,,,,,,,,,,,,,,,,,,,,,,,,,,,,,,,,,,,,,,,,,,,,,,,,,,,,,,,,,,,,,,,,,,,,,,,,,,,,,,,,,,,,,,,,,,,,,,,,,,,,,,,,,,
1486,UL,POSITION,POS_BOTTOMHOLE_TUB_W01,,,,(M/S),Average liquid film velocity,,,,,,,,,,,,,,,,,,,,,,,,,,,,,,,,,,,,,,,,,,,,,,,,,,,,,,,,,,,,,,,,,,,,,,,,,,,,,,,,,,,,,,,,,,,,,,,,,,,,,,,,,,,,,,,,,,,,,,,,,,,,,,,,,,,,,,,,,,,,,,,,,
1487,UL,POSITION,POS_DS-BOTTOMHOLE_TUB_W01,,,,(M/S),Average liquid film velocity,,,,,,,,,,,,,,,,,,,,,,,,,,,,,,,,,,,,,,,,,,,,,,,,,,,,,,,,,,,,,,,,,,,,,,,,,,,,,,,,,,,,,,,,,,,,,,,,,,,,,,,,,,,,,,,,,,,,,,,,,,,,,,,,,,,,,,,,,,,,,,,,,
1488,UL,POSITION,POS_GASLIFT_TUB_W01,,,,(M/S),Average liquid film velocity,,,,,,,,,,,,,,,,,,,,,,,,,,,,,,,,,,,,,,,,,,,,,,,,,,,,,,,,,,,,,,,,,,,,,,,,,,,,,,,,,,,,,,,,,,,,,,,,,,,,,,,,,,,,,,,,,,,,,,,,,,,,,,,,,,,,,,,,,,,,,,,,,
1489,UL,POSITION,POS_TUBINGHEAD_TUB_W01,,,,(M/S),Average liquid film velocity,,,,,,,,,,,,,,,,,,,,,,,,,,,,,,,,,,,,,,,,,,,,,,,,,,,,,,,,,,,,,,,,,,,,,,,,,,,,,,,,,,,,,,,,,,,,,,,,,,,,,,,,,,,,,,,,,,,,,,,,,,,,,,,,,,,,,,,,,,,,,,,,,
1490,GT,POSITION,POS_BOTTOMHOLE_TUB_W01,,,,(KG/S),Total mass flow,,,,,,,,,,,,,,,,,,,,,,,,,,,,,,,,,,,,,,,,,,,,,,,,,,,,,,,,,,,,,,,,,,,,,,,,,,,,,,,,,,,,,,,,,,,,,,,,,,,,,,,,,,,,,,,,,,,,,,,,,,,,,,,,,,,,,,,,,,,,,,,,,
1491,GT,POSITION,POS_DS-BOTTOMHOLE_TUB_W01,,,,(KG/S),Total mass flow,,,,,,,,,,,,,,,,,,,,,,,,,,,,,,,,,,,,,,,,,,,,,,,,,,,,,,,,,,,,,,,,,,,,,,,,,,,,,,,,,,,,,,,,,,,,,,,,,,,,,,,,,,,,,,,,,,,,,,,,,,,,,,,,,,,,,,,,,,,,,,,,,
1492,GT,POSITION,POS_GASLIFT_TUB_W01,,,,(KG/S),Total mass flow,,,,,,,,,,,,,,,,,,,,,,,,,,,,,,,,,,,,,,,,,,,,,,,,,,,,,,,,,,,,,,,,,,,,,,,,,,,,,,,,,,,,,,,,,,,,,,,,,,,,,,,,,,,,,,,,,,,,,,,,,,,,,,,,,,,,,,,,,,,,,,,,,
1493,GT,POSITION,POS_TUBINGHEAD_TUB_W01,,,,(KG/S),Total mass flow,,,,,,,,,,,,,,,,,,,,,,,,,,,,,,,,,,,,,,,,,,,,,,,,,,,,,,,,,,,,,,,,,,,,,,,,,,,,,,,,,,,,,,,,,,,,,,,,,,,,,,,,,,,,,,,,,,,,,,,,,,,,,,,,,,,,,,,,,,,,,,,,,
1494,GLTWT,POSITION,POS_BOTTOMHOLE_TUB_W01,,,,(KG/S),Mass flow rate of water excluding vapour,,,,,,,,,,,,,,,,,,,,,,,,,,,,,,,,,,,,,,,,,,,,,,,,,,,,,,,,,,,,,,,,,,,,,,,,,,,,,,,,,,,,,,,,,,,,,,,,,,,,,,,,,,,,,,,,,,,,,,,,,,,,,,,,,,,,,,,,,,,,,,,,,
1495,GLTWT,POSITION,POS_DS-BOTTOMHOLE_TUB_W01,,,,(KG/S),Mass flow rate of water excluding vapour,,,,,,,,,,,,,,,,,,,,,,,,,,,,,,,,,,,,,,,,,,,,,,,,,,,,,,,,,,,,,,,,,,,,,,,,,,,,,,,,,,,,,,,,,,,,,,,,,,,,,,,,,,,,,,,,,,,,,,,,,,,,,,,,,,,,,,,,,,,,,,,,,
1496,GLTWT,POSITION,POS_GASLIFT_TUB_W01,,,,(KG/S),Mass flow rate of water excluding vapour,,,,,,,,,,,,,,,,,,,,,,,,,,,,,,,,,,,,,,,,,,,,,,,,,,,,,,,,,,,,,,,,,,,,,,,,,,,,,,,,,,,,,,,,,,,,,,,,,,,,,,,,,,,,,,,,,,,,,,,,,,,,,,,,,,,,,,,,,,,,,,,,,
1497,GLTWT,POSITION,POS_TUBINGHEAD_TUB_W01,,,,(KG/S),Mass flow rate of water excluding vapour,,,,,,,,,,,,,,,,,,,,,,,,,,,,,,,,,,,,,,,,,,,,,,,,,,,,,,,,,,,,,,,,,,,,,,,,,,,,,,,,,,,,,,,,,,,,,,,,,,,,,,,,,,,,,,,,,,,,,,,,,,,,,,,,,,,,,,,,,,,,,,,,,
1498,GLRST,POSITION,POS_BOTTOMHOLE_TUB_W01,,,,(SM3/SM3),Gas/liquid ratio at standard conditions,,,,,,,,,,,,,,,,,,,,,,,,,,,,,,,,,,,,,,,,,,,,,,,,,,,,,,,,,,,,,,,,,,,,,,,,,,,,,,,,,,,,,,,,,,,,,,,,,,,,,,,,,,,,,,,,,,,,,,,,,,,,,,,,,,,,,,,,,,,,,,,,,
1499,GLRST,POSITION,POS_DS-BOTTOMHOLE_TUB_W01,,,,(SM3/SM3),Gas/liquid ratio at standard conditions,,,,,,,,,,,,,,,,,,,,,,,,,,,,,,,,,,,,,,,,,,,,,,,,,,,,,,,,,,,,,,,,,,,,,,,,,,,,,,,,,,,,,,,,,,,,,,,,,,,,,,,,,,,,,,,,,,,,,,,,,,,,,,,,,,,,,,,,,,,,,,,,,
1500,GLRST,POSITION,POS_GASLIFT_TUB_W01,,,,(SM3/SM3),Gas/liquid ratio at standard conditions,,,,,,,,,,,,,,,,,,,,,,,,,,,,,,,,,,,,,,,,,,,,,,,,,,,,,,,,,,,,,,,,,,,,,,,,,,,,,,,,,,,,,,,,,,,,,,,,,,,,,,,,,,,,,,,,,,,,,,,,,,,,,,,,,,,,,,,,,,,,,,,,,
1501,GLRST,POSITION,POS_TUBINGHEAD_TUB_W01,,,,(SM3/SM3),Gas/liquid ratio at standard conditions,,,,,,,,,,,,,,,,,,,,,,,,,,,,,,,,,,,,,,,,,,,,,,,,,,,,,,,,,,,,,,,,,,,,,,,,,,,,,,,,,,,,,,,,,,,,,,,,,,,,,,,,,,,,,,,,,,,,,,,,,,,,,,,,,,,,,,,,,,,,,,,,,
1502,GLTHL,POSITION,POS_BOTTOMHOLE_TUB_W01,,,,(KG/S),Mass flow rate of oil,,,,,,,,,,,,,,,,,,,,,,,,,,,,,,,,,,,,,,,,,,,,,,,,,,,,,,,,,,,,,,,,,,,,,,,,,,,,,,,,,,,,,,,,,,,,,,,,,,,,,,,,,,,,,,,,,,,,,,,,,,,,,,,,,,,,,,,,,,,,,,,,,
1503,GLTHL,POSITION,POS_DS-BOTTOMHOLE_TUB_W01,,,,(KG/S),Mass flow rate of oil,,,,,,,,,,,,,,,,,,,,,,,,,,,,,,,,,,,,,,,,,,,,,,,,,,,,,,,,,,,,,,,,,,,,,,,,,,,,,,,,,,,,,,,,,,,,,,,,,,,,,,,,,,,,,,,,,,,,,,,,,,,,,,,,,,,,,,,,,,,,,,,,,
1504,GLTHL,POSITION,POS_GASLIFT_TUB_W01,,,,(KG/S),Mass flow rate of oil,,,,,,,,,,,,,,,,,,,,,,,,,,,,,,,,,,,,,,,,,,,,,,,,,,,,,,,,,,,,,,,,,,,,,,,,,,,,,,,,,,,,,,,,,,,,,,,,,,,,,,,,,,,,,,,,,,,,,,,,,,,,,,,,,,,,,,,,,,,,,,,,,
1505,GLTHL,POSITION,POS_TUBINGHEAD_TUB_W01,,,,(KG/S),Mass flow rate of oil,,,,,,,,,,,,,,,,,,,,,,,,,,,,,,,,,,,,,,,,,,,,,,,,,,,,,,,,,,,,,,,,,,,,,,,,,,,,,,,,,,,,,,,,,,,,,,,,,,,,,,,,,,,,,,,,,,,,,,,,,,,,,,,,,,,,,,,,,,,,,,,,,
1506,GLWVT,POSITION,POS_BOTTOMHOLE_TUB_W01,,,,(KG/S),Total mass flow rate of water including Vapour,,,,,,,,,,,,,,,,,,,,,,,,,,,,,,,,,,,,,,,,,,,,,,,,,,,,,,,,,,,,,,,,,,,,,,,,,,,,,,,,,,,,,,,,,,,,,,,,,,,,,,,,,,,,,,,,,,,,,,,,,,,,,,,,,,,,,,,,,,,,,,,,,
1507,GLWVT,POSITION,POS_DS-BOTTOMHOLE_TUB_W01,,,,(KG/S),Total mass flow rate of water including Vapour,,,,,,,,,,,,,,,,,,,,,,,,,,,,,,,,,,,,,,,,,,,,,,,,,,,,,,,,,,,,,,,,,,,,,,,,,,,,,,,,,,,,,,,,,,,,,,,,,,,,,,,,,,,,,,,,,,,,,,,,,,,,,,,,,,,,,,,,,,,,,,,,,
1508,GLWVT,POSITION,POS_GASLIFT_TUB_W01,,,,(KG/S),Total mass flow rate of water including Vapour,,,,,,,,,,,,,,,,,,,,,,,,,,,,,,,,,,,,,,,,,,,,,,,,,,,,,,,,,,,,,,,,,,,,,,,,,,,,,,,,,,,,,,,,,,,,,,,,,,,,,,,,,,,,,,,,,,,,,,,,,,,,,,,,,,,,,,,,,,,,,,,,,
1509,GLWVT,POSITION,POS_TUBINGHEAD_TUB_W01,,,,(KG/S),Total mass flow rate of water including Vapour,,,,,,,,,,,,,,,,,,,,,,,,,,,,,,,,,,,,,,,,,,,,,,,,,,,,,,,,,,,,,,,,,,,,,,,,,,,,,,,,,,,,,,,,,,,,,,,,,,,,,,,,,,,,,,,,,,,,,,,,,,,,,,,,,,,,,,,,,,,,,,,,,
1510,GORST,POSITION,POS_BOTTOMHOLE_TUB_W01,,,,(SM3/SM3),Gas/oil ratio at standard conditions,,,,,,,,,,,,,,,,,,,,,,,,,,,,,,,,,,,,,,,,,,,,,,,,,,,,,,,,,,,,,,,,,,,,,,,,,,,,,,,,,,,,,,,,,,,,,,,,,,,,,,,,,,,,,,,,,,,,,,,,,,,,,,,,,,,,,,,,,,,,,,,,,
1511,GORST,POSITION,POS_DS-BOTTOMHOLE_TUB_W01,,,,(SM3/SM3),Gas/oil ratio at standard conditions,,,,,,,,,,,,,,,,,,,,,,,,,,,,,,,,,,,,,,,,,,,,,,,,,,,,,,,,,,,,,,,,,,,,,,,,,,,,,,,,,,,,,,,,,,,,,,,,,,,,,,,,,,,,,,,,,,,,,,,,,,,,,,,,,,,,,,,,,,,,,,,,,
1512,GORST,POSITION,POS_GASLIFT_TUB_W01,,,,(SM3/SM3),Gas/oil ratio at standard conditions,,,,,,,,,,,,,,,,,,,,,,,,,,,,,,,,,,,,,,,,,,,,,,,,,,,,,,,,,,,,,,,,,,,,,,,,,,,,,,,,,,,,,,,,,,,,,,,,,,,,,,,,,,,,,,,,,,,,,,,,,,,,,,,,,,,,,,,,,,,,,,,,,
1513,GORST,POSITION,POS_TUBINGHEAD_TUB_W01,,,,(SM3/SM3),Gas/oil ratio at standard conditions,,,,,,,,,,,,,,,,,,,,,,,,,,,,,,,,,,,,,,,,,,,,,,,,,,,,,,,,,,,,,,,,,,,,,,,,,,,,,,,,,,,,,,,,,,,,,,,,,,,,,,,,,,,,,,,,,,,,,,,,,,,,,,,,,,,,,,,,,,,,,,,,,
1514,WCST,POSITION,POS_BOTTOMHOLE_TUB_W01,,,,(-),Water cut at standard conditions,,,,,,,,,,,,,,,,,,,,,,,,,,,,,,,,,,,,,,,,,,,,,,,,,,,,,,,,,,,,,,,,,,,,,,,,,,,,,,,,,,,,,,,,,,,,,,,,,,,,,,,,,,,,,,,,,,,,,,,,,,,,,,,,,,,,,,,,,,,,,,,,,
1515,WCST,POSITION,POS_DS-BOTTOMHOLE_TUB_W01,,,,(-),Water cut at standard conditions,,,,,,,,,,,,,,,,,,,,,,,,,,,,,,,,,,,,,,,,,,,,,,,,,,,,,,,,,,,,,,,,,,,,,,,,,,,,,,,,,,,,,,,,,,,,,,,,,,,,,,,,,,,,,,,,,,,,,,,,,,,,,,,,,,,,,,,,,,,,,,,,,
1516,WCST,POSITION,POS_GASLIFT_TUB_W01,,,,(-),Water cut at standard conditions,,,,,,,,,,,,,,,,,,,,,,,,,,,,,,,,,,,,,,,,,,,,,,,,,,,,,,,,,,,,,,,,,,,,,,,,,,,,,,,,,,,,,,,,,,,,,,,,,,,,,,,,,,,,,,,,,,,,,,,,,,,,,,,,,,,,,,,,,,,,,,,,,
1517,WCST,POSITION,POS_TUBINGHEAD_TUB_W01,,,,(-),Water cut at standard conditions,,,,,,,,,,,,,,,,,,,,,,,,,,,,,,,,,,,,,,,,,,,,,,,,,,,,,,,,,,,,,,,,,,,,,,,,,,,,,,,,,,,,,,,,,,,,,,,,,,,,,,,,,,,,,,,,,,,,,,,,,,,,,,,,,,,,,,,,,,,,,,,,,
1518,QG,POSITION,POS_BOTTOMHOLE_TUB_W01,,,,(M3/S),Gas volume flow,,,,,,,,,,,,,,,,,,,,,,,,,,,,,,,,,,,,,,,,,,,,,,,,,,,,,,,,,,,,,,,,,,,,,,,,,,,,,,,,,,,,,,,,,,,,,,,,,,,,,,,,,,,,,,,,,,,,,,,,,,,,,,,,,,,,,,,,,,,,,,,,,
1519,QG,POSITION,POS_DS-BOTTOMHOLE_TUB_W01,,,,(M3/S),Gas volume flow,,,,,,,,,,,,,,,,,,,,,,,,,,,,,,,,,,,,,,,,,,,,,,,,,,,,,,,,,,,,,,,,,,,,,,,,,,,,,,,,,,,,,,,,,,,,,,,,,,,,,,,,,,,,,,,,,,,,,,,,,,,,,,,,,,,,,,,,,,,,,,,,,
1520,QG,POSITION,POS_GASLIFT_TUB_W01,,,,(M3/S),Gas volume flow,,,,,,,,,,,,,,,,,,,,,,,,,,,,,,,,,,,,,,,,,,,,,,,,,,,,,,,,,,,,,,,,,,,,,,,,,,,,,,,,,,,,,,,,,,,,,,,,,,,,,,,,,,,,,,,,,,,,,,,,,,,,,,,,,,,,,,,,,,,,,,,,,
1521,QG,POSITION,POS_TUBINGHEAD_TUB_W01,,,,(M3/S),Gas volume flow,,,,,,,,,,,,,,,,,,,,,,,,,,,,,,,,,,,,,,,,,,,,,,,,,,,,,,,,,,,,,,,,,,,,,,,,,,,,,,,,,,,,,,,,,,,,,,,,,,,,,,,,,,,,,,,,,,,,,,,,,,,,,,,,,,,,,,,,,,,,,,,,,
1522,QLTWT,POSITION,POS_BOTTOMHOLE_TUB_W01,,,,(M3/S),Volumetric flow rate water,,,,,,,,,,,,,,,,,,,,,,,,,,,,,,,,,,,,,,,,,,,,,,,,,,,,,,,,,,,,,,,,,,,,,,,,,,,,,,,,,,,,,,,,,,,,,,,,,,,,,,,,,,,,,,,,,,,,,,,,,,,,,,,,,,,,,,,,,,,,,,,,,
1523,QLTWT,POSITION,POS_DS-BOTTOMHOLE_TUB_W01,,,,(M3/S),Volumetric flow rate water,,,,,,,,,,,,,,,,,,,,,,,,,,,,,,,,,,,,,,,,,,,,,,,,,,,,,,,,,,,,,,,,,,,,,,,,,,,,,,,,,,,,,,,,,,,,,,,,,,,,,,,,,,,,,,,,,,,,,,,,,,,,,,,,,,,,,,,,,,,,,,,,,
1524,QLTWT,POSITION,POS_GASLIFT_TUB_W01,,,,(M3/S),Volumetric flow rate water,,,,,,,,,,,,,,,,,,,,,,,,,,,,,,,,,,,,,,,,,,,,,,,,,,,,,,,,,,,,,,,,,,,,,,,,,,,,,,,,,,,,,,,,,,,,,,,,,,,,,,,,,,,,,,,,,,,,,,,,,,,,,,,,,,,,,,,,,,,,,,,,,
1525,QLTWT,POSITION,POS_TUBINGHEAD_TUB_W01,,,,(M3/S),Volumetric flow rate water,,,,,,,,,,,,,,,,,,,,,,,,,,,,,,,,,,,,,,,,,,,,,,,,,,,,,,,,,,,,,,,,,,,,,,,,,,,,,,,,,,,,,,,,,,,,,,,,,,,,,,,,,,,,,,,,,,,,,,,,,,,,,,,,,,,,,,,,,,,,,,,,,
1526,QLHL,POSITION,POS_BOTTOMHOLE_TUB_W01,,,,(M3/S),Volumetric flow rate oil film,,,,,,,,,,,,,,,,,,,,,,,,,,,,,,,,,,,,,,,,,,,,,,,,,,,,,,,,,,,,,,,,,,,,,,,,,,,,,,,,,,,,,,,,,,,,,,,,,,,,,,,,,,,,,,,,,,,,,,,,,,,,,,,,,,,,,,,,,,,,,,,,,
1527,QLHL,POSITION,POS_DS-BOTTOMHOLE_TUB_W01,,,,(M3/S),Volumetric flow rate oil film,,,,,,,,,,,,,,,,,,,,,,,,,,,,,,,,,,,,,,,,,,,,,,,,,,,,,,,,,,,,,,,,,,,,,,,,,,,,,,,,,,,,,,,,,,,,,,,,,,,,,,,,,,,,,,,,,,,,,,,,,,,,,,,,,,,,,,,,,,,,,,,,,
1528,QLHL,POSITION,POS_GASLIFT_TUB_W01,,,,(M3/S),Volumetric flow rate oil film,,,,,,,,,,,,,,,,,,,,,,,,,,,,,,,,,,,,,,,,,,,,,,,,,,,,,,,,,,,,,,,,,,,,,,,,,,,,,,,,,,,,,,,,,,,,,,,,,,,,,,,,,,,,,,,,,,,,,,,,,,,,,,,,,,,,,,,,,,,,,,,,,
1529,QLHL,POSITION,POS_TUBINGHEAD_TUB_W01,,,,(M3/S),Volumetric flow rate oil film,,,,,,,,,,,,,,,,,,,,,,,,,,,,,,,,,,,,,,,,,,,,,,,,,,,,,,,,,,,,,,,,,,,,,,,,,,,,,,,,,,,,,,,,,,,,,,,,,,,,,,,,,,,,,,,,,,,,,,,,,,,,,,,,,,,,,,,,,,,,,,,,,
1530,QLTHL,POSITION,POS_BOTTOMHOLE_TUB_W01,,,,(M3/S),Volumetric flow rate oil,,,,,,,,,,,,,,,,,,,,,,,,,,,,,,,,,,,,,,,,,,,,,,,,,,,,,,,,,,,,,,,,,,,,,,,,,,,,,,,,,,,,,,,,,,,,,,,,,,,,,,,,,,,,,,,,,,,,,,,,,,,,,,,,,,,,,,,,,,,,,,,,,
1531,QLTHL,POSITION,POS_DS-BOTTOMHOLE_TUB_W01,,,,(M3/S),Volumetric flow rate oil,,,,,,,,,,,,,,,,,,,,,,,,,,,,,,,,,,,,,,,,,,,,,,,,,,,,,,,,,,,,,,,,,,,,,,,,,,,,,,,,,,,,,,,,,,,,,,,,,,,,,,,,,,,,,,,,,,,,,,,,,,,,,,,,,,,,,,,,,,,,,,,,,
1532,QLTHL,POSITION,POS_GASLIFT_TUB_W01,,,,(M3/S),Volumetric flow rate oil,,,,,,,,,,,,,,,,,,,,,,,,,,,,,,,,,,,,,,,,,,,,,,,,,,,,,,,,,,,,,,,,,,,,,,,,,,,,,,,,,,,,,,,,,,,,,,,,,,,,,,,,,,,,,,,,,,,,,,,,,,,,,,,,,,,,,,,,,,,,,,,,,
1533,QLTHL,POSITION,POS_TUBINGHEAD_TUB_W01,,,,(M3/S),Volumetric flow rate oil,,,,,,,,,,,,,,,,,,,,,,,,,,,,,,,,,,,,,,,,,,,,,,,,,,,,,,,,,,,,,,,,,,,,,,,,,,,,,,,,,,,,,,,,,,,,,,,,,,,,,,,,,,,,,,,,,,,,,,,,,,,,,,,,,,,,,,,,,,,,,,,,,
1534,QLWT,POSITION,POS_BOTTOMHOLE_TUB_W01,,,,(M3/S),Volumetric flow rate water film,,,,,,,,,,,,,,,,,,,,,,,,,,,,,,,,,,,,,,,,,,,,,,,,,,,,,,,,,,,,,,,,,,,,,,,,,,,,,,,,,,,,,,,,,,,,,,,,,,,,,,,,,,,,,,,,,,,,,,,,,,,,,,,,,,,,,,,,,,,,,,,,,
1535,QLWT,POSITION,POS_DS-BOTTOMHOLE_TUB_W01,,,,(M3/S),Volumetric flow rate water film,,,,,,,,,,,,,,,,,,,,,,,,,,,,,,,,,,,,,,,,,,,,,,,,,,,,,,,,,,,,,,,,,,,,,,,,,,,,,,,,,,,,,,,,,,,,,,,,,,,,,,,,,,,,,,,,,,,,,,,,,,,,,,,,,,,,,,,,,,,,,,,,,
1536,QLWT,POSITION,POS_GASLIFT_TUB_W01,,,,(M3/S),Volumetric flow rate water film,,,,,,,,,,,,,,,,,,,,,,,,,,,,,,,,,,,,,,,,,,,,,,,,,,,,,,,,,,,,,,,,,,,,,,,,,,,,,,,,,,,,,,,,,,,,,,,,,,,,,,,,,,,,,,,,,,,,,,,,,,,,,,,,,,,,,,,,,,,,,,,,,
1537,QLWT,POSITION,POS_TUBINGHEAD_TUB_W01,,,,(M3/S),Volumetric flow rate water film,,,,,,,,,,,,,,,,,,,,,,,,,,,,,,,,,,,,,,,,,,,,,,,,,,,,,,,,,,,,,,,,,,,,,,,,,,,,,,,,,,,,,,,,,,,,,,,,,,,,,,,,,,,,,,,,,,,,,,,,,,,,,,,,,,,,,,,,,,,,,,,,,
1538,DPZF,POSITION,POS_BOTTOMHOLE_TUB_W01,,,,(PA/M),Frictional pressure drop gradient,,,,,,,,,,,,,,,,,,,,,,,,,,,,,,,,,,,,,,,,,,,,,,,,,,,,,,,,,,,,,,,,,,,,,,,,,,,,,,,,,,,,,,,,,,,,,,,,,,,,,,,,,,,,,,,,,,,,,,,,,,,,,,,,,,,,,,,,,,,,,,,,,
1539,DPZF,POSITION,POS_DS-BOTTOMHOLE_TUB_W01,,,,(PA/M),Frictional pressure drop gradient,,,,,,,,,,,,,,,,,,,,,,,,,,,,,,,,,,,,,,,,,,,,,,,,,,,,,,,,,,,,,,,,,,,,,,,,,,,,,,,,,,,,,,,,,,,,,,,,,,,,,,,,,,,,,,,,,,,,,,,,,,,,,,,,,,,,,,,,,,,,,,,,,
1540,DPZF,POSITION,POS_GASLIFT_TUB_W01,,,,(PA/M),Frictional pressure drop gradient,,,,,,,,,,,,,,,,,,,,,,,,,,,,,,,,,,,,,,,,,,,,,,,,,,,,,,,,,,,,,,,,,,,,,,,,,,,,,,,,,,,,,,,,,,,,,,,,,,,,,,,,,,,,,,,,,,,,,,,,,,,,,,,,,,,,,,,,,,,,,,,,,
1541,DPZF,POSITION,POS_TUBINGHEAD_TUB_W01,,,,(PA/M),Frictional pressure drop gradient,,,,,,,,,,,,,,,,,,,,,,,,,,,,,,,,,,,,,,,,,,,,,,,,,,,,,,,,,,,,,,,,,,,,,,,,,,,,,,,,,,,,,,,,,,,,,,,,,,,,,,,,,,,,,,,,,,,,,,,,,,,,,,,,,,,,,,,,,,,,,,,,,
1542,DPZG,POSITION,POS_BOTTOMHOLE_TUB_W01,,,,(PA/M),Gravitational pressure drop gradient,,,,,,,,,,,,,,,,,,,,,,,,,,,,,,,,,,,,,,,,,,,,,,,,,,,,,,,,,,,,,,,,,,,,,,,,,,,,,,,,,,,,,,,,,,,,,,,,,,,,,,,,,,,,,,,,,,,,,,,,,,,,,,,,,,,,,,,,,,,,,,,,,
1543,DPZG,POSITION,POS_DS-BOTTOMHOLE_TUB_W01,,,,(PA/M),Gravitational pressure drop gradient,,,,,,,,,,,,,,,,,,,,,,,,,,,,,,,,,,,,,,,,,,,,,,,,,,,,,,,,,,,,,,,,,,,,,,,,,,,,,,,,,,,,,,,,,,,,,,,,,,,,,,,,,,,,,,,,,,,,,,,,,,,,,,,,,,,,,,,,,,,,,,,,,
1544,DPZG,POSITION,POS_GASLIFT_TUB_W01,,,,(PA/M),Gravitational pressure drop gradient,,,,,,,,,,,,,,,,,,,,,,,,,,,,,,,,,,,,,,,,,,,,,,,,,,,,,,,,,,,,,,,,,,,,,,,,,,,,,,,,,,,,,,,,,,,,,,,,,,,,,,,,,,,,,,,,,,,,,,,,,,,,,,,,,,,,,,,,,,,,,,,,,
1545,DPZG,POSITION,POS_TUBINGHEAD_TUB_W01,,,,(PA/M),Gravitational pressure drop gradient,,,,,,,,,,,,,,,,,,,,,,,,,,,,,,,,,,,,,,,,,,,,,,,,,,,,,,,,,,,,,,,,,,,,,,,,,,,,,,,,,,,,,,,,,,,,,,,,,,,,,,,,,,,,,,,,,,,,,,,,,,,,,,,,,,,,,,,,,,,,,,,,,
1546,DTHYD,POSITION,POS_BOTTOMHOLE_TUB_W01,,,,(C),Difference between hydrate and section temperature,,,,,,,,,,,,,,,,,,,,,,,,,,,,,,,,,,,,,,,,,,,,,,,,,,,,,,,,,,,,,,,,,,,,,,,,,,,,,,,,,,,,,,,,,,,,,,,,,,,,,,,,,,,,,,,,,,,,,,,,,,,,,,,,,,,,,,,,,,,,,,,,,
1547,DTHYD,POSITION,POS_DS-BOTTOMHOLE_TUB_W01,,,,(C),Difference between hydrate and section temperature,,,,,,,,,,,,,,,,,,,,,,,,,,,,,,,,,,,,,,,,,,,,,,,,,,,,,,,,,,,,,,,,,,,,,,,,,,,,,,,,,,,,,,,,,,,,,,,,,,,,,,,,,,,,,,,,,,,,,,,,,,,,,,,,,,,,,,,,,,,,,,,,,
1548,DTHYD,POSITION,POS_GASLIFT_TUB_W01,,,,(C),Difference between hydrate and section temperature,,,,,,,,,,,,,,,,,,,,,,,,,,,,,,,,,,,,,,,,,,,,,,,,,,,,,,,,,,,,,,,,,,,,,,,,,,,,,,,,,,,,,,,,,,,,,,,,,,,,,,,,,,,,,,,,,,,,,,,,,,,,,,,,,,,,,,,,,,,,,,,,,
1549,DTHYD,POSITION,POS_TUBINGHEAD_TUB_W01,,,,(C),Difference between hydrate and section temperature,,,,,,,,,,,,,,,,,,,,,,,,,,,,,,,,,,,,,,,,,,,,,,,,,,,,,,,,,,,,,,,,,,,,,,,,,,,,,,,,,,,,,,,,,,,,,,,,,,,,,,,,,,,,,,,,,,,,,,,,,,,,,,,,,,,,,,,,,,,,,,,,,
1550,HOL,POSITION,POS_BOTTOMHOLE_TUB_W01,,,,(-),Holdup (liquid volume fraction including solids),,,,,,,,,,,,,,,,,,,,,,,,,,,,,,,,,,,,,,,,,,,,,,,,,,,,,,,,,,,,,,,,,,,,,,,,,,,,,,,,,,,,,,,,,,,,,,,,,,,,,,,,,,,,,,,,,,,,,,,,,,,,,,,,,,,,,,,,,,,,,,,,,
1551,HOL,POSITION,POS_DS-BOTTOMHOLE_TUB_W01,,,,(-),Holdup (liquid volume fraction including solids),,,,,,,,,,,,,,,,,,,,,,,,,,,,,,,,,,,,,,,,,,,,,,,,,,,,,,,,,,,,,,,,,,,,,,,,,,,,,,,,,,,,,,,,,,,,,,,,,,,,,,,,,,,,,,,,,,,,,,,,,,,,,,,,,,,,,,,,,,,,,,,,,
1552,HOL,POSITION,POS_GASLIFT_TUB_W01,,,,(-),Holdup (liquid volume fraction including solids),,,,,,,,,,,,,,,,,,,,,,,,,,,,,,,,,,,,,,,,,,,,,,,,,,,,,,,,,,,,,,,,,,,,,,,,,,,,,,,,,,,,,,,,,,,,,,,,,,,,,,,,,,,,,,,,,,,,,,,,,,,,,,,,,,,,,,,,,,,,,,,,,
1553,HOL,POSITION,POS_TUBINGHEAD_TUB_W01,,,,(-),Holdup (liquid volume fraction including solids),,,,,,,,,,,,,,,,,,,,,,,,,,,,,,,,,,,,,,,,,,,,,,,,,,,,,,,,,,,,,,,,,,,,,,,,,,,,,,,,,,,,,,,,,,,,,,,,,,,,,,,,,,,,,,,,,,,,,,,,,,,,,,,,,,,,,,,,,,,,,,,,,
1554,PT,POSITION,POS_BOTTOMHOLE_TUB_W01,,,,(PA),Pressure,,,,,,,,,,,,,,,,,,,,,,,,,,,,,,,,,,,,,,,,,,,,,,,,,,,,,,,,,,,,,,,,,,,,,,,,,,,,,,,,,,,,,,,,,,,,,,,,,,,,,,,,,,,,,,,,,,,,,,,,,,,,,,,,,,,,,,,,,,,,,,,,,
1555,PT,POSITION,POS_DS-BOTTOMHOLE_TUB_W01,,,,(PA),Pressure,,,,,,,,,,,,,,,,,,,,,,,,,,,,,,,,,,,,,,,,,,,,,,,,,,,,,,,,,,,,,,,,,,,,,,,,,,,,,,,,,,,,,,,,,,,,,,,,,,,,,,,,,,,,,,,,,,,,,,,,,,,,,,,,,,,,,,,,,,,,,,,,,
1556,PT,POSITION,POS_GASLIFT_TUB_W01,,,,(PA),Pressure,,,,,,,,,,,,,,,,,,,,,,,,,,,,,,,,,,,,,,,,,,,,,,,,,,,,,,,,,,,,,,,,,,,,,,,,,,,,,,,,,,,,,,,,,,,,,,,,,,,,,,,,,,,,,,,,,,,,,,,,,,,,,,,,,,,,,,,,,,,,,,,,,
1557,PT,POSITION,POS_TUBINGHEAD_TUB_W01,,,,(PA),Pressure,,,,,,,,,,,,,,,,,,,,,,,,,,,,,,,,,,,,,,,,,,,,,,,,,,,,,,,,,,,,,,,,,,,,,,,,,,,,,,,,,,,,,,,,,,,,,,,,,,,,,,,,,,,,,,,,,,,,,,,,,,,,,,,,,,,,,,,,,,,,,,,,,
1558,TM,POSITION,POS_BOTTOMHOLE_TUB_W01,,,,(C),Fluid temperature,,,,,,,,,,,,,,,,,,,,,,,,,,,,,,,,,,,,,,,,,,,,,,,,,,,,,,,,,,,,,,,,,,,,,,,,,,,,,,,,,,,,,,,,,,,,,,,,,,,,,,,,,,,,,,,,,,,,,,,,,,,,,,,,,,,,,,,,,,,,,,,,,
1559,TM,POSITION,POS_DS-BOTTOMHOLE_TUB_W01,,,,(C),Fluid temperature,,,,,,,,,,,,,,,,,,,,,,,,,,,,,,,,,,,,,,,,,,,,,,,,,,,,,,,,,,,,,,,,,,,,,,,,,,,,,,,,,,,,,,,,,,,,,,,,,,,,,,,,,,,,,,,,,,,,,,,,,,,,,,,,,,,,,,,,,,,,,,,,,
1560,TM,POSITION,POS_GASLIFT_TUB_W01,,,,(C),Fluid temperature,,,,,,,,,,,,,,,,,,,,,,,,,,,,,,,,,,,,,,,,,,,,,,,,,,,,,,,,,,,,,,,,,,,,,,,,,,,,,,,,,,,,,,,,,,,,,,,,,,,,,,,,,,,,,,,,,,,,,,,,,,,,,,,,,,,,,,,,,,,,,,,,,
1561,TM,POSITION,POS_TUBINGHEAD_TUB_W01,,,,(C),Fluid temperature,,,,,,,,,,,,,,,,,,,,,,,,,,,,,,,,,,,,,,,,,,,,,,,,,,,,,,,,,,,,,,,,,,,,,,,,,,,,,,,,,,,,,,,,,,,,,,,,,,,,,,,,,,,,,,,,,,,,,,,,,,,,,,,,,,,,,,,,,,,,,,,,,
1562,TMMIN,POSITION,POS_BOTTOMHOLE_TUB_W01,,,,(C),Minimum Fluid temperature,,,,,,,,,,,,,,,,,,,,,,,,,,,,,,,,,,,,,,,,,,,,,,,,,,,,,,,,,,,,,,,,,,,,,,,,,,,,,,,,,,,,,,,,,,,,,,,,,,,,,,,,,,,,,,,,,,,,,,,,,,,,,,,,,,,,,,,,,,,,,,,,,
1563,TMMIN,POSITION,POS_DS-BOTTOMHOLE_TUB_W01,,,,(C),Minimum Fluid temperature,,,,,,,,,,,,,,,,,,,,,,,,,,,,,,,,,,,,,,,,,,,,,,,,,,,,,,,,,,,,,,,,,,,,,,,,,,,,,,,,,,,,,,,,,,,,,,,,,,,,,,,,,,,,,,,,,,,,,,,,,,,,,,,,,,,,,,,,,,,,,,,,,
1564,TMMIN,POSITION,POS_GASLIFT_TUB_W01,,,,(C),Minimum Fluid temperature,,,,,,,,,,,,,,,,,,,,,,,,,,,,,,,,,,,,,,,,,,,,,,,,,,,,,,,,,,,,,,,,,,,,,,,,,,,,,,,,,,,,,,,,,,,,,,,,,,,,,,,,,,,,,,,,,,,,,,,,,,,,,,,,,,,,,,,,,,,,,,,,,
1565,TMMIN,POSITION,POS_TUBINGHEAD_TUB_W01,,,,(C),Minimum Fluid temperature,,,,,,,,,,,,,,,,,,,,,,,,,,,,,,,,,,,,,,,,,,,,,,,,,,,,,,,,,,,,,,,,,,,,,,,,,,,,,,,,,,,,,,,,,,,,,,,,,,,,,,,,,,,,,,,,,,,,,,,,,,,,,,,,,,,,,,,,,,,,,,,,,
1579,ACCLIQ,POSITION,POS_UPSTREAM-PCV_W01,,,,(M3),Accumulated liquid volume flow,,,,,,,,,,,,,,,,,,,,,,,,,,,,,,,,,,,,,,,,,,,,,,,,,,,,,,,,,,,,,,,,,,,,,,,,,,,,,,,,,,,,,,,,,,,,,,,,,,,,,,,,,,,,,,,,,,,,,,,,,,,,,,,,,,,,,,,,,,,,,,,,,
1580,ACCLIQ,POSITION,POS_DOWNSTREAM-PCV_W01,,,,(M3),Accumulated liquid volume flow,,,,,,,,,,,,,,,,,,,,,,,,,,,,,,,,,,,,,,,,,,,,,,,,,,,,,,,,,,,,,,,,,,,,,,,,,,,,,,,,,,,,,,,,,,,,,,,,,,,,,,,,,,,,,,,,,,,,,,,,,,,,,,,,,,,,,,,,,,,,,,,,,
1581,ACCLIQ,POSITION,POS_INLET-JUMPER_W01,,,,(M3),Accumulated liquid volume flow,,,,,,,,,,,,,,,,,,,,,,,,,,,,,,,,,,,,,,,,,,,,,,,,,,,,,,,,,,,,,,,,,,,,,,,,,,,,,,,,,,,,,,,,,,,,,,,,,,,,,,,,,,,,,,,,,,,,,,,,,,,,,,,,,,,,,,,,,,,,,,,,,
1582,ACCLIQ,POSITION,POS_OUTLET-JUMPER_W01,,,,(M3),Accumulated liquid volume flow,,,,,,,,,,,,,,,,,,,,,,,,,,,,,,,,,,,,,,,,,,,,,,,,,,,,,,,,,,,,,,,,,,,,,,,,,,,,,,,,,,,,,,,,,,,,,,,,,,,,,,,,,,,,,,,,,,,,,,,,,,,,,,,,,,,,,,,,,,,,,,,,,
1583,QLST,POSITION,POS_UPSTREAM-PCV_W01,,,,(SM3/S),Liquid volume flow at standard conditions,,,,,,,,,,,,,,,,,,,,,,,,,,,,,,,,,,,,,,,,,,,,,,,,,,,,,,,,,,,,,,,,,,,,,,,,,,,,,,,,,,,,,,,,,,,,,,,,,,,,,,,,,,,,,,,,,,,,,,,,,,,,,,,,,,,,,,,,,,,,,,,,,
1584,QLST,POSITION,POS_DOWNSTREAM-PCV_W01,,,,(SM3/S),Liquid volume flow at standard conditions,,,,,,,,,,,,,,,,,,,,,,,,,,,,,,,,,,,,,,,,,,,,,,,,,,,,,,,,,,,,,,,,,,,,,,,,,,,,,,,,,,,,,,,,,,,,,,,,,,,,,,,,,,,,,,,,,,,,,,,,,,,,,,,,,,,,,,,,,,,,,,,,,
1585,QLST,POSITION,POS_INLET-JUMPER_W01,,,,(SM3/S),Liquid volume flow at standard conditions,,,,,,,,,,,,,,,,,,,,,,,,,,,,,,,,,,,,,,,,,,,,,,,,,,,,,,,,,,,,,,,,,,,,,,,,,,,,,,,,,,,,,,,,,,,,,,,,,,,,,,,,,,,,,,,,,,,,,,,,,,,,,,,,,,,,,,,,,,,,,,,,,
1586,QLST,POSITION,POS_OUTLET-JUMPER_W01,,,,(SM3/S),Liquid volume flow at standard conditions,,,,,,,,,,,,,,,,,,,,,,,,,,,,,,,,,,,,,,,,,,,,,,,,,,,,,,,,,,,,,,,,,,,,,,,,,,,,,,,,,,,,,,,,,,,,,,,,,,,,,,,,,,,,,,,,,,,,,,,,,,,,,,,,,,,,,,,,,,,,,,,,,
1587,QGST,POSITION,POS_UPSTREAM-PCV_W01,,,,(SM3/S),Gas volume flow at standard conditions,,,,,,,,,,,,,,,,,,,,,,,,,,,,,,,,,,,,,,,,,,,,,,,,,,,,,,,,,,,,,,,,,,,,,,,,,,,,,,,,,,,,,,,,,,,,,,,,,,,,,,,,,,,,,,,,,,,,,,,,,,,,,,,,,,,,,,,,,,,,,,,,,
1588,QGST,POSITION,POS_DOWNSTREAM-PCV_W01,,,,(SM3/S),Gas volume flow at standard conditions,,,,,,,,,,,,,,,,,,,,,,,,,,,,,,,,,,,,,,,,,,,,,,,,,,,,,,,,,,,,,,,,,,,,,,,,,,,,,,,,,,,,,,,,,,,,,,,,,,,,,,,,,,,,,,,,,,,,,,,,,,,,,,,,,,,,,,,,,,,,,,,,,
1589,QGST,POSITION,POS_INLET-JUMPER_W01,,,,(SM3/S),Gas volume flow at standard conditions,,,,,,,,,,,,,,,,,,,,,,,,,,,,,,,,,,,,,,,,,,,,,,,,,,,,,,,,,,,,,,,,,,,,,,,,,,,,,,,,,,,,,,,,,,,,,,,,,,,,,,,,,,,,,,,,,,,,,,,,,,,,,,,,,,,,,,,,,,,,,,,,,
1590,QGST,POSITION,POS_OUTLET-JUMPER_W01,,,,(SM3/S),Gas volume flow at standard conditions,,,,,,,,,,,,,,,,,,,,,,,,,,,,,,,,,,,,,,,,,,,,,,,,,,,,,,,,,,,,,,,,,,,,,,,,,,,,,,,,,,,,,,,,,,,,,,,,,,,,,,,,,,,,,,,,,,,,,,,,,,,,,,,,,,,,,,,,,,,,,,,,,
1591,QOST,POSITION,POS_UPSTREAM-PCV_W01,,,,(SM3/S),Oil volume flow at standard conditions,,,,,,,,,,,,,,,,,,,,,,,,,,,,,,,,,,,,,,,,,,,,,,,,,,,,,,,,,,,,,,,,,,,,,,,,,,,,,,,,,,,,,,,,,,,,,,,,,,,,,,,,,,,,,,,,,,,,,,,,,,,,,,,,,,,,,,,,,,,,,,,,,
1592,QOST,POSITION,POS_DOWNSTREAM-PCV_W01,,,,(SM3/S),Oil volume flow at standard conditions,,,,,,,,,,,,,,,,,,,,,,,,,,,,,,,,,,,,,,,,,,,,,,,,,,,,,,,,,,,,,,,,,,,,,,,,,,,,,,,,,,,,,,,,,,,,,,,,,,,,,,,,,,,,,,,,,,,,,,,,,,,,,,,,,,,,,,,,,,,,,,,,,
1593,QOST,POSITION,POS_INLET-JUMPER_W01,,,,(SM3/S),Oil volume flow at standard conditions,,,,,,,,,,,,,,,,,,,,,,,,,,,,,,,,,,,,,,,,,,,,,,,,,,,,,,,,,,,,,,,,,,,,,,,,,,,,,,,,,,,,,,,,,,,,,,,,,,,,,,,,,,,,,,,,,,,,,,,,,,,,,,,,,,,,,,,,,,,,,,,,,
1594,QOST,POSITION,POS_OUTLET-JUMPER_W01,,,,(SM3/S),Oil volume flow at standard conditions,,,,,,,,,,,,,,,,,,,,,,,,,,,,,,,,,,,,,,,,,,,,,,,,,,,,,,,,,,,,,,,,,,,,,,,,,,,,,,,,,,,,,,,,,,,,,,,,,,,,,,,,,,,,,,,,,,,,,,,,,,,,,,,,,,,,,,,,,,,,,,,,,
1595,QWST,POSITION,POS_UPSTREAM-PCV_W01,,,,(SM3/S),Water volume flow at standard conditions,,,,,,,,,,,,,,,,,,,,,,,,,,,,,,,,,,,,,,,,,,,,,,,,,,,,,,,,,,,,,,,,,,,,,,,,,,,,,,,,,,,,,,,,,,,,,,,,,,,,,,,,,,,,,,,,,,,,,,,,,,,,,,,,,,,,,,,,,,,,,,,,,
1596,QWST,POSITION,POS_DOWNSTREAM-PCV_W01,,,,(SM3/S),Water volume flow at standard conditions,,,,,,,,,,,,,,,,,,,,,,,,,,,,,,,,,,,,,,,,,,,,,,,,,,,,,,,,,,,,,,,,,,,,,,,,,,,,,,,,,,,,,,,,,,,,,,,,,,,,,,,,,,,,,,,,,,,,,,,,,,,,,,,,,,,,,,,,,,,,,,,,,
1597,QWST,POSITION,POS_INLET-JUMPER_W01,,,,(SM3/S),Water volume flow at standard conditions,,,,,,,,,,,,,,,,,,,,,,,,,,,,,,,,,,,,,,,,,,,,,,,,,,,,,,,,,,,,,,,,,,,,,,,,,,,,,,,,,,,,,,,,,,,,,,,,,,,,,,,,,,,,,,,,,,,,,,,,,,,,,,,,,,,,,,,,,,,,,,,,,
1598,QWST,POSITION,POS_OUTLET-JUMPER_W01,,,,(SM3/S),Water volume flow at standard conditions,,,,,,,,,,,,,,,,,,,,,,,,,,,,,,,,,,,,,,,,,,,,,,,,,,,,,,,,,,,,,,,,,,,,,,,,,,,,,,,,,,,,,,,,,,,,,,,,,,,,,,,,,,,,,,,,,,,,,,,,,,,,,,,,,,,,,,,,,,,,,,,,,
1599,QWTST,POSITION,POS_UPSTREAM-PCV_W01,,,,(SM3/S),Total water (liquid and vapour) volume flow at standard conditions,,,,,,,,,,,,,,,,,,,,,,,,,,,,,,,,,,,,,,,,,,,,,,,,,,,,,,,,,,,,,,,,,,,,,,,,,,,,,,,,,,,,,,,,,,,,,,,,,,,,,,,,,,,,,,,,,,,,,,,,,,,,,,,,,,,,,,,,,,,,,,,,,
1600,QWTST,POSITION,POS_DOWNSTREAM-PCV_W01,,,,(SM3/S),Total water (liquid and vapour) volume flow at standard conditions,,,,,,,,,,,,,,,,,,,,,,,,,,,,,,,,,,,,,,,,,,,,,,,,,,,,,,,,,,,,,,,,,,,,,,,,,,,,,,,,,,,,,,,,,,,,,,,,,,,,,,,,,,,,,,,,,,,,,,,,,,,,,,,,,,,,,,,,,,,,,,,,,
1601,QWTST,POSITION,POS_INLET-JUMPER_W01,,,,(SM3/S),Total water (liquid and vapour) volume flow at standard conditions,,,,,,,,,,,,,,,,,,,,,,,,,,,,,,,,,,,,,,,,,,,,,,,,,,,,,,,,,,,,,,,,,,,,,,,,,,,,,,,,,,,,,,,,,,,,,,,,,,,,,,,,,,,,,,,,,,,,,,,,,,,,,,,,,,,,,,,,,,,,,,,,,
1602,QWTST,POSITION,POS_OUTLET-JUMPER_W01,,,,(SM3/S),Total water (liquid and vapour) volume flow at standard conditions,,,,,,,,,,,,,,,,,,,,,,,,,,,,,,,,,,,,,,,,,,,,,,,,,,,,,,,,,,,,,,,,,,,,,,,,,,,,,,,,,,,,,,,,,,,,,,,,,,,,,,,,,,,,,,,,,,,,,,,,,,,,,,,,,,,,,,,,,,,,,,,,,
1603,GG,POSITION,POS_UPSTREAM-PCV_W01,,,,(KG/S),Gas mass flow,,,,,,,,,,,,,,,,,,,,,,,,,,,,,,,,,,,,,,,,,,,,,,,,,,,,,,,,,,,,,,,,,,,,,,,,,,,,,,,,,,,,,,,,,,,,,,,,,,,,,,,,,,,,,,,,,,,,,,,,,,,,,,,,,,,,,,,,,,,,,,,,,
1604,GG,POSITION,POS_DOWNSTREAM-PCV_W01,,,,(KG/S),Gas mass flow,,,,,,,,,,,,,,,,,,,,,,,,,,,,,,,,,,,,,,,,,,,,,,,,,,,,,,,,,,,,,,,,,,,,,,,,,,,,,,,,,,,,,,,,,,,,,,,,,,,,,,,,,,,,,,,,,,,,,,,,,,,,,,,,,,,,,,,,,,,,,,,,,
1605,GG,POSITION,POS_INLET-JUMPER_W01,,,,(KG/S),Gas mass flow,,,,,,,,,,,,,,,,,,,,,,,,,,,,,,,,,,,,,,,,,,,,,,,,,,,,,,,,,,,,,,,,,,,,,,,,,,,,,,,,,,,,,,,,,,,,,,,,,,,,,,,,,,,,,,,,,,,,,,,,,,,,,,,,,,,,,,,,,,,,,,,,,
1606,GG,POSITION,POS_OUTLET-JUMPER_W01,,,,(KG/S),Gas mass flow,,,,,,,,,,,,,,,,,,,,,,,,,,,,,,,,,,,,,,,,,,,,,,,,,,,,,,,,,,,,,,,,,,,,,,,,,,,,,,,,,,,,,,,,,,,,,,,,,,,,,,,,,,,,,,,,,,,,,,,,,,,,,,,,,,,,,,,,,,,,,,,,,
1607,GL,POSITION,POS_UPSTREAM-PCV_W01,,,,(KG/S),Liquid bulk mass flow,,,,,,,,,,,,,,,,,,,,,,,,,,,,,,,,,,,,,,,,,,,,,,,,,,,,,,,,,,,,,,,,,,,,,,,,,,,,,,,,,,,,,,,,,,,,,,,,,,,,,,,,,,,,,,,,,,,,,,,,,,,,,,,,,,,,,,,,,,,,,,,,,
1608,GL,POSITION,POS_DOWNSTREAM-PCV_W01,,,,(KG/S),Liquid bulk mass flow,,,,,,,,,,,,,,,,,,,,,,,,,,,,,,,,,,,,,,,,,,,,,,,,,,,,,,,,,,,,,,,,,,,,,,,,,,,,,,,,,,,,,,,,,,,,,,,,,,,,,,,,,,,,,,,,,,,,,,,,,,,,,,,,,,,,,,,,,,,,,,,,,
1609,GL,POSITION,POS_INLET-JUMPER_W01,,,,(KG/S),Liquid bulk mass flow,,,,,,,,,,,,,,,,,,,,,,,,,,,,,,,,,,,,,,,,,,,,,,,,,,,,,,,,,,,,,,,,,,,,,,,,,,,,,,,,,,,,,,,,,,,,,,,,,,,,,,,,,,,,,,,,,,,,,,,,,,,,,,,,,,,,,,,,,,,,,,,,,
1610,GL,POSITION,POS_OUTLET-JUMPER_W01,,,,(KG/S),Liquid bulk mass flow,,,,,,,,,,,,,,,,,,,,,,,,,,,,,,,,,,,,,,,,,,,,,,,,,,,,,,,,,,,,,,,,,,,,,,,,,,,,,,,,,,,,,,,,,,,,,,,,,,,,,,,,,,,,,,,,,,,,,,,,,,,,,,,,,,,,,,,,,,,,,,,,,
1611,GLHL,POSITION,POS_UPSTREAM-PCV_W01,,,,(KG/S),Mass flow rate of oil in film,,,,,,,,,,,,,,,,,,,,,,,,,,,,,,,,,,,,,,,,,,,,,,,,,,,,,,,,,,,,,,,,,,,,,,,,,,,,,,,,,,,,,,,,,,,,,,,,,,,,,,,,,,,,,,,,,,,,,,,,,,,,,,,,,,,,,,,,,,,,,,,,,
1612,GLHL,POSITION,POS_DOWNSTREAM-PCV_W01,,,,(KG/S),Mass flow rate of oil in film,,,,,,,,,,,,,,,,,,,,,,,,,,,,,,,,,,,,,,,,,,,,,,,,,,,,,,,,,,,,,,,,,,,,,,,,,,,,,,,,,,,,,,,,,,,,,,,,,,,,,,,,,,,,,,,,,,,,,,,,,,,,,,,,,,,,,,,,,,,,,,,,,
1613,GLHL,POSITION,POS_INLET-JUMPER_W01,,,,(KG/S),Mass flow rate of oil in film,,,,,,,,,,,,,,,,,,,,,,,,,,,,,,,,,,,,,,,,,,,,,,,,,,,,,,,,,,,,,,,,,,,,,,,,,,,,,,,,,,,,,,,,,,,,,,,,,,,,,,,,,,,,,,,,,,,,,,,,,,,,,,,,,,,,,,,,,,,,,,,,,
1614,GLHL,POSITION,POS_OUTLET-JUMPER_W01,,,,(KG/S),Mass flow rate of oil in film,,,,,,,,,,,,,,,,,,,,,,,,,,,,,,,,,,,,,,,,,,,,,,,,,,,,,,,,,,,,,,,,,,,,,,,,,,,,,,,,,,,,,,,,,,,,,,,,,,,,,,,,,,,,,,,,,,,,,,,,,,,,,,,,,,,,,,,,,,,,,,,,,
1615,GLT,POSITION,POS_UPSTREAM-PCV_W01,,,,(KG/S),Total liquid mass flow,,,,,,,,,,,,,,,,,,,,,,,,,,,,,,,,,,,,,,,,,,,,,,,,,,,,,,,,,,,,,,,,,,,,,,,,,,,,,,,,,,,,,,,,,,,,,,,,,,,,,,,,,,,,,,,,,,,,,,,,,,,,,,,,,,,,,,,,,,,,,,,,,
1616,GLT,POSITION,POS_DOWNSTREAM-PCV_W01,,,,(KG/S),Total liquid mass flow,,,,,,,,,,,,,,,,,,,,,,,,,,,,,,,,,,,,,,,,,,,,,,,,,,,,,,,,,,,,,,,,,,,,,,,,,,,,,,,,,,,,,,,,,,,,,,,,,,,,,,,,,,,,,,,,,,,,,,,,,,,,,,,,,,,,,,,,,,,,,,,,,
1617,GLT,POSITION,POS_INLET-JUMPER_W01,,,,(KG/S),Total liquid mass flow,,,,,,,,,,,,,,,,,,,,,,,,,,,,,,,,,,,,,,,,,,,,,,,,,,,,,,,,,,,,,,,,,,,,,,,,,,,,,,,,,,,,,,,,,,,,,,,,,,,,,,,,,,,,,,,,,,,,,,,,,,,,,,,,,,,,,,,,,,,,,,,,,
1618,GLT,POSITION,POS_OUTLET-JUMPER_W01,,,,(KG/S),Total liquid mass flow,,,,,,,,,,,,,,,,,,,,,,,,,,,,,,,,,,,,,,,,,,,,,,,,,,,,,,,,,,,,,,,,,,,,,,,,,,,,,,,,,,,,,,,,,,,,,,,,,,,,,,,,,,,,,,,,,,,,,,,,,,,,,,,,,,,,,,,,,,,,,,,,,
1619,GLWV,POSITION,POS_UPSTREAM-PCV_W01,,,,(KG/S),Mass flow rate of water vapour,,,,,,,,,,,,,,,,,,,,,,,,,,,,,,,,,,,,,,,,,,,,,,,,,,,,,,,,,,,,,,,,,,,,,,,,,,,,,,,,,,,,,,,,,,,,,,,,,,,,,,,,,,,,,,,,,,,,,,,,,,,,,,,,,,,,,,,,,,,,,,,,,
1620,GLWV,POSITION,POS_DOWNSTREAM-PCV_W01,,,,(KG/S),Mass flow rate of water vapour,,,,,,,,,,,,,,,,,,,,,,,,,,,,,,,,,,,,,,,,,,,,,,,,,,,,,,,,,,,,,,,,,,,,,,,,,,,,,,,,,,,,,,,,,,,,,,,,,,,,,,,,,,,,,,,,,,,,,,,,,,,,,,,,,,,,,,,,,,,,,,,,,
1621,GLWV,POSITION,POS_INLET-JUMPER_W01,,,,(KG/S),Mass flow rate of water vapour,,,,,,,,,,,,,,,,,,,,,,,,,,,,,,,,,,,,,,,,,,,,,,,,,,,,,,,,,,,,,,,,,,,,,,,,,,,,,,,,,,,,,,,,,,,,,,,,,,,,,,,,,,,,,,,,,,,,,,,,,,,,,,,,,,,,,,,,,,,,,,,,,
1622,GLWV,POSITION,POS_OUTLET-JUMPER_W01,,,,(KG/S),Mass flow rate of water vapour,,,,,,,,,,,,,,,,,,,,,,,,,,,,,,,,,,,,,,,,,,,,,,,,,,,,,,,,,,,,,,,,,,,,,,,,,,,,,,,,,,,,,,,,,,,,,,,,,,,,,,,,,,,,,,,,,,,,,,,,,,,,,,,,,,,,,,,,,,,,,,,,,
1623,UG,POSITION,POS_UPSTREAM-PCV_W01,,,,(M/S),Gas velocity,,,,,,,,,,,,,,,,,,,,,,,,,,,,,,,,,,,,,,,,,,,,,,,,,,,,,,,,,,,,,,,,,,,,,,,,,,,,,,,,,,,,,,,,,,,,,,,,,,,,,,,,,,,,,,,,,,,,,,,,,,,,,,,,,,,,,,,,,,,,,,,,,
1624,UG,POSITION,POS_DOWNSTREAM-PCV_W01,,,,(M/S),Gas velocity,,,,,,,,,,,,,,,,,,,,,,,,,,,,,,,,,,,,,,,,,,,,,,,,,,,,,,,,,,,,,,,,,,,,,,,,,,,,,,,,,,,,,,,,,,,,,,,,,,,,,,,,,,,,,,,,,,,,,,,,,,,,,,,,,,,,,,,,,,,,,,,,,
1625,UG,POSITION,POS_INLET-JUMPER_W01,,,,(M/S),Gas velocity,,,,,,,,,,,,,,,,,,,,,,,,,,,,,,,,,,,,,,,,,,,,,,,,,,,,,,,,,,,,,,,,,,,,,,,,,,,,,,,,,,,,,,,,,,,,,,,,,,,,,,,,,,,,,,,,,,,,,,,,,,,,,,,,,,,,,,,,,,,,,,,,,
1626,UG,POSITION,POS_OUTLET-JUMPER_W01,,,,(M/S),Gas velocity,,,,,,,,,,,,,,,,,,,,,,,,,,,,,,,,,,,,,,,,,,,,,,,,,,,,,,,,,,,,,,,,,,,,,,,,,,,,,,,,,,,,,,,,,,,,,,,,,,,,,,,,,,,,,,,,,,,,,,,,,,,,,,,,,,,,,,,,,,,,,,,,,
1627,UL,POSITION,POS_UPSTREAM-PCV_W01,,,,(M/S),Average liquid film velocity,,,,,,,,,,,,,,,,,,,,,,,,,,,,,,,,,,,,,,,,,,,,,,,,,,,,,,,,,,,,,,,,,,,,,,,,,,,,,,,,,,,,,,,,,,,,,,,,,,,,,,,,,,,,,,,,,,,,,,,,,,,,,,,,,,,,,,,,,,,,,,,,,
1628,UL,POSITION,POS_DOWNSTREAM-PCV_W01,,,,(M/S),Average liquid film velocity,,,,,,,,,,,,,,,,,,,,,,,,,,,,,,,,,,,,,,,,,,,,,,,,,,,,,,,,,,,,,,,,,,,,,,,,,,,,,,,,,,,,,,,,,,,,,,,,,,,,,,,,,,,,,,,,,,,,,,,,,,,,,,,,,,,,,,,,,,,,,,,,,
1629,UL,POSITION,POS_INLET-JUMPER_W01,,,,(M/S),Average liquid film velocity,,,,,,,,,,,,,,,,,,,,,,,,,,,,,,,,,,,,,,,,,,,,,,,,,,,,,,,,,,,,,,,,,,,,,,,,,,,,,,,,,,,,,,,,,,,,,,,,,,,,,,,,,,,,,,,,,,,,,,,,,,,,,,,,,,,,,,,,,,,,,,,,,
1630,UL,POSITION,POS_OUTLET-JUMPER_W01,,,,(M/S),Average liquid film velocity,,,,,,,,,,,,,,,,,,,,,,,,,,,,,,,,,,,,,,,,,,,,,,,,,,,,,,,,,,,,,,,,,,,,,,,,,,,,,,,,,,,,,,,,,,,,,,,,,,,,,,,,,,,,,,,,,,,,,,,,,,,,,,,,,,,,,,,,,,,,,,,,,
1631,GT,POSITION,POS_UPSTREAM-PCV_W01,,,,(KG/S),Total mass flow,,,,,,,,,,,,,,,,,,,,,,,,,,,,,,,,,,,,,,,,,,,,,,,,,,,,,,,,,,,,,,,,,,,,,,,,,,,,,,,,,,,,,,,,,,,,,,,,,,,,,,,,,,,,,,,,,,,,,,,,,,,,,,,,,,,,,,,,,,,,,,,,,
1632,GT,POSITION,POS_DOWNSTREAM-PCV_W01,,,,(KG/S),Total mass flow,,,,,,,,,,,,,,,,,,,,,,,,,,,,,,,,,,,,,,,,,,,,,,,,,,,,,,,,,,,,,,,,,,,,,,,,,,,,,,,,,,,,,,,,,,,,,,,,,,,,,,,,,,,,,,,,,,,,,,,,,,,,,,,,,,,,,,,,,,,,,,,,,
1633,GT,POSITION,POS_INLET-JUMPER_W01,,,,(KG/S),Total mass flow,,,,,,,,,,,,,,,,,,,,,,,,,,,,,,,,,,,,,,,,,,,,,,,,,,,,,,,,,,,,,,,,,,,,,,,,,,,,,,,,,,,,,,,,,,,,,,,,,,,,,,,,,,,,,,,,,,,,,,,,,,,,,,,,,,,,,,,,,,,,,,,,,
1634,GT,POSITION,POS_OUTLET-JUMPER_W01,,,,(KG/S),Total mass flow,,,,,,,,,,,,,,,,,,,,,,,,,,,,,,,,,,,,,,,,,,,,,,,,,,,,,,,,,,,,,,,,,,,,,,,,,,,,,,,,,,,,,,,,,,,,,,,,,,,,,,,,,,,,,,,,,,,,,,,,,,,,,,,,,,,,,,,,,,,,,,,,,
1635,GLTWT,POSITION,POS_UPSTREAM-PCV_W01,,,,(KG/S),Mass flow rate of water excluding vapour,,,,,,,,,,,,,,,,,,,,,,,,,,,,,,,,,,,,,,,,,,,,,,,,,,,,,,,,,,,,,,,,,,,,,,,,,,,,,,,,,,,,,,,,,,,,,,,,,,,,,,,,,,,,,,,,,,,,,,,,,,,,,,,,,,,,,,,,,,,,,,,,,
1636,GLTWT,POSITION,POS_DOWNSTREAM-PCV_W01,,,,(KG/S),Mass flow rate of water excluding vapour,,,,,,,,,,,,,,,,,,,,,,,,,,,,,,,,,,,,,,,,,,,,,,,,,,,,,,,,,,,,,,,,,,,,,,,,,,,,,,,,,,,,,,,,,,,,,,,,,,,,,,,,,,,,,,,,,,,,,,,,,,,,,,,,,,,,,,,,,,,,,,,,,
1637,GLTWT,POSITION,POS_INLET-JUMPER_W01,,,,(KG/S),Mass flow rate of water excluding vapour,,,,,,,,,,,,,,,,,,,,,,,,,,,,,,,,,,,,,,,,,,,,,,,,,,,,,,,,,,,,,,,,,,,,,,,,,,,,,,,,,,,,,,,,,,,,,,,,,,,,,,,,,,,,,,,,,,,,,,,,,,,,,,,,,,,,,,,,,,,,,,,,,
1638,GLTWT,POSITION,POS_OUTLET-JUMPER_W01,,,,(KG/S),Mass flow rate of water excluding vapour,,,,,,,,,,,,,,,,,,,,,,,,,,,,,,,,,,,,,,,,,,,,,,,,,,,,,,,,,,,,,,,,,,,,,,,,,,,,,,,,,,,,,,,,,,,,,,,,,,,,,,,,,,,,,,,,,,,,,,,,,,,,,,,,,,,,,,,,,,,,,,,,,
1639,GLRST,POSITION,POS_UPSTREAM-PCV_W01,,,,(SM3/SM3),Gas/liquid ratio at standard conditions,,,,,,,,,,,,,,,,,,,,,,,,,,,,,,,,,,,,,,,,,,,,,,,,,,,,,,,,,,,,,,,,,,,,,,,,,,,,,,,,,,,,,,,,,,,,,,,,,,,,,,,,,,,,,,,,,,,,,,,,,,,,,,,,,,,,,,,,,,,,,,,,,
1640,GLRST,POSITION,POS_DOWNSTREAM-PCV_W01,,,,(SM3/SM3),Gas/liquid ratio at standard conditions,,,,,,,,,,,,,,,,,,,,,,,,,,,,,,,,,,,,,,,,,,,,,,,,,,,,,,,,,,,,,,,,,,,,,,,,,,,,,,,,,,,,,,,,,,,,,,,,,,,,,,,,,,,,,,,,,,,,,,,,,,,,,,,,,,,,,,,,,,,,,,,,,
1641,GLRST,POSITION,POS_INLET-JUMPER_W01,,,,(SM3/SM3),Gas/liquid ratio at standard conditions,,,,,,,,,,,,,,,,,,,,,,,,,,,,,,,,,,,,,,,,,,,,,,,,,,,,,,,,,,,,,,,,,,,,,,,,,,,,,,,,,,,,,,,,,,,,,,,,,,,,,,,,,,,,,,,,,,,,,,,,,,,,,,,,,,,,,,,,,,,,,,,,,
1642,GLRST,POSITION,POS_OUTLET-JUMPER_W01,,,,(SM3/SM3),Gas/liquid ratio at standard conditions,,,,,,,,,,,,,,,,,,,,,,,,,,,,,,,,,,,,,,,,,,,,,,,,,,,,,,,,,,,,,,,,,,,,,,,,,,,,,,,,,,,,,,,,,,,,,,,,,,,,,,,,,,,,,,,,,,,,,,,,,,,,,,,,,,,,,,,,,,,,,,,,,
1643,GLTHL,POSITION,POS_UPSTREAM-PCV_W01,,,,(KG/S),Mass flow rate of oil,,,,,,,,,,,,,,,,,,,,,,,,,,,,,,,,,,,,,,,,,,,,,,,,,,,,,,,,,,,,,,,,,,,,,,,,,,,,,,,,,,,,,,,,,,,,,,,,,,,,,,,,,,,,,,,,,,,,,,,,,,,,,,,,,,,,,,,,,,,,,,,,,
1644,GLTHL,POSITION,POS_DOWNSTREAM-PCV_W01,,,,(KG/S),Mass flow rate of oil,,,,,,,,,,,,,,,,,,,,,,,,,,,,,,,,,,,,,,,,,,,,,,,,,,,,,,,,,,,,,,,,,,,,,,,,,,,,,,,,,,,,,,,,,,,,,,,,,,,,,,,,,,,,,,,,,,,,,,,,,,,,,,,,,,,,,,,,,,,,,,,,,
1645,GLTHL,POSITION,POS_INLET-JUMPER_W01,,,,(KG/S),Mass flow rate of oil,,,,,,,,,,,,,,,,,,,,,,,,,,,,,,,,,,,,,,,,,,,,,,,,,,,,,,,,,,,,,,,,,,,,,,,,,,,,,,,,,,,,,,,,,,,,,,,,,,,,,,,,,,,,,,,,,,,,,,,,,,,,,,,,,,,,,,,,,,,,,,,,,
1646,GLTHL,POSITION,POS_OUTLET-JUMPER_W01,,,,(KG/S),Mass flow rate of oil,,,,,,,,,,,,,,,,,,,,,,,,,,,,,,,,,,,,,,,,,,,,,,,,,,,,,,,,,,,,,,,,,,,,,,,,,,,,,,,,,,,,,,,,,,,,,,,,,,,,,,,,,,,,,,,,,,,,,,,,,,,,,,,,,,,,,,,,,,,,,,,,,
1647,GLWVT,POSITION,POS_UPSTREAM-PCV_W01,,,,(KG/S),Total mass flow rate of water including Vapour,,,,,,,,,,,,,,,,,,,,,,,,,,,,,,,,,,,,,,,,,,,,,,,,,,,,,,,,,,,,,,,,,,,,,,,,,,,,,,,,,,,,,,,,,,,,,,,,,,,,,,,,,,,,,,,,,,,,,,,,,,,,,,,,,,,,,,,,,,,,,,,,,
1648,GLWVT,POSITION,POS_DOWNSTREAM-PCV_W01,,,,(KG/S),Total mass flow rate of water including Vapour,,,,,,,,,,,,,,,,,,,,,,,,,,,,,,,,,,,,,,,,,,,,,,,,,,,,,,,,,,,,,,,,,,,,,,,,,,,,,,,,,,,,,,,,,,,,,,,,,,,,,,,,,,,,,,,,,,,,,,,,,,,,,,,,,,,,,,,,,,,,,,,,,
1649,GLWVT,POSITION,POS_INLET-JUMPER_W01,,,,(KG/S),Total mass flow rate of water including Vapour,,,,,,,,,,,,,,,,,,,,,,,,,,,,,,,,,,,,,,,,,,,,,,,,,,,,,,,,,,,,,,,,,,,,,,,,,,,,,,,,,,,,,,,,,,,,,,,,,,,,,,,,,,,,,,,,,,,,,,,,,,,,,,,,,,,,,,,,,,,,,,,,,
1650,GLWVT,POSITION,POS_OUTLET-JUMPER_W01,,,,(KG/S),Total mass flow rate of water including Vapour,,,,,,,,,,,,,,,,,,,,,,,,,,,,,,,,,,,,,,,,,,,,,,,,,,,,,,,,,,,,,,,,,,,,,,,,,,,,,,,,,,,,,,,,,,,,,,,,,,,,,,,,,,,,,,,,,,,,,,,,,,,,,,,,,,,,,,,,,,,,,,,,,
1651,GORST,POSITION,POS_UPSTREAM-PCV_W01,,,,(SM3/SM3),Gas/oil ratio at standard conditions,,,,,,,,,,,,,,,,,,,,,,,,,,,,,,,,,,,,,,,,,,,,,,,,,,,,,,,,,,,,,,,,,,,,,,,,,,,,,,,,,,,,,,,,,,,,,,,,,,,,,,,,,,,,,,,,,,,,,,,,,,,,,,,,,,,,,,,,,,,,,,,,,
1652,GORST,POSITION,POS_DOWNSTREAM-PCV_W01,,,,(SM3/SM3),Gas/oil ratio at standard conditions,,,,,,,,,,,,,,,,,,,,,,,,,,,,,,,,,,,,,,,,,,,,,,,,,,,,,,,,,,,,,,,,,,,,,,,,,,,,,,,,,,,,,,,,,,,,,,,,,,,,,,,,,,,,,,,,,,,,,,,,,,,,,,,,,,,,,,,,,,,,,,,,,
1653,GORST,POSITION,POS_INLET-JUMPER_W01,,,,(SM3/SM3),Gas/oil ratio at standard conditions,,,,,,,,,,,,,,,,,,,,,,,,,,,,,,,,,,,,,,,,,,,,,,,,,,,,,,,,,,,,,,,,,,,,,,,,,,,,,,,,,,,,,,,,,,,,,,,,,,,,,,,,,,,,,,,,,,,,,,,,,,,,,,,,,,,,,,,,,,,,,,,,,
1654,GORST,POSITION,POS_OUTLET-JUMPER_W01,,,,(SM3/SM3),Gas/oil ratio at standard conditions,,,,,,,,,,,,,,,,,,,,,,,,,,,,,,,,,,,,,,,,,,,,,,,,,,,,,,,,,,,,,,,,,,,,,,,,,,,,,,,,,,,,,,,,,,,,,,,,,,,,,,,,,,,,,,,,,,,,,,,,,,,,,,,,,,,,,,,,,,,,,,,,,
1655,WCST,POSITION,POS_UPSTREAM-PCV_W01,,,,(-),Water cut at standard conditions,,,,,,,,,,,,,,,,,,,,,,,,,,,,,,,,,,,,,,,,,,,,,,,,,,,,,,,,,,,,,,,,,,,,,,,,,,,,,,,,,,,,,,,,,,,,,,,,,,,,,,,,,,,,,,,,,,,,,,,,,,,,,,,,,,,,,,,,,,,,,,,,,
1656,WCST,POSITION,POS_DOWNSTREAM-PCV_W01,,,,(-),Water cut at standard conditions,,,,,,,,,,,,,,,,,,,,,,,,,,,,,,,,,,,,,,,,,,,,,,,,,,,,,,,,,,,,,,,,,,,,,,,,,,,,,,,,,,,,,,,,,,,,,,,,,,,,,,,,,,,,,,,,,,,,,,,,,,,,,,,,,,,,,,,,,,,,,,,,,
1657,WCST,POSITION,POS_INLET-JUMPER_W01,,,,(-),Water cut at standard conditions,,,,,,,,,,,,,,,,,,,,,,,,,,,,,,,,,,,,,,,,,,,,,,,,,,,,,,,,,,,,,,,,,,,,,,,,,,,,,,,,,,,,,,,,,,,,,,,,,,,,,,,,,,,,,,,,,,,,,,,,,,,,,,,,,,,,,,,,,,,,,,,,,
1658,WCST,POSITION,POS_OUTLET-JUMPER_W01,,,,(-),Water cut at standard conditions,,,,,,,,,,,,,,,,,,,,,,,,,,,,,,,,,,,,,,,,,,,,,,,,,,,,,,,,,,,,,,,,,,,,,,,,,,,,,,,,,,,,,,,,,,,,,,,,,,,,,,,,,,,,,,,,,,,,,,,,,,,,,,,,,,,,,,,,,,,,,,,,,
1659,QG,POSITION,POS_UPSTREAM-PCV_W01,,,,(M3/S),Gas volume flow,,,,,,,,,,,,,,,,,,,,,,,,,,,,,,,,,,,,,,,,,,,,,,,,,,,,,,,,,,,,,,,,,,,,,,,,,,,,,,,,,,,,,,,,,,,,,,,,,,,,,,,,,,,,,,,,,,,,,,,,,,,,,,,,,,,,,,,,,,,,,,,,,
1660,QG,POSITION,POS_DOWNSTREAM-PCV_W01,,,,(M3/S),Gas volume flow,,,,,,,,,,,,,,,,,,,,,,,,,,,,,,,,,,,,,,,,,,,,,,,,,,,,,,,,,,,,,,,,,,,,,,,,,,,,,,,,,,,,,,,,,,,,,,,,,,,,,,,,,,,,,,,,,,,,,,,,,,,,,,,,,,,,,,,,,,,,,,,,,
1661,QG,POSITION,POS_INLET-JUMPER_W01,,,,(M3/S),Gas volume flow,,,,,,,,,,,,,,,,,,,,,,,,,,,,,,,,,,,,,,,,,,,,,,,,,,,,,,,,,,,,,,,,,,,,,,,,,,,,,,,,,,,,,,,,,,,,,,,,,,,,,,,,,,,,,,,,,,,,,,,,,,,,,,,,,,,,,,,,,,,,,,,,,
1662,QG,POSITION,POS_OUTLET-JUMPER_W01,,,,(M3/S),Gas volume flow,,,,,,,,,,,,,,,,,,,,,,,,,,,,,,,,,,,,,,,,,,,,,,,,,,,,,,,,,,,,,,,,,,,,,,,,,,,,,,,,,,,,,,,,,,,,,,,,,,,,,,,,,,,,,,,,,,,,,,,,,,,,,,,,,,,,,,,,,,,,,,,,,
1663,QLTWT,POSITION,POS_UPSTREAM-PCV_W01,,,,(M3/S),Volumetric flow rate water,,,,,,,,,,,,,,,,,,,,,,,,,,,,,,,,,,,,,,,,,,,,,,,,,,,,,,,,,,,,,,,,,,,,,,,,,,,,,,,,,,,,,,,,,,,,,,,,,,,,,,,,,,,,,,,,,,,,,,,,,,,,,,,,,,,,,,,,,,,,,,,,,
1664,QLTWT,POSITION,POS_DOWNSTREAM-PCV_W01,,,,(M3/S),Volumetric flow rate water,,,,,,,,,,,,,,,,,,,,,,,,,,,,,,,,,,,,,,,,,,,,,,,,,,,,,,,,,,,,,,,,,,,,,,,,,,,,,,,,,,,,,,,,,,,,,,,,,,,,,,,,,,,,,,,,,,,,,,,,,,,,,,,,,,,,,,,,,,,,,,,,,
1665,QLTWT,POSITION,POS_INLET-JUMPER_W01,,,,(M3/S),Volumetric flow rate water,,,,,,,,,,,,,,,,,,,,,,,,,,,,,,,,,,,,,,,,,,,,,,,,,,,,,,,,,,,,,,,,,,,,,,,,,,,,,,,,,,,,,,,,,,,,,,,,,,,,,,,,,,,,,,,,,,,,,,,,,,,,,,,,,,,,,,,,,,,,,,,,,
1666,QLTWT,POSITION,POS_OUTLET-JUMPER_W01,,,,(M3/S),Volumetric flow rate water,,,,,,,,,,,,,,,,,,,,,,,,,,,,,,,,,,,,,,,,,,,,,,,,,,,,,,,,,,,,,,,,,,,,,,,,,,,,,,,,,,,,,,,,,,,,,,,,,,,,,,,,,,,,,,,,,,,,,,,,,,,,,,,,,,,,,,,,,,,,,,,,,
1667,QLHL,POSITION,POS_UPSTREAM-PCV_W01,,,,(M3/S),Volumetric flow rate oil film,,,,,,,,,,,,,,,,,,,,,,,,,,,,,,,,,,,,,,,,,,,,,,,,,,,,,,,,,,,,,,,,,,,,,,,,,,,,,,,,,,,,,,,,,,,,,,,,,,,,,,,,,,,,,,,,,,,,,,,,,,,,,,,,,,,,,,,,,,,,,,,,,
1668,QLHL,POSITION,POS_DOWNSTREAM-PCV_W01,,,,(M3/S),Volumetric flow rate oil film,,,,,,,,,,,,,,,,,,,,,,,,,,,,,,,,,,,,,,,,,,,,,,,,,,,,,,,,,,,,,,,,,,,,,,,,,,,,,,,,,,,,,,,,,,,,,,,,,,,,,,,,,,,,,,,,,,,,,,,,,,,,,,,,,,,,,,,,,,,,,,,,,
1669,QLHL,POSITION,POS_INLET-JUMPER_W01,,,,(M3/S),Volumetric flow rate oil film,,,,,,,,,,,,,,,,,,,,,,,,,,,,,,,,,,,,,,,,,,,,,,,,,,,,,,,,,,,,,,,,,,,,,,,,,,,,,,,,,,,,,,,,,,,,,,,,,,,,,,,,,,,,,,,,,,,,,,,,,,,,,,,,,,,,,,,,,,,,,,,,,
1670,QLHL,POSITION,POS_OUTLET-JUMPER_W01,,,,(M3/S),Volumetric flow rate oil film,,,,,,,,,,,,,,,,,,,,,,,,,,,,,,,,,,,,,,,,,,,,,,,,,,,,,,,,,,,,,,,,,,,,,,,,,,,,,,,,,,,,,,,,,,,,,,,,,,,,,,,,,,,,,,,,,,,,,,,,,,,,,,,,,,,,,,,,,,,,,,,,,
1671,QLTHL,POSITION,POS_UPSTREAM-PCV_W01,,,,(M3/S),Volumetric flow rate oil,,,,,,,,,,,,,,,,,,,,,,,,,,,,,,,,,,,,,,,,,,,,,,,,,,,,,,,,,,,,,,,,,,,,,,,,,,,,,,,,,,,,,,,,,,,,,,,,,,,,,,,,,,,,,,,,,,,,,,,,,,,,,,,,,,,,,,,,,,,,,,,,,
1672,QLTHL,POSITION,POS_DOWNSTREAM-PCV_W01,,,,(M3/S),Volumetric flow rate oil,,,,,,,,,,,,,,,,,,,,,,,,,,,,,,,,,,,,,,,,,,,,,,,,,,,,,,,,,,,,,,,,,,,,,,,,,,,,,,,,,,,,,,,,,,,,,,,,,,,,,,,,,,,,,,,,,,,,,,,,,,,,,,,,,,,,,,,,,,,,,,,,,
1673,QLTHL,POSITION,POS_INLET-JUMPER_W01,,,,(M3/S),Volumetric flow rate oil,,,,,,,,,,,,,,,,,,,,,,,,,,,,,,,,,,,,,,,,,,,,,,,,,,,,,,,,,,,,,,,,,,,,,,,,,,,,,,,,,,,,,,,,,,,,,,,,,,,,,,,,,,,,,,,,,,,,,,,,,,,,,,,,,,,,,,,,,,,,,,,,,
1674,QLTHL,POSITION,POS_OUTLET-JUMPER_W01,,,,(M3/S),Volumetric flow rate oil,,,,,,,,,,,,,,,,,,,,,,,,,,,,,,,,,,,,,,,,,,,,,,,,,,,,,,,,,,,,,,,,,,,,,,,,,,,,,,,,,,,,,,,,,,,,,,,,,,,,,,,,,,,,,,,,,,,,,,,,,,,,,,,,,,,,,,,,,,,,,,,,,
1675,QLWT,POSITION,POS_UPSTREAM-PCV_W01,,,,(M3/S),Volumetric flow rate water film,,,,,,,,,,,,,,,,,,,,,,,,,,,,,,,,,,,,,,,,,,,,,,,,,,,,,,,,,,,,,,,,,,,,,,,,,,,,,,,,,,,,,,,,,,,,,,,,,,,,,,,,,,,,,,,,,,,,,,,,,,,,,,,,,,,,,,,,,,,,,,,,,
1676,QLWT,POSITION,POS_DOWNSTREAM-PCV_W01,,,,(M3/S),Volumetric flow rate water film,,,,,,,,,,,,,,,,,,,,,,,,,,,,,,,,,,,,,,,,,,,,,,,,,,,,,,,,,,,,,,,,,,,,,,,,,,,,,,,,,,,,,,,,,,,,,,,,,,,,,,,,,,,,,,,,,,,,,,,,,,,,,,,,,,,,,,,,,,,,,,,,,
1677,QLWT,POSITION,POS_INLET-JUMPER_W01,,,,(M3/S),Volumetric flow rate water film,,,,,,,,,,,,,,,,,,,,,,,,,,,,,,,,,,,,,,,,,,,,,,,,,,,,,,,,,,,,,,,,,,,,,,,,,,,,,,,,,,,,,,,,,,,,,,,,,,,,,,,,,,,,,,,,,,,,,,,,,,,,,,,,,,,,,,,,,,,,,,,,,
1678,QLWT,POSITION,POS_OUTLET-JUMPER_W01,,,,(M3/S),Volumetric flow rate water film,,,,,,,,,,,,,,,,,,,,,,,,,,,,,,,,,,,,,,,,,,,,,,,,,,,,,,,,,,,,,,,,,,,,,,,,,,,,,,,,,,,,,,,,,,,,,,,,,,,,,,,,,,,,,,,,,,,,,,,,,,,,,,,,,,,,,,,,,,,,,,,,,
1679,DPZF,POSITION,POS_UPSTREAM-PCV_W01,,,,(PA/M),Frictional pressure drop gradient,,,,,,,,,,,,,,,,,,,,,,,,,,,,,,,,,,,,,,,,,,,,,,,,,,,,,,,,,,,,,,,,,,,,,,,,,,,,,,,,,,,,,,,,,,,,,,,,,,,,,,,,,,,,,,,,,,,,,,,,,,,,,,,,,,,,,,,,,,,,,,,,,
1680,DPZF,POSITION,POS_DOWNSTREAM-PCV_W01,,,,(PA/M),Frictional pressure drop gradient,,,,,,,,,,,,,,,,,,,,,,,,,,,,,,,,,,,,,,,,,,,,,,,,,,,,,,,,,,,,,,,,,,,,,,,,,,,,,,,,,,,,,,,,,,,,,,,,,,,,,,,,,,,,,,,,,,,,,,,,,,,,,,,,,,,,,,,,,,,,,,,,,
1681,DPZF,POSITION,POS_INLET-JUMPER_W01,,,,(PA/M),Frictional pressure drop gradient,,,,,,,,,,,,,,,,,,,,,,,,,,,,,,,,,,,,,,,,,,,,,,,,,,,,,,,,,,,,,,,,,,,,,,,,,,,,,,,,,,,,,,,,,,,,,,,,,,,,,,,,,,,,,,,,,,,,,,,,,,,,,,,,,,,,,,,,,,,,,,,,,
1682,DPZF,POSITION,POS_OUTLET-JUMPER_W01,,,,(PA/M),Frictional pressure drop gradient,,,,,,,,,,,,,,,,,,,,,,,,,,,,,,,,,,,,,,,,,,,,,,,,,,,,,,,,,,,,,,,,,,,,,,,,,,,,,,,,,,,,,,,,,,,,,,,,,,,,,,,,,,,,,,,,,,,,,,,,,,,,,,,,,,,,,,,,,,,,,,,,,
1683,DPZG,POSITION,POS_UPSTREAM-PCV_W01,,,,(PA/M),Gravitational pressure drop gradient,,,,,,,,,,,,,,,,,,,,,,,,,,,,,,,,,,,,,,,,,,,,,,,,,,,,,,,,,,,,,,,,,,,,,,,,,,,,,,,,,,,,,,,,,,,,,,,,,,,,,,,,,,,,,,,,,,,,,,,,,,,,,,,,,,,,,,,,,,,,,,,,,
1684,DPZG,POSITION,POS_DOWNSTREAM-PCV_W01,,,,(PA/M),Gravitational pressure drop gradient,,,,,,,,,,,,,,,,,,,,,,,,,,,,,,,,,,,,,,,,,,,,,,,,,,,,,,,,,,,,,,,,,,,,,,,,,,,,,,,,,,,,,,,,,,,,,,,,,,,,,,,,,,,,,,,,,,,,,,,,,,,,,,,,,,,,,,,,,,,,,,,,,
1685,DPZG,POSITION,POS_INLET-JUMPER_W01,,,,(PA/M),Gravitational pressure drop gradient,,,,,,,,,,,,,,,,,,,,,,,,,,,,,,,,,,,,,,,,,,,,,,,,,,,,,,,,,,,,,,,,,,,,,,,,,,,,,,,,,,,,,,,,,,,,,,,,,,,,,,,,,,,,,,,,,,,,,,,,,,,,,,,,,,,,,,,,,,,,,,,,,
1686,DPZG,POSITION,POS_OUTLET-JUMPER_W01,,,,(PA/M),Gravitational pressure drop gradient,,,,,,,,,,,,,,,,,,,,,,,,,,,,,,,,,,,,,,,,,,,,,,,,,,,,,,,,,,,,,,,,,,,,,,,,,,,,,,,,,,,,,,,,,,,,,,,,,,,,,,,,,,,,,,,,,,,,,,,,,,,,,,,,,,,,,,,,,,,,,,,,,
1687,DTHYD,POSITION,POS_UPSTREAM-PCV_W01,,,,(C),Difference between hydrate and section temperature,,,,,,,,,,,,,,,,,,,,,,,,,,,,,,,,,,,,,,,,,,,,,,,,,,,,,,,,,,,,,,,,,,,,,,,,,,,,,,,,,,,,,,,,,,,,,,,,,,,,,,,,,,,,,,,,,,,,,,,,,,,,,,,,,,,,,,,,,,,,,,,,,
1688,DTHYD,POSITION,POS_DOWNSTREAM-PCV_W01,,,,(C),Difference between hydrate and section temperature,,,,,,,,,,,,,,,,,,,,,,,,,,,,,,,,,,,,,,,,,,,,,,,,,,,,,,,,,,,,,,,,,,,,,,,,,,,,,,,,,,,,,,,,,,,,,,,,,,,,,,,,,,,,,,,,,,,,,,,,,,,,,,,,,,,,,,,,,,,,,,,,,
1689,DTHYD,POSITION,POS_INLET-JUMPER_W01,,,,(C),Difference between hydrate and section temperature,,,,,,,,,,,,,,,,,,,,,,,,,,,,,,,,,,,,,,,,,,,,,,,,,,,,,,,,,,,,,,,,,,,,,,,,,,,,,,,,,,,,,,,,,,,,,,,,,,,,,,,,,,,,,,,,,,,,,,,,,,,,,,,,,,,,,,,,,,,,,,,,,
1690,DTHYD,POSITION,POS_OUTLET-JUMPER_W01,,,,(C),Difference between hydrate and section temperature,,,,,,,,,,,,,,,,,,,,,,,,,,,,,,,,,,,,,,,,,,,,,,,,,,,,,,,,,,,,,,,,,,,,,,,,,,,,,,,,,,,,,,,,,,,,,,,,,,,,,,,,,,,,,,,,,,,,,,,,,,,,,,,,,,,,,,,,,,,,,,,,,
1691,HOL,POSITION,POS_UPSTREAM-PCV_W01,,,,(-),Holdup (liquid volume fraction including solids),,,,,,,,,,,,,,,,,,,,,,,,,,,,,,,,,,,,,,,,,,,,,,,,,,,,,,,,,,,,,,,,,,,,,,,,,,,,,,,,,,,,,,,,,,,,,,,,,,,,,,,,,,,,,,,,,,,,,,,,,,,,,,,,,,,,,,,,,,,,,,,,,
1692,HOL,POSITION,POS_DOWNSTREAM-PCV_W01,,,,(-),Holdup (liquid volume fraction including solids),,,,,,,,,,,,,,,,,,,,,,,,,,,,,,,,,,,,,,,,,,,,,,,,,,,,,,,,,,,,,,,,,,,,,,,,,,,,,,,,,,,,,,,,,,,,,,,,,,,,,,,,,,,,,,,,,,,,,,,,,,,,,,,,,,,,,,,,,,,,,,,,,
1693,HOL,POSITION,POS_INLET-JUMPER_W01,,,,(-),Holdup (liquid volume fraction including solids),,,,,,,,,,,,,,,,,,,,,,,,,,,,,,,,,,,,,,,,,,,,,,,,,,,,,,,,,,,,,,,,,,,,,,,,,,,,,,,,,,,,,,,,,,,,,,,,,,,,,,,,,,,,,,,,,,,,,,,,,,,,,,,,,,,,,,,,,,,,,,,,,
1694,HOL,POSITION,POS_OUTLET-JUMPER_W01,,,,(-),Holdup (liquid volume fraction including solids),,,,,,,,,,,,,,,,,,,,,,,,,,,,,,,,,,,,,,,,,,,,,,,,,,,,,,,,,,,,,,,,,,,,,,,,,,,,,,,,,,,,,,,,,,,,,,,,,,,,,,,,,,,,,,,,,,,,,,,,,,,,,,,,,,,,,,,,,,,,,,,,,
1695,PT,POSITION,POS_UPSTREAM-PCV_W01,,,,(PA),Pressure,,,,,,,,,,,,,,,,,,,,,,,,,,,,,,,,,,,,,,,,,,,,,,,,,,,,,,,,,,,,,,,,,,,,,,,,,,,,,,,,,,,,,,,,,,,,,,,,,,,,,,,,,,,,,,,,,,,,,,,,,,,,,,,,,,,,,,,,,,,,,,,,,
1696,PT,POSITION,POS_DOWNSTREAM-PCV_W01,,,,(PA),Pressure,,,,,,,,,,,,,,,,,,,,,,,,,,,,,,,,,,,,,,,,,,,,,,,,,,,,,,,,,,,,,,,,,,,,,,,,,,,,,,,,,,,,,,,,,,,,,,,,,,,,,,,,,,,,,,,,,,,,,,,,,,,,,,,,,,,,,,,,,,,,,,,,,
1697,PT,POSITION,POS_INLET-JUMPER_W01,,,,(PA),Pressure,,,,,,,,,,,,,,,,,,,,,,,,,,,,,,,,,,,,,,,,,,,,,,,,,,,,,,,,,,,,,,,,,,,,,,,,,,,,,,,,,,,,,,,,,,,,,,,,,,,,,,,,,,,,,,,,,,,,,,,,,,,,,,,,,,,,,,,,,,,,,,,,,
1698,PT,POSITION,POS_OUTLET-JUMPER_W01,,,,(PA),Pressure,,,,,,,,,,,,,,,,,,,,,,,,,,,,,,,,,,,,,,,,,,,,,,,,,,,,,,,,,,,,,,,,,,,,,,,,,,,,,,,,,,,,,,,,,,,,,,,,,,,,,,,,,,,,,,,,,,,,,,,,,,,,,,,,,,,,,,,,,,,,,,,,,
1699,TM,POSITION,POS_UPSTREAM-PCV_W01,,,,(C),Fluid temperature,,,,,,,,,,,,,,,,,,,,,,,,,,,,,,,,,,,,,,,,,,,,,,,,,,,,,,,,,,,,,,,,,,,,,,,,,,,,,,,,,,,,,,,,,,,,,,,,,,,,,,,,,,,,,,,,,,,,,,,,,,,,,,,,,,,,,,,,,,,,,,,,,
1700,TM,POSITION,POS_DOWNSTREAM-PCV_W01,,,,(C),Fluid temperature,,,,,,,,,,,,,,,,,,,,,,,,,,,,,,,,,,,,,,,,,,,,,,,,,,,,,,,,,,,,,,,,,,,,,,,,,,,,,,,,,,,,,,,,,,,,,,,,,,,,,,,,,,,,,,,,,,,,,,,,,,,,,,,,,,,,,,,,,,,,,,,,,
1701,TM,POSITION,POS_INLET-JUMPER_W01,,,,(C),Fluid temperature,,,,,,,,,,,,,,,,,,,,,,,,,,,,,,,,,,,,,,,,,,,,,,,,,,,,,,,,,,,,,,,,,,,,,,,,,,,,,,,,,,,,,,,,,,,,,,,,,,,,,,,,,,,,,,,,,,,,,,,,,,,,,,,,,,,,,,,,,,,,,,,,,
1702,TM,POSITION,POS_OUTLET-JUMPER_W01,,,,(C),Fluid temperature,,,,,,,,,,,,,,,,,,,,,,,,,,,,,,,,,,,,,,,,,,,,,,,,,,,,,,,,,,,,,,,,,,,,,,,,,,,,,,,,,,,,,,,,,,,,,,,,,,,,,,,,,,,,,,,,,,,,,,,,,,,,,,,,,,,,,,,,,,,,,,,,,
1703,TMMIN,POSITION,POS_UPSTREAM-PCV_W01,,,,(C),Minimum Fluid temperature,,,,,,,,,,,,,,,,,,,,,,,,,,,,,,,,,,,,,,,,,,,,,,,,,,,,,,,,,,,,,,,,,,,,,,,,,,,,,,,,,,,,,,,,,,,,,,,,,,,,,,,,,,,,,,,,,,,,,,,,,,,,,,,,,,,,,,,,,,,,,,,,,
1704,TMMIN,POSITION,POS_DOWNSTREAM-PCV_W01,,,,(C),Minimum Fluid temperature,,,,,,,,,,,,,,,,,,,,,,,,,,,,,,,,,,,,,,,,,,,,,,,,,,,,,,,,,,,,,,,,,,,,,,,,,,,,,,,,,,,,,,,,,,,,,,,,,,,,,,,,,,,,,,,,,,,,,,,,,,,,,,,,,,,,,,,,,,,,,,,,,
1705,TMMIN,POSITION,POS_INLET-JUMPER_W01,,,,(C),Minimum Fluid temperature,,,,,,,,,,,,,,,,,,,,,,,,,,,,,,,,,,,,,,,,,,,,,,,,,,,,,,,,,,,,,,,,,,,,,,,,,,,,,,,,,,,,,,,,,,,,,,,,,,,,,,,,,,,,,,,,,,,,,,,,,,,,,,,,,,,,,,,,,,,,,,,,,
1706,TMMIN,POSITION,POS_OUTLET-JUMPER_W01,,,,(C),Minimum Fluid temperature,,,,,,,,,,,,,,,,,,,,,,,,,,,,,,,,,,,,,,,,,,,,,,,,,,,,,,,,,,,,,,,,,,,,,,,,,,,,,,,,,,,,,,,,,,,,,,,,,,,,,,,,,,,,,,,,,,,,,,,,,,,,,,,,,,,,,,,,,,,,,,,,,
1999,GTWELL,WELL,IPR_W01,,,,(KG/S),Well source mass flow rate,,,,,,,,,,,,,,,,,,,,,,,,,,,,,,,,,,,,,,,,,,,,,,,,,,,,,,,,,,,,,,,,,,,,,,,,,,,,,,,,,,,,,,,,,,,,,,,,,,,,,,,,,,,,,,,,,,,,,,,,,,,,,,,,,,,,,,,,,,,,,,,,,
2000,GGWELL,WELL,IPR_W01,,,,(KG/S),Well source gas mass flow rate,,,,,,,,,,,,,,,,,,,,,,,,,,,,,,,,,,,,,,,,,,,,,,,,,,,,,,,,,,,,,,,,,,,,,,,,,,,,,,,,,,,,,,,,,,,,,,,,,,,,,,,,,,,,,,,,,,,,,,,,,,,,,,,,,,,,,,,,,,,,,,,,,
2001,GLWELL,WELL,IPR_W01,,,,(KG/S),Well source liquid mass flow rate,,,,,,,,,,,,,,,,,,,,,,,,,,,,,,,,,,,,,,,,,,,,,,,,,,,,,,,,,,,,,,,,,,,,,,,,,,,,,,,,,,,,,,,,,,,,,,,,,,,,,,,,,,,,,,,,,,,,,,,,,,,,,,,,,,,,,,,,,,,,,,,,,
2006,QGSTWELL,WELL,IPR_W01,,,,(SM3/S),Well gas volume flow at standard conditions,,,,,,,,,,,,,,,,,,,,,,,,,,,,,,,,,,,,,,,,,,,,,,,,,,,,,,,,,,,,,,,,,,,,,,,,,,,,,,,,,,,,,,,,,,,,,,,,,,,,,,,,,,,,,,,,,,,,,,,,,,,,,,,,,,,,,,,,,,,,,,,,,
2007,QLSTWELL,WELL,IPR_W01,,,,(SM3/S),Well liquid volume flow at standard conditions,,,,,,,,,,,,,,,,,,,,,,,,,,,,,,,,,,,,,,,,,,,,,,,,,,,,,,,,,,,,,,,,,,,,,,,,,,,,,,,,,,,,,,,,,,,,,,,,,,,,,,,,,,,,,,,,,,,,,,,,,,,,,,,,,,,,,,,,,,,,,,,,,
2008,QOSTWELL,WELL,IPR_W01,,,,(SM3/S),Well oil volume flow at standard conditions,,,,,,,,,,,,,,,,,,,,,,,,,,,,,,,,,,,,,,,,,,,,,,,,,,,,,,,,,,,,,,,,,,,,,,,,,,,,,,,,,,,,,,,,,,,,,,,,,,,,,,,,,,,,,,,,,,,,,,,,,,,,,,,,,,,,,,,,,,,,,,,,,
2009,QWSTWELL,WELL,IPR_W01,,,,(SM3/S),Well water volume flow at standard conditions,,,,,,,,,,,,,,,,,,,,,,,,,,,,,,,,,,,,,,,,,,,,,,,,,,,,,,,,,,,,,,,,,,,,,,,,,,,,,,,,,,,,,,,,,,,,,,,,,,,,,,,,,,,,,,,,,,,,,,,,,,,,,,,,,,,,,,,,,,,,,,,,,
2292,TSOUR,SOURCE,SOURCE_GL_ANN_W01,,,,(C),Source temperature,,,,,,,,,,,,,,,,,,,,,,,,,,,,,,,,,,,,,,,,,,,,,,,,,,,,,,,,,,,,,,,,,,,,,,,,,,,,,,,,,,,,,,,,,,,,,,,,,,,,,,,,,,,,,,,,,,,,,,,,,,,,,,,,,,,,,,,,,,,,,,,,,
2293,GLSOUR,SOURCE,SOURCE_GL_ANN_W01,,,,(KG/S),Source liquid mass rate,,,,,,,,,,,,,,,,,,,,,,,,,,,,,,,,,,,,,,,,,,,,,,,,,,,,,,,,,,,,,,,,,,,,,,,,,,,,,,,,,,,,,,,,,,,,,,,,,,,,,,,,,,,,,,,,,,,,,,,,,,,,,,,,,,,,,,,,,,,,,,,,,
2294,GTSOUR,SOURCE,SOURCE_GL_ANN_W01,,,,(KG/S),Source mass rate,,,,,,,,,,,,,,,,,,,,,,,,,,,,,,,,,,,,,,,,,,,,,,,,,,,,,,,,,,,,,,,,,,,,,,,,,,,,,,,,,,,,,,,,,,,,,,,,,,,,,,,,,,,,,,,,,,,,,,,,,,,,,,,,,,,,,,,,,,,,,,,,,
2295,QGSTSOUR,SOURCE,SOURCE_GL_ANN_W01,,,,(SM3/S),Source gas volume flow at standard conditions,,,,,,,,,,,,,,,,,,,,,,,,,,,,,,,,,,,,,,,,,,,,,,,,,,,,,,,,,,,,,,,,,,,,,,,,,,,,,,,,,,,,,,,,,,,,,,,,,,,,,,,,,,,,,,,,,,,,,,,,,,,,,,,,,,,,,,,,,,,,,,,,,
2296,QLSTSOUR,SOURCE,SOURCE_GL_ANN_W01,,,,(SM3/S),Source liquid volume flow at standard conditions,,,,,,,,,,,,,,,,,,,,,,,,,,,,,,,,,,,,,,,,,,,,,,,,,,,,,,,,,,,,,,,,,,,,,,,,,,,,,,,,,,,,,,,,,,,,,,,,,,,,,,,,,,,,,,,,,,,,,,,,,,,,,,,,,,,,,,,,,,,,,,,,,
2297,QWSTSOUR,SOURCE,SOURCE_GL_ANN_W01,,,,(SM3/S),Source water volume flow at standard conditions,,,,,,,,,,,,,,,,,,,,,,,,,,,,,,,,,,,,,,,,,,,,,,,,,,,,,,,,,,,,,,,,,,,,,,,,,,,,,,,,,,,,,,,,,,,,,,,,,,,,,,,,,,,,,,,,,,,,,,,,,,,,,,,,,,,,,,,,,,,,,,,,,
0,,,,,,,,,0.1,1.0,1.0,1.0,1.0,1.0,1.0,1.0,1.0,1.0,1.0,1.0,1.0,1.0,1.0,1.0,1.0,1.0,1.0,1.0,1.0,1.0,1.0,1.0,1.0,1.0,1.0,1.0,1.0,1.0,1.0,1.0,1.0,1.0,1.0,1.0,1.0,1.0,1.0,1.0,1.0,1.0,1.0,1.0,1.0,1.0,1.0,1.0,1.0,1.0,1.0,1.0,1.0,1.0,1.0,1.0,1.0,1.0,1.0,1.0,1.0,1.0,1.0,1.0,1.0,1.0,1.0,1.0,1.0,1.0,1.0,1.0,1.0,1.0,1.0,1.0,1.0,1.0,1.0,1.0,1.0,1.0,1.0,1.0,1.0,1.0,1.0,1.0,1.0,1.0,1.0,1.0,1.0,1.0,1.0,1.0,1.0,1.0,1.0,1.0,1.0,1.0,1.0,1.0,1.0,1.0,1.0,1.0,1.0,1.0,1.0,1.0,1.0,1.0,1.0,1.0,1.0,1.0,1.0,1.0,1.0,1.0,1.0,1.0,1.0,1.0,1.0,1.0,1.0,1.0,1.0,1.0,1.0,1.0,1.0,1.0,1.0,1.0,1.0,1.0,1.0,1.0,1.0,1.0,1.0
1,,,,,,,,,0.0,0.4282593,0.07198132,0.01791452,0.01543246,0.01691721,0.01684728,0.0155671,0.01273556,0.009711194,0.009049837,0.008476867,0.007978091,0.007536137,0.007147588,0.008695353,0.008301517,0.007736877,0.007267369,0.006877687,0.006526567,0.00573954,0.005489703,0.00525998,0.005048067,0.004851975,0.004669974,0.004500602,0.004342589,0.004194833,0.004056372,0.003926359,0.003804049,0.003688781,0.00357997,0.003477093,0.003379682,0.003287321,0.00319963,0.003116269,0.003036931,0.002961336,0.002889231,0.002820383,0.002754584,0.002691635,0.002631364,0.002573606,0.002518212,0.002465044,0.002413972,0.002364882,0.002734945,0.0101074,0.0109457,0.01025596,0.009527677,0.008896535,0.008344327,0.007857126,0.007424099,0.007036692,0.006688056,0.006372653,0.006085947,0.005824192,0.005584267,0.005363549,0.005159821,0.00497119,0.004796037,0.004632964,0.004480762,0.004338373,0.004204861,0.004079434,0.003961379,0.003850061,0.003744919,0.003645447,0.003551198,0.003461771,0.003376801,0.003295962,0.003218958,0.00314552,0.003075405,0.003008391,0.002944274,0.002882869,0.002824006,0.002767529,0.002713295,0.002661173,0.002611037,0.002562777,0.002516288,0.002471473,0.002428245,0.002386515,0.002346208,0.002307253,0.00226958,0.002233129,0.002197836,0.00216365,0.002130517,0.00209839,0.002067223,0.002036971,0.002007596,0.00197906,0.001951324,0.001924358,0.001898128,0.001872605,0.001847758,0.001823564,0.001799994,0.001777025,0.001754634,0.0017328,0.0017115,0.001690715,0.001670428,0.001650622,0.001631274,0.001612375,0.001593906,0.001575851,0.001558198,0.001540935,0.001524046,0.001507521,0.001491347,0.001475513,0.001460009,0.001444824,0.001429949,0.001415374,0.001401089,0.001387087,0.001373357,0.001359894,0.001346688
2,,,,,,,,,1.0,0.7325574,0.5793985,0.4526591,0.3734802,0.3273818,0.3048595,0.295462,0.2923159,0.2914403,0.2916722,0.2920828,0.2921355,0.2920802,0.2920435,0.292028,0.2920275,0.2920354,0.2920458,0.2920564,0.2920672,0.2920778,0.2920876,0.2920967,0.2921055,0.2921139,0.2921218,0.2921292,0.2921362,0.2921425,0.2921485,0.292154,0.292159,0.2921639,0.2921683,0.2921722,0.2921761,0.2921796,0.2921829,0.2921859,0.2921889,0.2921914,0.292194,0.2921963,0.2921985,0.2922005,0.2922025,0.2922043,0.2922061,0.2922077,0.2922092,0.2922106,0.292212,0.2922134,0.2922148,0.292216,0.2922171,0.2922181,0.2922189,0.2922197,0.2922206,0.2922216,0.2922224,0.2922232,0.2922239,0.2922247,0.2922253,0.292226,0.2922265,0.2922272,0.2922277,0.2922282,0.2922288,0.2922293,0.2922297,0.2922302,0.2922306,0.292231,0.2922314,0.2922317,0.2922321,0.2922325,0.2922328,0.2922331,0.2922334,0.2922338,0.292234,0.2922343,0.2922345,0.2922348,0.2922351,0.2922353,0.2922355,0.2922357,0.292236,0.2922362,0.2922363,0.2922365,0.2922368,0.292237,0.2922371,0.2922373,0.2922375,0.2922376,0.2922377,0.2922378,0.292238,0.2922381,0.2922383,0.2922384,0.2922385,0.2922386,0.2922387,0.2922389,0.2922389,0.2922391,0.2922392,0.2922392,0.2922394,0.2922395,0.2922396,0.2922396,0.2922397,0.2922398,0.2922399,0.29224,0.29224,0.2922402,0.2922402,0.2922402,0.2922402,0.2922404,0.2922405,0.2922405,0.2922405,0.2922406,0.2922407,0.2922407,0.2922409,0.2922409,0.2922409,0.292241,0.292241,0.2922411,0.2922412
3,,,,,,,,,39163.98,23129.46,25613.86,21794.33,19256.56,17260.52,16027.98,15385.27,15118.17,15021.42,14966.04,14984.03,15002.43,15003.45,15001.76,15000.55,14999.72,14999.36,14999.3,14999.31,14999.27,14999.32,14999.39,14999.41,14999.43,14999.46,14999.49,14999.53,14999.56,14999.59,14999.62,14999.63,14999.66,14999.7,14999.72,14999.74,14999.76,14999.77,14999.8,14999.81,14999.81,14999.83,14999.84,14999.85,14999.86,14999.87,14999.88,14999.88,14999.89,14999.91,14999.9,14999.91,14999.9,14999.92,14999.92,14999.93,14999.94,14999.94,14999.95,14999.95,14999.94,14999.94,14999.95,14999.95,14999.95,14999.96,14999.95,14999.95,14999.97,14999.96,14999.97,14999.97,14999.96,14999.97,14999.97,14999.97,14999.97,14999.99,14999.98,14999.98,14999.98,14999.98,14999.99,14999.98,14999.98,14999.98,14999.98,14999.99,14999.98,14999.98,14999.98,14999.99,14999.98,14999.99,14999.98,14999.99,14999.99,14999.99,14999.99,15000.0,14999.99,14999.99,15000.0,15000.0,14999.99,15000.0,15000.0,15000.0,14999.99,14999.99,15000.0,14999.99,15000.0,15000.0,14999.99,14999.99,15000.0,15000.0,15000.0,15000.0,15000.01,15000.0,15000.0,14999.99,15000.0,15000.0,14999.99,14999.99,14999.99,15000.0,14999.99,14999.99,14999.99,15000.01,15000.0,15000.0,14999.99,15000.0,15000.01,15000.01,14999.99,14999.99,15000.01,14999.99,14999.99
4,,,,,,,,,15000.0,15000.0,15000.0,15000.0,15000.0,15000.0,15000.0,15000.0,15000.0,15000.0,15000.0,15000.0,15000.0,15000.0,15000.0,15000.0,15000.0,15000.0,15000.0,15000.0,15000.0,15000.0,15000.0,15000.0,15000.0,15000.0,15000.0,15000.0,15000.0,15000.0,15000.0,15000.0,15000.0,15000.0,15000.0,15000.0,15000.0,15000.0,15000.0,15000.0,15000.0,15000.0,15000.0,15000.0,15000.0,15000.0,15000.0,15000.0,15000.0,15000.0,15000.0,15000.0,15000.0,15000.0,15000.0,15000.0,15000.0,15000.0,15000.0,15000.0,15000.0,15000.0,15000.0,15000.0,15000.0,15000.0,15000.0,15000.0,15000.0,15000.0,15000.0,15000.0,15000.0,15000.0,15000.0,15000.0,15000.0,15000.0,15000.0,15000.0,15000.0,15000.0,15000.0,15000.0,15000.0,15000.0,15000.0,15000.0,15000.0,15000.0,15000.0,15000.0,15000.0,15000.0,15000.0,15000.0,15000.0,15000.0,15000.0,15000.0,15000.0,15000.0,15000.0,15000.0,15000.0,15000.0,15000.0,15000.0,15000.0,15000.0,15000.0,15000.0,15000.0,15000.0,15000.0,15000.0,15000.0,15000.0,15000.0,15000.0,15000.0,15000.0,15000.0,15000.0,15000.0,15000.0,15000.0,15000.0,15000.0,15000.0,15000.0,15000.0,15000.0,15000.0,15000.0,15000.0,15000.0,15000.0,15000.0,15000.0,15000.0,15000.0,15000.0,15000.0,15000.0
5,,,,,,,,,0.0,0.0,0.0,0.0,0.0,0.0,0.0,0.0,0.0,0.0,0.0,0.0,0.0,0.0,0.0,0.0,0.0,0.0,0.0,0.0,0.0,0.0,0.0,0.0,0.0,0.0,0.0,0.0,0.0,0.0,0.0,0.0,0.0,0.0,0.0,0.0,0.0,0.0,0.0,0.0,0.0,0.0,0.0,0.0,0.0,0.0,0.0,0.0,0.0,0.0,0.0,0.0,0.0,0.0,0.0,0.0,0.0,0.0,0.0,0.0,0.0,0.0,0.0,0.0,0.0,0.0,0.0,0.0,0.0,0.0,0.0,0.0,0.0,0.0,0.0,0.0,0.0,0.0,0.0,0.0,0.0,0.0,0.0,0.0,0.0,0.0,0.0,0.0,0.0,0.0,0.0,0.0,0.0,0.0,0.0,0.0,0.0,0.0,0.0,0.0,0.0,0.0,0.0,0.0,0.0,0.0,0.0,0.0,0.0,0.0,0.0,0.0,0.0,0.0,0.0,0.0,0.0,0.0,0.0,0.0,0.0,0.0,0.0,0.0,0.0,0.0,0.0,0.0,0.0,0.0,0.0,0.0,0.0,0.0,0.0,0.0,0.0,0.0,0.0,0.0,0.0,0.0,0.0,0.0,0.0
6,,,,,,,,,0.0,0.07960204,0.08905914,0.1135509,0.1705986,0.2283833,0.2857185,0.3425322,0.3989486,0.455159,0.511228,0.5672079,0.6231913,0.6791876,0.7351798,0.7911639,0.8471406,0.9031111,0.9590763,1.015037,1.070995,1.126949,1.182901,1.23885,1.294797,1.350741,1.406684,1.462625,1.518564,1.574501,1.630438,1.686372,1.742306,1.798239,1.85417,1.910101,1.966031,2.021959,2.077887,2.133815,2.189741,2.245667,2.301592,2.357517,2.413441,2.469364,2.525287,2.58121,2.637131,2.693053,2.748974,2.804895,2.860815,2.916735,2.972654,3.028573,3.084492,3.140411,3.196329,3.252247,3.308164,3.364082,3.419999,3.475915,3.531832,3.587748,3.643664,3.69958,3.755495,3.811411,3.867326,3.923241,3.979156,4.03507,4.090985,4.146899,4.202813,4.258727,4.31464,4.370554,4.426467,4.482381,4.538294,4.594207,4.65012,4.706032,4.761945,4.817857,4.87377,4.929682,4.985594,5.041506,5.097418,5.153329,5.209241,5.265153,5.321064,5.376975,5.432887,5.488798,5.544709,5.60062,5.656531,5.712441,5.768352,5.824263,5.880173,5.936084,5.991994,6.047904,6.103815,6.159725,6.215635,6.271545,6.327455,6.383365,6.439274,6.495184,6.551094,6.607003,6.662913,6.718822,6.774732,6.830641,6.88655,6.942459,6.998369,7.054278,7.110187,7.166096,7.222005,7.277914,7.333822,7.389731,7.44564,7.501549,7.557457,7.613366,7.669274,7.725183,7.781091,7.837,7.892908,7.948816,8.004725
7,,,,,,,,,0.0,0.0,0.0,0.0,0.0,0.0,0.0,0.0,0.0,0.0,0.0,0.0,0.0,0.0,0.0,0.0,0.0,0.0,0.0,0.0,0.0,0.0,0.0,0.0,0.0,0.0,0.0,0.0,0.0,0.0,0.0,0.0,0.0,0.0,0.0,0.0,0.0,0.0,0.0,0.0,0.0,0.0,0.0,0.0,0.0,0.0,0.0,0.0,0.0,0.0,0.0,0.0,0.0,0.0,0.0,0.0,0.0,0.0,0.0,0.0,0.0,0.0,0.0,0.0,0.0,0.0,0.0,0.0,0.0,0.0,0.0,0.0,0.0,0.0,0.0,0.0,0.0,0.0,0.0,0.0,0.0,0.0,0.0,0.0,0.0,0.0,0.0,0.0,0.0,0.0,0.0,0.0,0.0,0.0,0.0,0.0,0.0,0.0,0.0,0.0,0.0,0.0,0.0,0.0,0.0,0.0,0.0,0.0,0.0,0.0,0.0,0.0,0.0,0.0,0.0,0.0,0.0,0.0,0.0,0.0,0.0,0.0,0.0,0.0,0.0,0.0,0.0,0.0,0.0,0.0,0.0,0.0,0.0,0.0,0.0,0.0,0.0,0.0,0.0,0.0,0.0,0.0,0.0,0.0,0.0
8,,,,,,,,,0.0,0.03832698,0.04133241,0.04256846,0.04415986,0.04560581,0.04653578,0.04659204,0.04576107,0.04422177,0.04240897,0.04047472,0.03854252,0.0367028,0.03499747,0.0329537,0.03157168,0.03031318,0.02912044,0.02801302,0.02707454,0.0261246,0.02524811,0.02441768,0.02362573,0.02288223,0.02218235,0.0215229,0.02090051,0.0203118,0.01975409,0.01922512,0.01872282,0.0182449,0.01778963,0.01735582,0.01694127,0.01654506,0.01616599,0.01580282,0.01545474,0.01512068,0.01479976,0.01449114,0.01419475,0.01390927,0.01363429,0.01336928,0.01311341,0.01286665,0.01262796,0.01239711,0.0118069,0.0109965,0.01075695,0.01058086,0.01041046,0.01024526,0.01008475,0.009929173,0.009778275,0.009631242,0.009488439,0.009349393,0.009214155,0.00908247,0.008954187,0.00882938,0.008707724,0.008589051,0.008473223,0.008360198,0.00824996,0.00814225,0.008037066,0.007934286,0.007833995,0.007736049,0.007640009,0.007546169,0.007454505,0.00736464,0.00727674,0.007190746,0.007106419,0.007023968,0.00694322,0.006864098,0.006786413,0.006710355,0.006635684,0.006562525,0.006490942,0.006420573,0.006351448,0.006283685,0.006217157,0.006152073,0.006087826,0.006024824,0.00596311,0.005902224,0.005842637,0.005783758,0.005726147,0.005669377,0.005613689,0.005558994,0.005504942,0.005452008,0.005399925,0.005348435,0.005298129,0.005248369,0.005199559,0.005151135,0.005103936,0.005057206,0.005011286,0.004966029,0.004921554,0.004877519,0.004834178,0.004791484,0.004749767,0.004708138,0.004667348,0.00462722,0.00458748,0.004548293,0.004509765,0.004471729,0.004434374,0.004397241,0.004360708,0.00432475,0.004289306,0.004254233,0.004219797,0.004185648,0.00415198,0.004118661,0.004085784,0.004053326,0.004021399
9,,,,,,,,,0.0,0.0,0.0,0.0,0.0,0.0,0.0,0.0,0.0,0.0,0.0,0.0,0.0,0.0,0.0,0.0,0.0,0.0,0.0,0.0,0.0,0.0,0.0,0.0,0.0,0.0,0.0,0.0,0.0,0.0,0.0,0.0,0.0,0.0,0.0,0.0,0.0,0.0,0.0,0.0,0.0,0.0,0.0,0.0,0.0,0.0,0.0,0.0,0.0,0.0,0.0,0.0,0.0,0.0,0.0,0.0,0.0,0.0,0.0,0.0,0.0,0.0,0.0,0.0,0.0,0.0,0.0,0.0,0.0,0.0,0.0,0.0,0.0,0.0,0.0,0.0,0.0,0.0,0.0,0.0,0.0,0.0,0.0,0.0,0.0,0.0,0.0,0.0,0.0,0.0,0.0,0.0,0.0,0.0,0.0,0.0,0.0,0.0,0.0,0.0,0.0,0.0,0.0,0.0,0.0,0.0,0.0,0.0,0.0,0.0,0.0,0.0,0.0,0.0,0.0,0.0,0.0,0.0,0.0,0.0,0.0,0.0,0.0,0.0,0.0,0.0,0.0,0.0,0.0,0.0,0.0,0.0,0.0,0.0,0.0,0.0,0.0,0.0,0.0,0.0,0.0,0.0,0.0,0.0,0.0
10,,,,,,,,,0.0,0.0,0.0,9.196984e-06,1.649356e-05,1.104847e-05,5.945967e-06,2.802673e-06,1.229649e-06,2.67415e-07,0.0,4.990302e-08,1.036783e-07,9.43797e-08,7.006457e-08,5.075433e-08,3.74225e-08,2.882226e-08,2.096085e-08,1.801855e-08,2.014225e-08,1.916047e-08,1.390504e-08,7.69083e-09,1.210465e-08,8.498701e-09,4.433996e-09,3.144782e-09,7.303267e-09,7.899033e-10,1.902099e-09,1.734937e-20,6.657811e-09,2.595967e-09,2.529668e-09,0.0,2.552772e-09,0.0,0.0,0.0,3.427936e-09,5.679122e-10,0.0,1.734937e-20,0.0,3.296464e-10,-1.734937e-20,-1.734937e-20,-1.734937e-20,0.0,0.0,-1.734937e-20,0.0,4.09856e-10,0.0,0.0,0.0,1.734937e-20,0.0,0.0,-1.734937e-20,4.932047e-10,0.0,0.0,1.734937e-20,3.307002e-11,-1.734937e-20,0.0,0.0,4.773703e-10,-1.734937e-20,0.0,0.0,1.734937e-20,-1.734937e-20,1.734937e-20,6.065288e-10,1.734937e-20,1.734937e-20,1.734937e-20,0.0,0.0,0.0,0.0,0.0,1.734937e-20,0.0,0.0,0.0,-1.734937e-20,0.0,0.0,0.0,0.0,0.0,0.0,0.0,0.0,1.734937e-20,1.734937e-20,0.0,1.734937e-20,1.734937e-20,1.734937e-20,0.0,0.0,0.0,-1.734937e-20,0.0,0.0,0.0,1.734937e-20,-1.734937e-20,1.734937e-20,-1.734937e-20,0.0,0.0,0.0,0.0,0.0,-1.734937e-20,-1.734937e-20,-1.734937e-20,0.0,1.734937e-20,0.0,0.0,0.0,-1.734937e-20,0.0,0.0,0.0,-1.734937e-20,0.0,0.0,-1.734937e-20,0.0,-1.734937e-20,0.0,0.0,0.0,0.0,0.0,0.0,0.0
11,,,,,,,,,0.0,0.0,0.0,0.0,0.0,0.0,0.0,0.0,0.0,0.0,0.0,0.0,0.0,0.0,0.0,0.0,0.0,0.0,0.0,0.0,0.0,0.0,0.0,0.0,0.0,0.0,0.0,0.0,0.0,0.0,0.0,0.0,0.0,0.0,0.0,0.0,0.0,0.0,0.0,0.0,0.0,0.0,0.0,0.0,0.0,0.0,0.0,0.0,0.0,0.0,0.0,0.0,0.0,0.0,0.0,0.0,0.0,0.0,0.0,0.0,0.0,0.0,0.0,0.0,0.0,0.0,0.0,0.0,0.0,0.0,0.0,0.0,0.0,0.0,0.0,0.0,0.0,0.0,0.0,0.0,0.0,0.0,0.0,0.0,0.0,0.0,0.0,0.0,0.0,0.0,0.0,0.0,0.0,0.0,0.0,0.0,0.0,0.0,0.0,0.0,0.0,0.0,0.0,0.0,0.0,0.0,0.0,0.0,0.0,0.0,0.0,0.0,0.0,0.0,0.0,0.0,0.0,0.0,0.0,0.0,0.0,0.0,0.0,0.0,0.0,0.0,0.0,0.0,0.0,0.0,0.0,0.0,0.0,0.0,0.0,0.0,0.0,0.0,0.0,0.0,0.0,0.0,0.0,0.0,0.0
12,,,,,,,,,1.0409619999999999e-19,1.246834e-05,2.168734e-06,1.599253e-06,3.028229e-06,2.665564e-06,8.546401e-07,-1.055e-06,-2.211392e-06,-3.366384e-06,-3.840854e-06,-4.055745e-06,-4.03571e-06,-3.78277e-06,-3.420479e-06,-2.590939e-06,-7.658514e-06,-4.014157e-06,-3.711219e-06,-4.184066e-06,-2.902669e-06,-2.972416e-06,-2.74371e-06,-2.679663e-06,-2.514265e-06,-2.345116e-06,-2.22161e-06,-2.081449e-06,-1.964081e-06,-1.873785e-06,-1.761482e-06,-1.685869e-06,-1.644833e-06,-1.503055e-06,-1.458579e-06,-1.349708e-06,-1.312757e-06,-1.228178e-06,-1.209224e-06,-1.148185e-06,-1.124908e-06,-1.039278e-06,-1.021638e-06,-9.833367e-07,-9.048114e-07,-8.666815e-07,-8.471499e-07,-8.231413e-07,-8.188516e-07,-7.875854e-07,-7.375273e-07,-7.331756e-07,2.470985e-07,3.21983e-07,-5.735705e-07,-5.461765e-07,-5.053442e-07,-4.921647e-07,-4.828628e-07,-4.725577e-07,-4.393622e-07,-4.692644e-07,-4.540288e-07,-4.511618e-07,-4.172572e-07,-4.223321e-07,-3.970007e-07,-4.022012e-07,-3.829837e-07,-3.314871e-07,-3.674199e-07,-3.791092e-07,-3.685629e-07,-3.575329e-07,-3.65479e-07,-3.396855e-07,-3.469154e-07,-3.108739e-07,-2.694559e-07,-2.960924e-07,-3.046077e-07,-2.577776e-07,-2.718888e-07,-2.467089e-07,-2.713928e-07,-2.206011e-07,-2.311011e-07,-2.383258e-07,-2.42775e-07,-2.479482e-07,-2.178402e-07,-2.263152e-07,-2.049278e-07,-1.796263e-07,-2.28986e-07,-2.001261e-07,-1.841449e-07,-1.675545e-07,-1.53905e-07,-1.93166e-07,-1.973924e-07,-1.609841e-07,-1.646858e-07,-1.629819e-07,-1.835782e-07,-1.525124e-07,-1.734497e-07,-1.854094e-07,-1.691661e-07,-1.355613e-07,-1.347791e-07,-1.652691e-07,-1.633635e-07,-1.410456e-07,-1.723938e-07,-1.781701e-07,-1.49776e-07,-1.227064e-07,-1.110304e-07,-1.338639e-07,-1.400655e-07,-1.334095e-07,-1.296768e-07,-1.318621e-07,-1.320958e-07,-1.229867e-07,-1.04605e-07,-1.049106e-07,-1.178151e-07,-1.255284e-07,-1.04581e-07,-1.189672e-07,-1.409292e-07,-9.430535e-08,-1.092457e-07,-1.098988e-07,-9.359525e-08,-7.340622e-08,-1.049278e-07,-1.216543e-07,-7.03343e-08,-8.052939e-08,-9.839929e-08,-1.025184e-07,-8.292933e-08
13,,,,,,,,,0.0,0.0,0.0,0.0,0.0,0.0,0.0,0.0,0.0,0.0,0.0,0.0,0.0,0.0,0.0,0.0,0.0,0.0,0.0,0.0,0.0,0.0,0.0,0.0,0.0,0.0,0.0,0.0,0.0,0.0,0.0,0.0,0.0,0.0,0.0,0.0,0.0,0.0,0.0,0.0,0.0,0.0,0.0,0.0,0.0,0.0,0.0,0.0,0.0,0.0,0.0,0.0,0.0,0.0,0.0,0.0,0.0,0.0,0.0,0.0,0.0,0.0,0.0,0.0,0.0,0.0,0.0,0.0,0.0,0.0,0.0,0.0,0.0,0.0,0.0,0.0,0.0,0.0,0.0,0.0,0.0,0.0,0.0,0.0,0.0,0.0,0.0,0.0,0.0,0.0,0.0,0.0,0.0,0.0,0.0,0.0,0.0,0.0,0.0,0.0,0.0,0.0,0.0,0.0,0.0,0.0,0.0,0.0,0.0,0.0,0.0,0.0,0.0,0.0,0.0,0.0,0.0,0.0,0.0,0.0,0.0,0.0,0.0,0.0,0.0,0.0,0.0,0.0,0.0,0.0,0.0,0.0,0.0,0.0,0.0,0.0,0.0,0.0,0.0,0.0,0.0,0.0,0.0,0.0,0.0
14,,,,,,,,,0.6554826,1.156096,0.527286,0.5932941,0.6050264,0.6215984,0.6374721,0.6465195,0.6508474,0.6542344,0.6548043,0.6544153,0.6545713,0.6547912,0.654954,0.6550724,0.6551601,0.6552213,0.6552786,0.6553101,0.6553116,0.6553263,0.6553613,0.6553992,0.6553816,0.655404,0.6554278,0.6554372,0.6554187,0.655454,0.6554504,0.655463,0.65543,0.6554521,0.6554534,0.655472,0.6554552,0.6554696,0.6554984,0.6554811,0.6554543,0.6554695,0.6554836,0.6554905,0.6554778,0.6554729,0.6554935,0.6554812,0.6554812,0.6554812,0.6554988,0.6555004,0.6554803,0.6554753,0.6554971,0.6555006,0.6554846,0.6554958,0.6554991,0.6554959,0.655482,0.6554759,0.6554902,0.6554905,0.6554868,0.6554792,0.6554926,0.6554931,0.6554803,0.6554772,0.655505,0.6555061,0.6554844,0.6554867,0.655498,0.6555047,0.6554769,0.6554966,0.6555119,0.6555117,0.6554971,0.6555067,0.6555021,0.6555103,0.655493,0.65549,0.6555059,0.6555047,0.6554912,0.6555044,0.6555193,0.6555112,0.6554853,0.6554931,0.6554961,0.6554997,0.6555007,0.6554986,0.6555146,0.6555161,0.6554993,0.6554833,0.6555049,0.6555125,0.6554903,0.6554945,0.6555205,0.6555057,0.655487,0.6554982,0.6555203,0.6555127,0.6554892,0.6554882,0.6554943,0.6554981,0.6555012,0.6555042,0.6555121,0.6555198,0.6554909,0.6554933,0.655505,0.6555138,0.6554896,0.6555027,0.655498,0.6555088,0.6554939,0.6554921,0.6555253,0.655514,0.6554883,0.6554885,0.655517,0.655502,0.655505,0.6555016,0.65552,0.6555123,0.6555021,0.6554981,0.655506,0.6555063,0.6554976
15,,,,,,,,,0.6554826,0.0,0.0,0.0,0.0,0.0,0.0,0.0,0.0,0.0,0.0,0.0,0.0,0.0,0.0,0.0,0.0,0.0,0.0,0.0,0.0,0.0,0.0,0.0,0.0,0.0,0.0,0.0,0.0,0.0,0.0,0.0,0.0,0.0,0.0,0.0,0.0,0.0,0.0,0.0,0.0,0.0,0.0,0.0,0.0,0.0,0.0,0.0,0.0,0.0,0.0,0.0,0.0,0.0,0.0,0.0,0.0,0.0,0.0,0.0,0.0,0.0,0.0,0.0,0.0,0.0,0.0,0.0,0.0,0.0,0.0,0.0,0.0,0.0,0.0,0.0,0.0,0.0,0.0,0.0,0.0,0.0,0.0,0.0,0.0,0.0,0.0,0.0,0.0,0.0,0.0,0.0,0.0,0.0,0.0,0.0,0.0,0.0,0.0,0.0,0.0,0.0,0.0,0.0,0.0,0.0,0.0,0.0,0.0,0.0,0.0,0.0,0.0,0.0,0.0,0.0,0.0,0.0,0.0,0.0,0.0,0.0,0.0,0.0,0.0,0.0,0.0,0.0,0.0,0.0,0.0,0.0,0.0,0.0,0.0,0.0,0.0,0.0,0.0,0.0,0.0,0.0,0.0,0.0,0.0
16,,,,,,,,,0.6554826,0.002167786,0.0003770032,0.000277986,0.0005264633,0.0004634056,0.0001485211,-0.0001835288,-0.0003846023,-0.0005854327,-0.0006679326,-0.000705296,-0.0007018096,-0.0006578242,-0.0005948135,-0.0005800746,-0.0001169997,-3.614531e-06,-5.96345e-07,-1.696742e-07,-5.783671e-10,-2.551868e-11,-2.56518e-11,-2.576532e-11,-2.591117e-11,-2.605816e-11,-2.620749e-11,-2.635788e-11,-2.650959e-11,-2.66629e-11,-2.681749e-11,-2.697342e-11,-2.713051e-11,-2.728858e-11,-2.744817e-11,-2.760814e-11,-2.777025e-11,-2.79332e-11,-2.809771e-11,-2.826291e-11,-2.842947e-11,-2.859671e-11,-2.876566e-11,-2.893572e-11,-2.910626e-11,-2.927857e-11,-2.945203e-11,-2.962608e-11,-2.980211e-11,-2.997836e-11,-3.015623e-11,-3.033557e-11,0.0,0.0,-3.089793e-11,-3.108014e-11,-3.126347e-11,-3.144826e-11,-3.163489e-11,-3.182227e-11,-3.201057e-11,-3.220129e-11,-3.239274e-11,-3.25857e-11,-3.277949e-11,-3.297481e-11,-3.317134e-11,-3.336886e-11,-3.356746e-11,-3.376717e-11,-3.396916e-11,-3.417208e-11,-3.437586e-11,-3.458116e-11,-3.478782e-11,-3.499563e-11,-3.520452e-11,-3.541439e-11,-3.562603e-11,-3.583913e-11,-3.605338e-11,-3.626871e-11,-3.648584e-11,-3.670366e-11,-3.692374e-11,-3.714403e-11,-3.73662e-11,-3.758965e-11,-3.781493e-11,-3.804123e-11,-3.826911e-11,-3.849809e-11,-3.872793e-11,-3.895962e-11,-3.919358e-11,-3.942795e-11,-3.966399e-11,-3.990087e-11,-4.014013e-11,-4.0381e-11,-4.062254e-11,-4.086576e-11,-4.111047e-11,-4.135722e-11,-4.16052e-11,-4.185434e-11,-4.210525e-11,-4.235735e-11,-4.261135e-11,-4.286625e-11,-4.312289e-11,-4.338229e-11,-4.364173e-11,-4.390331e-11,-4.416661e-11,-4.443223e-11,-4.469782e-11,-4.496571e-11,-4.523509e-11,-4.55066e-11,-4.577902e-11,-4.605413e-11,-4.633039e-11,-4.660836e-11,-4.688689e-11,-4.716885e-11,-4.745133e-11,-4.773559e-11,-4.802237e-11,-4.831088e-11,-4.860015e-11,-4.889194e-11,-4.918504e-11,-4.948004e-11,-4.977735e-11,-5.007583e-11,-5.037587e-11,-5.067797e-11,-5.098223e-11,-5.128824e-11,-5.159529e-11,-5.190535e-11,-5.221724e-11,-5.253057e-11,-5.284528e-11
17,,,,,,,,,0.0,0.0,0.0,0.0,0.0,0.0,0.0,0.0,0.0,0.0,0.0,0.0,0.0,0.0,0.0,0.0,0.0,0.0,0.0,0.0,0.0,0.0,0.0,0.0,0.0,0.0,0.0,0.0,0.0,0.0,0.0,0.0,0.0,0.0,0.0,0.0,0.0,0.0,0.0,0.0,0.0,0.0,0.0,0.0,0.0,0.0,0.0,0.0,0.0,0.0,0.0,0.0,0.0,0.0,0.0,0.0,0.0,0.0,0.0,0.0,0.0,0.0,0.0,0.0,0.0,0.0,0.0,0.0,0.0,0.0,0.0,0.0,0.0,0.0,0.0,0.0,0.0,0.0,0.0,0.0,0.0,0.0,0.0,0.0,0.0,0.0,0.0,0.0,0.0,0.0,0.0,0.0,0.0,0.0,0.0,0.0,0.0,0.0,0.0,0.0,0.0,0.0,0.0,0.0,0.0,0.0,0.0,0.0,0.0,0.0,0.0,0.0,0.0,0.0,0.0,0.0,0.0,0.0,0.0,0.0,0.0,0.0,0.0,0.0,0.0,0.0,0.0,0.0,0.0,0.0,0.0,0.0,0.0,0.0,0.0,0.0,0.0,0.0,0.0,0.0,0.0,0.0,0.0,0.0,0.0
18,,,,,,,,,0.0,0.0,0.0,9.196984e-06,1.649356e-05,1.104847e-05,5.945967e-06,2.802673e-06,1.229649e-06,2.67415e-07,0.0,4.990302e-08,1.036783e-07,9.43797e-08,7.006457e-08,5.075433e-08,3.74225e-08,2.882226e-08,2.096085e-08,1.801855e-08,2.014225e-08,1.916047e-08,1.390504e-08,7.69083e-09,1.210465e-08,8.498701e-09,4.433996e-09,3.144782e-09,7.303267e-09,7.899033e-10,1.902099e-09,1.734937e-20,6.657811e-09,2.595967e-09,2.529668e-09,0.0,2.552772e-09,0.0,0.0,0.0,3.427936e-09,5.679122e-10,0.0,1.734937e-20,0.0,3.296464e-10,-1.734937e-20,-1.734937e-20,-1.734937e-20,0.0,0.0,-1.734937e-20,0.0,4.09856e-10,0.0,0.0,0.0,1.734937e-20,0.0,0.0,-1.734937e-20,4.932047e-10,0.0,0.0,1.734937e-20,3.307002e-11,-1.734937e-20,0.0,0.0,4.773703e-10,-1.734937e-20,0.0,0.0,1.734937e-20,-1.734937e-20,1.734937e-20,6.065288e-10,1.734937e-20,1.734937e-20,1.734937e-20,0.0,0.0,0.0,0.0,0.0,1.734937e-20,0.0,0.0,0.0,-1.734937e-20,0.0,0.0,0.0,0.0,0.0,0.0,0.0,0.0,1.734937e-20,1.734937e-20,0.0,1.734937e-20,1.734937e-20,1.734937e-20,0.0,0.0,0.0,-1.734937e-20,0.0,0.0,0.0,1.734937e-20,-1.734937e-20,1.734937e-20,-1.734937e-20,0.0,0.0,0.0,0.0,0.0,-1.734937e-20,-1.734937e-20,-1.734937e-20,0.0,1.734937e-20,0.0,0.0,0.0,-1.734937e-20,0.0,0.0,0.0,-1.734937e-20,0.0,0.0,-1.734937e-20,0.0,-1.734937e-20,0.0,0.0,0.0,0.0,0.0,0.0,0.0
19,,,,,,,,,0.0,0.0,0.0,0.0,0.0,0.0,0.0,0.0,0.0,0.0,0.0,0.0,0.0,0.0,0.0,0.0,0.0,0.0,0.0,0.0,0.0,0.0,0.0,0.0,0.0,0.0,0.0,0.0,0.0,0.0,0.0,0.0,0.0,0.0,0.0,0.0,0.0,0.0,0.0,0.0,0.0,0.0,0.0,0.0,0.0,0.0,0.0,0.0,0.0,0.0,0.0,0.0,0.0,0.0,0.0,0.0,0.0,0.0,0.0,0.0,0.0,0.0,0.0,0.0,0.0,0.0,0.0,0.0,0.0,0.0,0.0,0.0,0.0,0.0,0.0,0.0,0.0,0.0,0.0,0.0,0.0,0.0,0.0,0.0,0.0,0.0,0.0,0.0,0.0,0.0,0.0,0.0,0.0,0.0,0.0,0.0,0.0,0.0,0.0,0.0,0.0,0.0,0.0,0.0,0.0,0.0,0.0,0.0,0.0,0.0,0.0,0.0,0.0,0.0,0.0,0.0,0.0,0.0,0.0,0.0,0.0,0.0,0.0,0.0,0.0,0.0,0.0,0.0,0.0,0.0,0.0,0.0,0.0,0.0,0.0,0.0,0.0,0.0,0.0,0.0,0.0,0.0,0.0,0.0,0.0
20,,,,,,,,,1.0409619999999999e-19,1.246697e-05,2.168149e-06,1.598701e-06,3.027696e-06,2.665051e-06,8.541465e-07,-1.055476e-06,-2.211852e-06,-3.36683e-06,-3.841288e-06,-4.056166e-06,-4.036115e-06,-3.783154e-06,-3.420779e-06,-3.336016e-06,-6.728669e-07,-2.078721e-08,-3.429587e-09,-9.757982e-10,-3.326196e-12,-1.467582e-13,-1.475238e-13,-1.481766e-13,-1.490154e-13,-1.498608e-13,-1.507196e-13,-1.515845e-13,-1.52457e-13,-1.533386e-13,-1.542277e-13,-1.551244e-13,-1.560279e-13,-1.569369e-13,-1.578547e-13,-1.587747e-13,-1.59707e-13,-1.606442e-13,-1.615903e-13,-1.625403e-13,-1.634982e-13,-1.6446e-13,-1.654316e-13,-1.664097e-13,-1.673904e-13,-1.683814e-13,-1.69379e-13,-1.703799e-13,-1.713923e-13,-1.724059e-13,-1.734288e-13,-1.744602e-13,0.0,0.0,-1.776944e-13,-1.787423e-13,-1.797966e-13,-1.808593e-13,-1.819326e-13,-1.830102e-13,-1.840932e-13,-1.8519e-13,-1.86291e-13,-1.874007e-13,-1.885152e-13,-1.896385e-13,-1.907688e-13,-1.919047e-13,-1.930468e-13,-1.941954e-13,-1.95357e-13,-1.96524e-13,-1.97696e-13,-1.988766e-13,-2.000651e-13,-2.012603e-13,-2.024616e-13,-2.036686e-13,-2.048857e-13,-2.061112e-13,-2.073434e-13,-2.085818e-13,-2.098305e-13,-2.110832e-13,-2.123489e-13,-2.136158e-13,-2.148934e-13,-2.161785e-13,-2.174741e-13,-2.187756e-13,-2.200861e-13,-2.21403e-13,-2.227248e-13,-2.240572e-13,-2.254027e-13,-2.267506e-13,-2.281081e-13,-2.294703e-13,-2.308463e-13,-2.322316e-13,-2.336207e-13,-2.350194e-13,-2.364268e-13,-2.378459e-13,-2.39272e-13,-2.407048e-13,-2.421478e-13,-2.435976e-13,-2.450584e-13,-2.465243e-13,-2.480002e-13,-2.494921e-13,-2.509841e-13,-2.524884e-13,-2.540027e-13,-2.555303e-13,-2.570577e-13,-2.585983e-13,-2.601475e-13,-2.61709e-13,-2.632757e-13,-2.648578e-13,-2.664466e-13,-2.680452e-13,-2.696471e-13,-2.712686e-13,-2.728931e-13,-2.745279e-13,-2.761772e-13,-2.778364e-13,-2.795e-13,-2.811781e-13,-2.828637e-13,-2.845603e-13,-2.862701e-13,-2.879867e-13,-2.897122e-13,-2.914496e-13,-2.931994e-13,-2.949592e-13,-2.967251e-13,-2.985083e-13,-3.00302e-13,-3.021039e-13,-3.039138e-13
21,,,,,,,,,0.0,0.0,0.0,0.0,0.0,0.0,0.0,0.0,0.0,0.0,0.0,0.0,0.0,0.0,0.0,0.0,0.0,0.0,0.0,0.0,0.0,0.0,0.0,0.0,0.0,0.0,0.0,0.0,0.0,0.0,0.0,0.0,0.0,0.0,0.0,0.0,0.0,0.0,0.0,0.0,0.0,0.0,0.0,0.0,0.0,0.0,0.0,0.0,0.0,0.0,0.0,0.0,0.0,0.0,0.0,0.0,0.0,0.0,0.0,0.0,0.0,0.0,0.0,0.0,0.0,0.0,0.0,0.0,0.0,0.0,0.0,0.0,0.0,0.0,0.0,0.0,0.0,0.0,0.0,0.0,0.0,0.0,0.0,0.0,0.0,0.0,0.0,0.0,0.0,0.0,0.0,0.0,0.0,0.0,0.0,0.0,0.0,0.0,0.0,0.0,0.0,0.0,0.0,0.0,0.0,0.0,0.0,0.0,0.0,0.0,0.0,0.0,0.0,0.0,0.0,0.0,0.0,0.0,0.0,0.0,0.0,0.0,0.0,0.0,0.0,0.0,0.0,0.0,0.0,0.0,0.0,0.0,0.0,0.0,0.0,0.0,0.0,0.0,0.0,0.0,0.0,0.0,0.0,0.0,0.0
22,,,,,,,,,0.0,0.0,0.0,0.0,0.0,0.0,0.0,0.0,0.0,0.0,0.0,0.0,0.0,0.0,0.0,0.0,0.0,0.0,0.0,0.0,0.0,0.0,0.0,0.0,0.0,0.0,0.0,0.0,0.0,0.0,0.0,0.0,0.0,0.0,0.0,0.0,0.0,0.0,0.0,0.0,0.0,0.0,0.0,0.0,0.0,0.0,0.0,0.0,0.0,0.0,0.0,0.0,0.0,0.0,0.0,0.0,0.0,0.0,0.0,0.0,0.0,0.0,0.0,0.0,0.0,0.0,0.0,0.0,0.0,0.0,0.0,0.0,0.0,0.0,0.0,0.0,0.0,0.0,0.0,0.0,0.0,0.0,0.0,0.0,0.0,0.0,0.0,0.0,0.0,0.0,0.0,0.0,0.0,0.0,0.0,0.0,0.0,0.0,0.0,0.0,0.0,0.0,0.0,0.0,0.0,0.0,0.0,0.0,0.0,0.0,0.0,0.0,0.0,0.0,0.0,0.0,0.0,0.0,0.0,0.0,0.0,0.0,0.0,0.0,0.0,0.0,0.0,0.0,0.0,0.0,0.0,0.0,0.0,0.0,0.0,0.0,0.0,0.0,0.0,0.0,0.0,0.0,0.0,0.0,0.0
23,,,,,,,,,0.0,0.0,0.0,0.0,0.0,0.0,0.0,0.0,0.0,0.0,0.0,0.0,0.0,0.0,0.0,0.0,0.0,0.0,0.0,0.0,0.0,0.0,0.0,0.0,0.0,0.0,0.0,0.0,0.0,0.0,0.0,0.0,0.0,0.0,0.0,0.0,0.0,0.0,0.0,0.0,0.0,0.0,0.0,0.0,0.0,0.0,0.0,0.0,0.0,0.0,0.0,0.0,0.0,0.0,0.0,0.0,0.0,0.0,0.0,0.0,0.0,0.0,0.0,0.0,0.0,0.0,0.0,0.0,0.0,0.0,0.0,0.0,0.0,0.0,0.0,0.0,0.0,0.0,0.0,0.0,0.0,0.0,0.0,0.0,0.0,0.0,0.0,0.0,0.0,0.0,0.0,0.0,0.0,0.0,0.0,0.0,0.0,0.0,0.0,0.0,0.0,0.0,0.0,0.0,0.0,0.0,0.0,0.0,0.0,0.0,0.0,0.0,0.0,0.0,0.0,0.0,0.0,0.0,0.0,0.0,0.0,0.0,0.0,0.0,0.0,0.0,0.0,0.0,0.0,0.0,0.0,0.0,0.0,0.0,0.0,0.0,0.0,0.0,0.0,0.0,0.0,0.0,0.0,0.0,0.0
24,,,,,,,,,0.0,1.367224e-09,5.847899e-10,5.52026e-10,5.323974e-10,5.130649e-10,4.936653e-10,4.762937e-10,4.606856e-10,4.462275e-10,4.337201e-10,4.20362e-10,4.053465e-10,3.840158e-10,3.002645e-10,7.450769e-07,-6.985647e-06,-3.99337e-06,-3.707789e-06,-4.18309e-06,-2.902666e-06,-2.972416e-06,-2.74371e-06,-2.679663e-06,-2.514265e-06,-2.345116e-06,-2.22161e-06,-2.081449e-06,-1.964081e-06,-1.873785e-06,-1.761482e-06,-1.685869e-06,-1.644833e-06,-1.503055e-06,-1.458579e-06,-1.349708e-06,-1.312757e-06,-1.228178e-06,-1.209224e-06,-1.148185e-06,-1.124908e-06,-1.039278e-06,-1.021638e-06,-9.833365e-07,-9.048112e-07,-8.666813e-07,-8.471498e-07,-8.231411e-07,-8.188515e-07,-7.875853e-07,-7.375271e-07,-7.331754e-07,2.470985e-07,3.21983e-07,-5.735703e-07,-5.461763e-07,-5.05344e-07,-4.921645e-07,-4.828627e-07,-4.725576e-07,-4.39362e-07,-4.692643e-07,-4.540286e-07,-4.511616e-07,-4.17257e-07,-4.223319e-07,-3.970005e-07,-4.02201e-07,-3.829835e-07,-3.314869e-07,-3.674197e-07,-3.79109e-07,-3.685627e-07,-3.575327e-07,-3.654788e-07,-3.396853e-07,-3.469152e-07,-3.108737e-07,-2.694556e-07,-2.960922e-07,-3.046074e-07,-2.577774e-07,-2.718886e-07,-2.467087e-07,-2.713926e-07,-2.206009e-07,-2.311009e-07,-2.383256e-07,-2.427748e-07,-2.47948e-07,-2.1784e-07,-2.26315e-07,-2.049276e-07,-1.796261e-07,-2.289857e-07,-2.001259e-07,-1.841446e-07,-1.675543e-07,-1.539048e-07,-1.931657e-07,-1.973922e-07,-1.609838e-07,-1.646856e-07,-1.629817e-07,-1.83578e-07,-1.525121e-07,-1.734495e-07,-1.854092e-07,-1.691659e-07,-1.355611e-07,-1.347788e-07,-1.652689e-07,-1.633633e-07,-1.410453e-07,-1.723935e-07,-1.781698e-07,-1.497757e-07,-1.227061e-07,-1.110301e-07,-1.338637e-07,-1.400652e-07,-1.334092e-07,-1.296765e-07,-1.318619e-07,-1.320955e-07,-1.229864e-07,-1.046047e-07,-1.049103e-07,-1.178149e-07,-1.255282e-07,-1.045807e-07,-1.189669e-07,-1.409289e-07,-9.430506e-08,-1.092454e-07,-1.098986e-07,-9.359496e-08,-7.340593e-08,-1.049275e-07,-1.21654e-07,-7.033401e-08,-8.052909e-08,-9.839899e-08,-1.025181e-07,-8.292903e-08
25,,,,,,,,,0.0,0.0,0.0,0.0,0.0,0.0,0.0,0.0,0.0,0.0,0.0,0.0,0.0,0.0,0.0,0.0,0.0,0.0,0.0,0.0,0.0,0.0,0.0,0.0,0.0,0.0,0.0,0.0,0.0,0.0,0.0,0.0,0.0,0.0,0.0,0.0,0.0,0.0,0.0,0.0,0.0,0.0,0.0,0.0,0.0,0.0,0.0,0.0,0.0,0.0,0.0,0.0,0.0,0.0,0.0,0.0,0.0,0.0,0.0,0.0,0.0,0.0,0.0,0.0,0.0,0.0,0.0,0.0,0.0,0.0,0.0,0.0,0.0,0.0,0.0,0.0,0.0,0.0,0.0,0.0,0.0,0.0,0.0,0.0,0.0,0.0,0.0,0.0,0.0,0.0,0.0,0.0,0.0,0.0,0.0,0.0,0.0,0.0,0.0,0.0,0.0,0.0,0.0,0.0,0.0,0.0,0.0,0.0,0.0,0.0,0.0,0.0,0.0,0.0,0.0,0.0,0.0,0.0,0.0,0.0,0.0,0.0,0.0,0.0,0.0,0.0,0.0,0.0,0.0,0.0,0.0,0.0,0.0,0.0,0.0,0.0,0.0,0.0,0.0,0.0,0.0,0.0,0.0,0.0,0.0
26,,,,,,,,,0.0,0.0,0.0,0.0,0.0,0.0,0.0,0.0,0.0,0.0,0.0,0.0,0.0,0.0,0.0,0.0,0.0,0.0,0.0,0.0,0.0,0.0,0.0,0.0,0.0,0.0,0.0,0.0,0.0,0.0,0.0,0.0,0.0,0.0,0.0,0.0,0.0,0.0,0.0,0.0,0.0,0.0,0.0,0.0,0.0,0.0,0.0,0.0,0.0,0.0,0.0,0.0,0.0,0.0,0.0,0.0,0.0,0.0,0.0,0.0,0.0,0.0,0.0,0.0,0.0,0.0,0.0,0.0,0.0,0.0,0.0,0.0,0.0,0.0,0.0,0.0,0.0,0.0,0.0,0.0,0.0,0.0,0.0,0.0,0.0,0.0,0.0,0.0,0.0,0.0,0.0,0.0,0.0,0.0,0.0,0.0,0.0,0.0,0.0,0.0,0.0,0.0,0.0,0.0,0.0,0.0,0.0,0.0,0.0,0.0,0.0,0.0,0.0,0.0,0.0,0.0,0.0,0.0,0.0,0.0,0.0,0.0,0.0,0.0,0.0,0.0,0.0,0.0,0.0,0.0,0.0,0.0,0.0,0.0,0.0,0.0,0.0,0.0,0.0,0.0,0.0,0.0,0.0,0.0,0.0
27,,,,,,,,,0.0,0.0,0.0,0.0,0.0,0.0,0.0,0.0,0.0,0.0,0.0,0.0,0.0,0.0,0.0,0.0,0.0,0.0,0.0,0.0,0.0,0.0,0.0,0.0,0.0,0.0,0.0,0.0,0.0,0.0,0.0,0.0,0.0,0.0,0.0,0.0,0.0,0.0,0.0,0.0,0.0,0.0,0.0,0.0,0.0,0.0,0.0,0.0,0.0,0.0,0.0,0.0,0.0,0.0,0.0,0.0,0.0,0.0,0.0,0.0,0.0,0.0,0.0,0.0,0.0,0.0,0.0,0.0,0.0,0.0,0.0,0.0,0.0,0.0,0.0,0.0,0.0,0.0,0.0,0.0,0.0,0.0,0.0,0.0,0.0,0.0,0.0,0.0,0.0,0.0,0.0,0.0,0.0,0.0,0.0,0.0,0.0,0.0,0.0,0.0,0.0,0.0,0.0,0.0,0.0,0.0,0.0,0.0,0.0,0.0,0.0,0.0,0.0,0.0,0.0,0.0,0.0,0.0,0.0,0.0,0.0,0.0,0.0,0.0,0.0,0.0,0.0,0.0,0.0,0.0,0.0,0.0,0.0,0.0,0.0,0.0,0.0,0.0,0.0,0.0,0.0,0.0,0.0,0.0,0.0
28,,,,,,,,,0.0,-3.066409e-09,5.847899e-10,5.52026e-10,5.323974e-10,5.130649e-10,4.936653e-10,4.762937e-10,4.606856e-10,4.462275e-10,4.337201e-10,4.20362e-10,4.053465e-10,3.840158e-10,3.002645e-10,7.450769e-07,6.985647e-06,3.99337e-06,3.707789e-06,4.18309e-06,2.902666e-06,2.972416e-06,2.74371e-06,2.679663e-06,2.514265e-06,2.345116e-06,2.22161e-06,2.081449e-06,1.964081e-06,1.873785e-06,1.761482e-06,1.685869e-06,1.644833e-06,1.503055e-06,1.458579e-06,1.349708e-06,1.312757e-06,1.228178e-06,1.209224e-06,1.148185e-06,1.124908e-06,1.039278e-06,1.021638e-06,9.833365e-07,9.048112e-07,8.666813e-07,8.471498e-07,8.231411e-07,8.188515e-07,7.875853e-07,7.375271e-07,7.331754e-07,2.470985e-07,3.21983e-07,5.735703e-07,5.461763e-07,5.05344e-07,4.921645e-07,4.828627e-07,4.725576e-07,4.39362e-07,4.692643e-07,4.540286e-07,4.511616e-07,4.17257e-07,4.223319e-07,3.970005e-07,4.02201e-07,3.829835e-07,3.314869e-07,3.674197e-07,3.79109e-07,3.685627e-07,3.575327e-07,3.654788e-07,3.396853e-07,3.469152e-07,3.108737e-07,2.694556e-07,2.960922e-07,3.046074e-07,2.577774e-07,2.718886e-07,2.467087e-07,2.713926e-07,2.206009e-07,2.311009e-07,2.383256e-07,2.427748e-07,2.47948e-07,2.1784e-07,2.26315e-07,2.049276e-07,1.796261e-07,2.289857e-07,2.001259e-07,1.841446e-07,1.675543e-07,1.539048e-07,1.931657e-07,1.973922e-07,1.609838e-07,1.646856e-07,1.629817e-07,1.83578e-07,1.525121e-07,1.734495e-07,1.854092e-07,1.691659e-07,1.355611e-07,1.347788e-07,1.652689e-07,1.633633e-07,1.410453e-07,1.723935e-07,1.781698e-07,1.497757e-07,1.227061e-07,1.110301e-07,1.338637e-07,1.400652e-07,1.334092e-07,1.296765e-07,1.318619e-07,1.320955e-07,1.229864e-07,1.046047e-07,1.049103e-07,1.178149e-07,1.255282e-07,1.045807e-07,1.189669e-07,1.409289e-07,9.430506e-08,1.092454e-07,1.098986e-07,9.359496e-08,7.340593e-08,1.049275e-07,1.21654e-07,7.033401e-08,8.052909e-08,9.839899e-08,1.025181e-07,8.292903e-08
29,,,,,,,,,0.0,0.0,0.0,0.0,0.0,0.0,0.0,0.0,0.0,0.0,0.0,0.0,0.0,0.0,0.0,0.0,0.0,0.0,0.0,0.0,0.0,0.0,0.0,0.0,0.0,0.0,0.0,0.0,0.0,0.0,0.0,0.0,0.0,0.0,0.0,0.0,0.0,0.0,0.0,0.0,0.0,0.0,0.0,0.0,0.0,0.0,0.0,0.0,0.0,0.0,0.0,0.0,0.0,0.0,0.0,0.0,0.0,0.0,0.0,0.0,0.0,0.0,0.0,0.0,0.0,0.0,0.0,0.0,0.0,0.0,0.0,0.0,0.0,0.0,0.0,0.0,0.0,0.0,0.0,0.0,0.0,0.0,0.0,0.0,0.0,0.0,0.0,0.0,0.0,0.0,0.0,0.0,0.0,0.0,0.0,0.0,0.0,0.0,0.0,0.0,0.0,0.0,0.0,0.0,0.0,0.0,0.0,0.0,0.0,0.0,0.0,0.0,0.0,0.0,0.0,0.0,0.0,0.0,0.0,0.0,0.0,0.0,0.0,0.0,0.0,0.0,0.0,0.0,0.0,0.0,0.0,0.0,0.0,0.0,0.0,0.0,0.0,0.0,0.0,0.0,0.0,0.0,0.0,0.0,0.0
30,,,,,,,,,0.6305514,1.378902,0.6201821,0.6122605,0.6215863,0.6380659,0.6543232,0.6636837,0.6681704,0.6717143,0.6723699,0.6719413,0.6720853,0.6723064,0.6724744,0.672598,0.6726902,0.6727547,0.672815,0.672848,0.6728495,0.6728649,0.6729016,0.6729414,0.6729228,0.6729463,0.6729713,0.6729812,0.6729618,0.6729988,0.6729951,0.6730085,0.6729737,0.6729969,0.6729983,0.6730186,0.6730002,0.6730154,0.67305,0.6730289,0.6729991,0.6730151,0.6730316,0.67304,0.6730245,0.6730187,0.6730434,0.6730285,0.6730283,0.6730283,0.6730496,0.6730515,0.6730271,0.6730212,0.6730473,0.6730515,0.6730321,0.6730455,0.6730496,0.6730456,0.6730288,0.6730219,0.6730387,0.673039,0.6730345,0.6730252,0.6730416,0.6730421,0.6730267,0.6730232,0.6730564,0.6730576,0.6730314,0.6730341,0.6730479,0.673056,0.6730228,0.673046,0.6730645,0.6730643,0.6730466,0.6730583,0.6730526,0.6730625,0.6730416,0.673038,0.6730573,0.6730558,0.6730395,0.6730553,0.6730734,0.6730635,0.6730322,0.6730416,0.6730453,0.6730496,0.6730508,0.673048,0.6730677,0.6730694,0.673049,0.6730295,0.6730557,0.6730649,0.6730381,0.6730431,0.6730747,0.6730566,0.6730341,0.6730475,0.6730743,0.673065,0.6730366,0.6730352,0.6730427,0.6730474,0.6730512,0.6730547,0.6730643,0.6730735,0.6730386,0.6730414,0.6730557,0.6730663,0.673037,0.6730527,0.6730472,0.6730602,0.6730422,0.6730398,0.6730802,0.6730665,0.6730354,0.6730355,0.6730701,0.6730519,0.6730557,0.6730514,0.6730737,0.6730642,0.6730521,0.6730471,0.6730567,0.6730571,0.6730466
31,,,,,,,,,0.6305514,0.0,0.0,0.0,0.0,0.0,0.0,0.0,0.0,0.0,0.0,0.0,0.0,0.0,0.0,0.0,0.0,0.0,0.0,0.0,0.0,0.0,0.0,0.0,0.0,0.0,0.0,0.0,0.0,0.0,0.0,0.0,0.0,0.0,0.0,0.0,0.0,0.0,0.0,0.0,0.0,0.0,0.0,0.0,0.0,0.0,0.0,0.0,0.0,0.0,0.0,0.0,0.0,0.0,0.0,0.0,0.0,0.0,0.0,0.0,0.0,0.0,0.0,0.0,0.0,0.0,0.0,0.0,0.0,0.0,0.0,0.0,0.0,0.0,0.0,0.0,0.0,0.0,0.0,0.0,0.0,0.0,0.0,0.0,0.0,0.0,0.0,0.0,0.0,0.0,0.0,0.0,0.0,0.0,0.0,0.0,0.0,0.0,0.0,0.0,0.0,0.0,0.0,0.0,0.0,0.0,0.0,0.0,0.0,0.0,0.0,0.0,0.0,0.0,0.0,0.0,0.0,0.0,0.0,0.0,0.0,0.0,0.0,0.0,0.0,0.0,0.0,0.0,0.0,0.0,0.0,0.0,0.0,0.0,0.0,0.0,0.0,0.0,0.0,0.0,0.0,0.0,0.0,0.0,0.0
32,,,,,,,,,0.6305514,-2.696336e-09,0.0,0.0,0.0,0.0,0.0,0.0,0.0,0.0,0.0,0.0,0.0,0.0,0.0,0.0,0.0,0.0,0.0,0.0,0.0,0.0,0.0,0.0,0.0,0.0,0.0,0.0,0.0,0.0,0.0,0.0,0.0,0.0,0.0,0.0,0.0,0.0,0.0,0.0,0.0,0.0,0.0,0.0,0.0,0.0,0.0,0.0,0.0,0.0,0.0,0.0,0.0,0.0,0.0,0.0,0.0,0.0,0.0,0.0,0.0,0.0,0.0,0.0,0.0,0.0,0.0,0.0,0.0,0.0,0.0,0.0,0.0,0.0,0.0,0.0,0.0,0.0,0.0,0.0,0.0,0.0,0.0,0.0,0.0,0.0,0.0,0.0,0.0,0.0,0.0,0.0,0.0,0.0,0.0,0.0,0.0,0.0,0.0,0.0,0.0,0.0,0.0,0.0,0.0,0.0,0.0,0.0,0.0,0.0,0.0,0.0,0.0,0.0,0.0,0.0,0.0,0.0,0.0,0.0,0.0,0.0,0.0,0.0,0.0,0.0,0.0,0.0,0.0,0.0,0.0,0.0,0.0,0.0,0.0,0.0,0.0,0.0,0.0,0.0,0.0,0.0,0.0,0.0,0.0
33,,,,,,,,,0.0,0.0,0.0,0.0,0.0,0.0,0.0,0.0,0.0,0.0,0.0,0.0,0.0,0.0,0.0,0.0,0.0,0.0,0.0,0.0,0.0,0.0,0.0,0.0,0.0,0.0,0.0,0.0,0.0,0.0,0.0,0.0,0.0,0.0,0.0,0.0,0.0,0.0,0.0,0.0,0.0,0.0,0.0,0.0,0.0,0.0,0.0,0.0,0.0,0.0,0.0,0.0,0.0,0.0,0.0,0.0,0.0,0.0,0.0,0.0,0.0,0.0,0.0,0.0,0.0,0.0,0.0,0.0,0.0,0.0,0.0,0.0,0.0,0.0,0.0,0.0,0.0,0.0,0.0,0.0,0.0,0.0,0.0,0.0,0.0,0.0,0.0,0.0,0.0,0.0,0.0,0.0,0.0,0.0,0.0,0.0,0.0,0.0,0.0,0.0,0.0,0.0,0.0,0.0,0.0,0.0,0.0,0.0,0.0,0.0,0.0,0.0,0.0,0.0,0.0,0.0,0.0,0.0,0.0,0.0,0.0,0.0,0.0,0.0,0.0,0.0,0.0,0.0,0.0,0.0,0.0,0.0,0.0,0.0,0.0,0.0,0.0,0.0,0.0,0.0,0.0,0.0,0.0,0.0,0.0
34,,,,,,,,,0.1666806,0.02721137,0.02115719,0.1166838,0.1274576,0.1267765,0.1257427,0.1248712,0.1243898,0.1241953,0.124019,0.1240146,0.1241034,0.1241421,0.1241527,0.1241577,0.1241616,0.1241646,0.1241677,0.1241707,0.1241727,0.1241744,0.1241761,0.1241775,0.1241781,0.124179,0.1241796,0.1241801,0.1241804,0.124181,0.1241813,0.1241817,0.1241818,0.1241822,0.1241824,0.1241827,0.1241827,0.124183,0.1241832,0.1241833,0.1241832,0.1241835,0.1241836,0.1241838,0.1241837,0.1241838,0.1241839,0.124184,0.124184,0.1241841,0.1241842,0.1241843,0.1241842,0.1241844,0.1241844,0.1241845,0.1241844,0.1241846,0.1241847,0.1241847,0.1241845,0.1241846,0.1241846,0.1241847,0.1241846,0.1241847,0.1241847,0.1241849,0.1241847,0.1241848,0.1241849,0.1241851,0.1241849,0.124185,0.124185,0.1241851,0.1241849,0.1241851,0.1241852,0.1241852,0.1241851,0.1241852,0.1241852,0.1241853,0.1241851,0.1241851,0.1241852,0.1241853,0.1241851,0.1241853,0.1241854,0.1241854,0.1241853,0.1241854,0.1241853,0.1241854,0.1241853,0.1241855,0.1241854,0.1241856,0.1241855,0.1241855,0.1241856,0.1241856,0.1241854,0.1241855,0.1241856,0.1241856,0.1241854,0.1241856,0.1241856,0.1241857,0.1241855,0.1241857,0.1241856,0.1241856,0.1241856,0.1241857,0.1241857,0.1241859,0.1241856,0.1241858,0.1241857,0.1241858,0.1241856,0.1241858,0.1241857,0.1241858,0.1241857,0.1241858,0.1241859,0.1241859,0.1241857,0.1241858,0.1241859,0.1241859,0.1241858,0.1241859,0.124186,0.124186,0.1241858,0.1241859,0.124186,0.1241859,0.1241857
35,,,,,,,,,0.1666807,0.0,0.0,0.0,0.0,0.0,0.0,0.0,0.0,0.0,0.0,0.0,0.0,0.0,0.0,0.0,0.0,0.0,0.0,0.0,0.0,0.0,0.0,0.0,0.0,0.0,0.0,0.0,0.0,0.0,0.0,0.0,0.0,0.0,0.0,0.0,0.0,0.0,0.0,0.0,0.0,0.0,0.0,0.0,0.0,0.0,0.0,0.0,0.0,0.0,0.0,0.0,0.0,0.0,0.0,0.0,0.0,0.0,0.0,0.0,0.0,0.0,0.0,0.0,0.0,0.0,0.0,0.0,0.0,0.0,0.0,0.0,0.0,0.0,0.0,0.0,0.0,0.0,0.0,0.0,0.0,0.0,0.0,0.0,0.0,0.0,0.0,0.0,0.0,0.0,0.0,0.0,0.0,0.0,0.0,0.0,0.0,0.0,0.0,0.0,0.0,0.0,0.0,0.0,0.0,0.0,0.0,0.0,0.0,0.0,0.0,0.0,0.0,0.0,0.0,0.0,0.0,0.0,0.0,0.0,0.0,0.0,0.0,0.0,0.0,0.0,0.0,0.0,0.0,0.0,0.0,0.0,0.0,0.0,0.0,0.0,0.0,0.0,0.0,0.0,0.0,0.0,0.0,0.0,0.0
36,,,,,,,,,0.1666858,0.01261042,0.002193444,0.001617472,0.003062734,0.002695936,0.0008643743,-0.001067029,-0.002236599,-0.003404755,-0.003884632,-0.004101972,-0.004081708,-0.003825885,-0.003459464,-0.002629692,-0.007659295,-0.004010457,-0.003707602,-0.004179953,-0.002899807,-0.002969486,-0.002741005,-0.002677021,-0.002511786,-0.002342804,-0.00221942,-0.002079397,-0.001962145,-0.001871938,-0.001759745,-0.001684207,-0.001643212,-0.001501573,-0.001457141,-0.001348377,-0.001311463,-0.001226967,-0.001208032,-0.001147053,-0.001123799,-0.001038253,-0.001020631,-0.0009823671,-0.0009039192,-0.0008658269,-0.0008463146,-0.0008223296,-0.0008180442,-0.0007868088,-0.0007368,-0.0007324526,0.0002468549,0.0003216656,-0.0005730048,-0.0005456379,-0.0005048458,-0.0004916793,-0.0004823866,-0.0004720917,-0.0004389289,-0.0004688016,-0.000453581,-0.0004507168,-0.0004168456,-0.0004219156,-0.0003966091,-0.0004018044,-0.0003826059,-0.0003311601,-0.0003670575,-0.0003787352,-0.0003681993,-0.0003571803,-0.0003651185,-0.0003393504,-0.0003465732,-0.0003105672,-0.00026919,-0.0002958003,-0.0003043071,-0.0002575233,-0.0002716205,-0.0002464655,-0.000271125,-0.0002203834,-0.0002308731,-0.0002380906,-0.0002425354,-0.0002477035,-0.0002176252,-0.0002260919,-0.0002047256,-0.000179449,-0.00022876,-0.0001999286,-0.0001839631,-0.0001673891,-0.000153753,-0.0001929753,-0.0001971976,-0.0001608251,-0.0001645232,-0.000162821,-0.000183397,-0.0001523618,-0.0001732785,-0.0001852264,-0.0001689991,-0.0001354274,-0.000134646,-0.000165106,-0.0001632022,-0.0001409063,-0.0001722236,-0.0001779942,-0.0001496281,-0.0001225851,-0.0001109207,-0.0001337317,-0.0001399271,-0.0001332777,-0.0001295487,-0.0001317319,-0.0001319653,-0.0001228651,-0.0001045016,-0.0001048069,-0.0001176987,-0.0001254044,-0.0001044776,-0.0001188496,-0.0001407899,-9.421209e-05,-0.0001091377,-0.0001097902,-9.350269e-05,-7.333356e-05,-0.0001048241,-0.0001215341,-7.026467e-05,-8.04497e-05,-9.830198e-05,-0.0001024171,-8.284727e-05
37,,,,,,,,,0.0,0.0,0.0,0.0,0.0,0.0,0.0,0.0,0.0,0.0,0.0,0.0,0.0,0.0,0.0,0.0,0.0,0.0,0.0,0.0,0.0,0.0,0.0,0.0,0.0,0.0,0.0,0.0,0.0,0.0,0.0,0.0,0.0,0.0,0.0,0.0,0.0,0.0,0.0,0.0,0.0,0.0,0.0,0.0,0.0,0.0,0.0,0.0,0.0,0.0,0.0,0.0,0.0,0.0,0.0,0.0,0.0,0.0,0.0,0.0,0.0,0.0,0.0,0.0,0.0,0.0,0.0,0.0,0.0,0.0,0.0,0.0,0.0,0.0,0.0,0.0,0.0,0.0,0.0,0.0,0.0,0.0,0.0,0.0,0.0,0.0,0.0,0.0,0.0,0.0,0.0,0.0,0.0,0.0,0.0,0.0,0.0,0.0,0.0,0.0,0.0,0.0,0.0,0.0,0.0,0.0,0.0,0.0,0.0,0.0,0.0,0.0,0.0,0.0,0.0,0.0,0.0,0.0,0.0,0.0,0.0,0.0,0.0,0.0,0.0,0.0,0.0,0.0,0.0,0.0,0.0,0.0,0.0,0.0,0.0,0.0,0.0,0.0,0.0,0.0,0.0,0.0,0.0,0.0,0.0
38,,,,,,,,,0.1666806,0.02721137,0.02115719,0.1166838,0.1274576,0.1267765,0.1257427,0.1248712,0.1243898,0.1241953,0.124019,0.1240146,0.1241034,0.1241421,0.1241527,0.1241577,0.1241616,0.1241646,0.1241677,0.1241707,0.1241727,0.1241744,0.1241761,0.1241775,0.1241781,0.124179,0.1241796,0.1241801,0.1241804,0.124181,0.1241813,0.1241817,0.1241818,0.1241822,0.1241824,0.1241827,0.1241827,0.124183,0.1241832,0.1241833,0.1241832,0.1241835,0.1241836,0.1241838,0.1241837,0.1241838,0.1241839,0.124184,0.124184,0.1241841,0.1241842,0.1241843,0.1241842,0.1241844,0.1241844,0.1241845,0.1241844,0.1241846,0.1241847,0.1241847,0.1241845,0.1241846,0.1241846,0.1241847,0.1241846,0.1241847,0.1241847,0.1241849,0.1241847,0.1241848,0.1241849,0.1241851,0.1241849,0.124185,0.124185,0.1241851,0.1241849,0.1241851,0.1241852,0.1241852,0.1241851,0.1241852,0.1241852,0.1241853,0.1241851,0.1241851,0.1241852,0.1241853,0.1241851,0.1241853,0.1241854,0.1241854,0.1241853,0.1241854,0.1241853,0.1241854,0.1241853,0.1241855,0.1241854,0.1241856,0.1241855,0.1241855,0.1241856,0.1241856,0.1241854,0.1241855,0.1241856,0.1241856,0.1241854,0.1241856,0.1241856,0.1241857,0.1241855,0.1241857,0.1241856,0.1241856,0.1241856,0.1241857,0.1241857,0.1241859,0.1241856,0.1241858,0.1241857,0.1241858,0.1241856,0.1241858,0.1241857,0.1241858,0.1241857,0.1241858,0.1241859,0.1241859,0.1241857,0.1241858,0.1241859,0.1241859,0.1241858,0.1241859,0.124186,0.124186,0.1241858,0.1241859,0.124186,0.1241859,0.1241857
39,,,,,,,,,0.1666807,0.0,0.0,0.0,0.0,0.0,0.0,0.0,0.0,0.0,0.0,0.0,0.0,0.0,0.0,0.0,0.0,0.0,0.0,0.0,0.0,0.0,0.0,0.0,0.0,0.0,0.0,0.0,0.0,0.0,0.0,0.0,0.0,0.0,0.0,0.0,0.0,0.0,0.0,0.0,0.0,0.0,0.0,0.0,0.0,0.0,0.0,0.0,0.0,0.0,0.0,0.0,0.0,0.0,0.0,0.0,0.0,0.0,0.0,0.0,0.0,0.0,0.0,0.0,0.0,0.0,0.0,0.0,0.0,0.0,0.0,0.0,0.0,0.0,0.0,0.0,0.0,0.0,0.0,0.0,0.0,0.0,0.0,0.0,0.0,0.0,0.0,0.0,0.0,0.0,0.0,0.0,0.0,0.0,0.0,0.0,0.0,0.0,0.0,0.0,0.0,0.0,0.0,0.0,0.0,0.0,0.0,0.0,0.0,0.0,0.0,0.0,0.0,0.0,0.0,0.0,0.0,0.0,0.0,0.0,0.0,0.0,0.0,0.0,0.0,0.0,0.0,0.0,0.0,0.0,0.0,0.0,0.0,0.0,0.0,0.0,0.0,0.0,0.0,0.0,0.0,0.0,0.0,0.0,0.0
40,,,,,,,,,0.1666858,0.01260905,0.002192859,0.00161692,0.003062202,0.002695424,0.0008638809,-0.001067505,-0.00223706,-0.0034052,-0.003885065,-0.004102392,-0.004082112,-0.003826269,-0.003459764,-0.003374035,-0.0006805351,-2.102397e-05,-3.468531e-06,-9.867785e-07,-3.216589e-09,-1.458237e-14,0.0,0.0,0.0,0.0,0.0,0.0,0.0,0.0,0.0,0.0,0.0,0.0,0.0,0.0,0.0,0.0,0.0,0.0,0.0,0.0,0.0,0.0,0.0,0.0,0.0,0.0,0.0,0.0,0.0,0.0,0.0,0.0,0.0,0.0,0.0,0.0,0.0,0.0,0.0,0.0,0.0,0.0,0.0,0.0,0.0,0.0,0.0,0.0,0.0,0.0,0.0,0.0,0.0,0.0,0.0,0.0,0.0,0.0,0.0,0.0,0.0,0.0,0.0,0.0,0.0,0.0,0.0,0.0,0.0,0.0,0.0,0.0,0.0,0.0,0.0,0.0,0.0,0.0,0.0,0.0,0.0,0.0,0.0,0.0,0.0,0.0,0.0,0.0,0.0,0.0,0.0,0.0,0.0,0.0,0.0,0.0,0.0,0.0,0.0,0.0,0.0,0.0,0.0,0.0,0.0,0.0,0.0,0.0,0.0,0.0,0.0,0.0,0.0,0.0,0.0,0.0,0.0,0.0,0.0,0.0,0.0,0.0,0.0
41,,,,,,,,,0.0,0.0,0.0,0.0,0.0,0.0,0.0,0.0,0.0,0.0,0.0,0.0,0.0,0.0,0.0,0.0,0.0,0.0,0.0,0.0,0.0,0.0,0.0,0.0,0.0,0.0,0.0,0.0,0.0,0.0,0.0,0.0,0.0,0.0,0.0,0.0,0.0,0.0,0.0,0.0,0.0,0.0,0.0,0.0,0.0,0.0,0.0,0.0,0.0,0.0,0.0,0.0,0.0,0.0,0.0,0.0,0.0,0.0,0.0,0.0,0.0,0.0,0.0,0.0,0.0,0.0,0.0,0.0,0.0,0.0,0.0,0.0,0.0,0.0,0.0,0.0,0.0,0.0,0.0,0.0,0.0,0.0,0.0,0.0,0.0,0.0,0.0,0.0,0.0,0.0,0.0,0.0,0.0,0.0,0.0,0.0,0.0,0.0,0.0,0.0,0.0,0.0,0.0,0.0,0.0,0.0,0.0,0.0,0.0,0.0,0.0,0.0,0.0,0.0,0.0,0.0,0.0,0.0,0.0,0.0,0.0,0.0,0.0,0.0,0.0,0.0,0.0,0.0,0.0,0.0,0.0,0.0,0.0,0.0,0.0,0.0,0.0,0.0,0.0,0.0,0.0,0.0,0.0,0.0,0.0
42,,,,,,,,,0.1667186,0.02726866,0.02116117,0.1167258,0.1275067,0.1268282,0.1257967,0.1249264,0.1244455,0.1242515,0.1240752,0.1240705,0.1241593,0.1241982,0.1242087,0.1242137,0.1242176,0.1242207,0.1242238,0.1242267,0.1242287,0.1242304,0.1242321,0.1242335,0.1242341,0.124235,0.1242356,0.1242362,0.1242364,0.124237,0.1242373,0.1242377,0.1242378,0.1242382,0.1242383,0.1242387,0.1242387,0.1242389,0.1242392,0.1242393,0.1242392,0.1242394,0.1242396,0.1242397,0.1242397,0.1242398,0.1242399,0.12424,0.12424,0.1242401,0.1242402,0.1242403,0.1242402,0.1242403,0.1242404,0.1242405,0.1242404,0.1242406,0.1242406,0.1242407,0.1242405,0.1242405,0.1242405,0.1242407,0.1242406,0.1242407,0.1242407,0.1242408,0.1242406,0.1242407,0.1242409,0.124241,0.1242408,0.1242409,0.1242409,0.1242411,0.1242408,0.1242411,0.1242412,0.1242412,0.1242411,0.1242412,0.1242412,0.1242413,0.1242411,0.1242411,0.1242412,0.1242412,0.1242411,0.1242413,0.1242413,0.1242413,0.1242412,0.1242413,0.1242412,0.1242413,0.1242413,0.1242415,0.1242414,0.1242415,0.1242414,0.1242414,0.1242415,0.1242415,0.1242414,0.1242415,0.1242416,0.1242416,0.1242414,0.1242415,0.1242416,0.1242417,0.1242415,0.1242416,0.1242416,0.1242416,0.1242416,0.1242417,0.1242417,0.1242418,0.1242416,0.1242417,0.1242417,0.1242417,0.1242416,0.1242418,0.1242416,0.1242418,0.1242416,0.1242418,0.1242418,0.1242418,0.1242416,0.1242417,0.1242419,0.1242418,0.1242417,0.1242418,0.1242419,0.1242419,0.1242418,0.1242419,0.1242419,0.1242419,0.1242417
43,,,,,,,,,0.1667186,0.0,0.0,0.0,0.0,0.0,0.0,0.0,0.0,0.0,0.0,0.0,0.0,0.0,0.0,0.0,0.0,0.0,0.0,0.0,0.0,0.0,0.0,0.0,0.0,0.0,0.0,0.0,0.0,0.0,0.0,0.0,0.0,0.0,0.0,0.0,0.0,0.0,0.0,0.0,0.0,0.0,0.0,0.0,0.0,0.0,0.0,0.0,0.0,0.0,0.0,0.0,0.0,0.0,0.0,0.0,0.0,0.0,0.0,0.0,0.0,0.0,0.0,0.0,0.0,0.0,0.0,0.0,0.0,0.0,0.0,0.0,0.0,0.0,0.0,0.0,0.0,0.0,0.0,0.0,0.0,0.0,0.0,0.0,0.0,0.0,0.0,0.0,0.0,0.0,0.0,0.0,0.0,0.0,0.0,0.0,0.0,0.0,0.0,0.0,0.0,0.0,0.0,0.0,0.0,0.0,0.0,0.0,0.0,0.0,0.0,0.0,0.0,0.0,0.0,0.0,0.0,0.0,0.0,0.0,0.0,0.0,0.0,0.0,0.0,0.0,0.0,0.0,0.0,0.0,0.0,0.0,0.0,0.0,0.0,0.0,0.0,0.0,0.0,0.0,0.0,0.0,0.0,0.0,0.0
44,,,,,,,,,0.1667186,0.01261042,0.002193443,0.001617472,0.003062733,0.002695936,0.000864374,-0.001067029,-0.002236599,-0.003404755,-0.003884632,-0.004101972,-0.004081708,-0.003825886,-0.003459464,-0.002629692,-0.007659295,-0.004010457,-0.003707602,-0.004179953,-0.002899807,-0.002969486,-0.002741005,-0.002677022,-0.002511786,-0.002342804,-0.00221942,-0.002079397,-0.001962145,-0.001871938,-0.001759746,-0.001684207,-0.001643212,-0.001501573,-0.001457141,-0.001348377,-0.001311463,-0.001226967,-0.001208032,-0.001147053,-0.001123799,-0.001038253,-0.001020631,-0.0009823672,-0.0009039194,-0.0008658271,-0.0008463148,-0.0008223298,-0.0008180444,-0.000786809,-0.0007368002,-0.0007324528,0.0002468548,0.0003216654,-0.000573005,-0.0005456381,-0.000504846,-0.0004916795,-0.0004823868,-0.0004720919,-0.0004389291,-0.0004688018,-0.0004535812,-0.000450717,-0.0004168458,-0.0004219158,-0.0003966093,-0.0004018046,-0.0003826061,-0.0003311603,-0.0003670577,-0.0003787354,-0.0003681995,-0.0003571805,-0.0003651187,-0.0003393506,-0.0003465734,-0.0003105674,-0.0002691902,-0.0002958005,-0.0003043074,-0.0002575235,-0.0002716207,-0.0002464657,-0.0002711252,-0.0002203836,-0.0002308733,-0.0002380908,-0.0002425357,-0.0002477038,-0.0002176255,-0.0002260921,-0.0002047258,-0.0001794492,-0.0002287602,-0.0001999288,-0.0001839633,-0.0001673893,-0.0001537533,-0.0001929755,-0.0001971978,-0.0001608254,-0.0001645234,-0.0001628212,-0.0001833973,-0.000152362,-0.0001732787,-0.0001852267,-0.0001689994,-0.0001354277,-0.0001346462,-0.0001651062,-0.0001632025,-0.0001409065,-0.0001722238,-0.0001779944,-0.0001496283,-0.0001225854,-0.0001109209,-0.000133732,-0.0001399274,-0.000133278,-0.0001295489,-0.0001317321,-0.0001319656,-0.0001228654,-0.0001045019,-0.0001048072,-0.000117699,-0.0001254047,-0.0001044779,-0.0001188499,-0.0001407902,-9.421238e-05,-0.000109138,-0.0001097905,-9.350298e-05,-7.333385e-05,-0.0001048244,-0.0001215343,-7.026497e-05,-8.045e-05,-9.830229e-05,-0.0001024174,-8.284758e-05
45,,,,,,,,,0.0,0.0,0.0,0.0,0.0,0.0,0.0,0.0,0.0,0.0,0.0,0.0,0.0,0.0,0.0,0.0,0.0,0.0,0.0,0.0,0.0,0.0,0.0,0.0,0.0,0.0,0.0,0.0,0.0,0.0,0.0,0.0,0.0,0.0,0.0,0.0,0.0,0.0,0.0,0.0,0.0,0.0,0.0,0.0,0.0,0.0,0.0,0.0,0.0,0.0,0.0,0.0,0.0,0.0,0.0,0.0,0.0,0.0,0.0,0.0,0.0,0.0,0.0,0.0,0.0,0.0,0.0,0.0,0.0,0.0,0.0,0.0,0.0,0.0,0.0,0.0,0.0,0.0,0.0,0.0,0.0,0.0,0.0,0.0,0.0,0.0,0.0,0.0,0.0,0.0,0.0,0.0,0.0,0.0,0.0,0.0,0.0,0.0,0.0,0.0,0.0,0.0,0.0,0.0,0.0,0.0,0.0,0.0,0.0,0.0,0.0,0.0,0.0,0.0,0.0,0.0,0.0,0.0,0.0,0.0,0.0,0.0,0.0,0.0,0.0,0.0,0.0,0.0,0.0,0.0,0.0,0.0,0.0,0.0,0.0,0.0,0.0,0.0,0.0,0.0,0.0,0.0,0.0,0.0,0.0
46,,,,,,,,,0.0,0.0,0.0,0.0,0.0,0.0,0.0,0.0,0.0,0.0,0.0,0.0,0.0,0.0,0.0,0.0,0.0,0.0,0.0,0.0,0.0,0.0,0.0,0.0,0.0,0.0,0.0,0.0,0.0,0.0,0.0,0.0,0.0,0.0,0.0,0.0,0.0,0.0,0.0,0.0,0.0,0.0,0.0,0.0,0.0,0.0,0.0,0.0,0.0,0.0,0.0,0.0,0.0,0.0,0.0,0.0,0.0,0.0,0.0,0.0,0.0,0.0,0.0,0.0,0.0,0.0,0.0,0.0,0.0,0.0,0.0,0.0,0.0,0.0,0.0,0.0,0.0,0.0,0.0,0.0,0.0,0.0,0.0,0.0,0.0,0.0,0.0,0.0,0.0,0.0,0.0,0.0,0.0,0.0,0.0,0.0,0.0,0.0,0.0,0.0,0.0,0.0,0.0,0.0,0.0,0.0,0.0,0.0,0.0,0.0,0.0,0.0,0.0,0.0,0.0,0.0,0.0,0.0,0.0,0.0,0.0,0.0,0.0,0.0,0.0,0.0,0.0,0.0,0.0,0.0,0.0,0.0,0.0,0.0,0.0,0.0,0.0,0.0,0.0,0.0,0.0,0.0,0.0,0.0,0.0
47,,,,,,,,,0.0,0.0,0.0,0.0,0.0,0.0,0.0,0.0,0.0,0.0,0.0,0.0,0.0,0.0,0.0,0.0,0.0,0.0,0.0,0.0,0.0,0.0,0.0,0.0,0.0,0.0,0.0,0.0,0.0,0.0,0.0,0.0,0.0,0.0,0.0,0.0,0.0,0.0,0.0,0.0,0.0,0.0,0.0,0.0,0.0,0.0,0.0,0.0,0.0,0.0,0.0,0.0,0.0,0.0,0.0,0.0,0.0,0.0,0.0,0.0,0.0,0.0,0.0,0.0,0.0,0.0,0.0,0.0,0.0,0.0,0.0,0.0,0.0,0.0,0.0,0.0,0.0,0.0,0.0,0.0,0.0,0.0,0.0,0.0,0.0,0.0,0.0,0.0,0.0,0.0,0.0,0.0,0.0,0.0,0.0,0.0,0.0,0.0,0.0,0.0,0.0,0.0,0.0,0.0,0.0,0.0,0.0,0.0,0.0,0.0,0.0,0.0,0.0,0.0,0.0,0.0,0.0,0.0,0.0,0.0,0.0,0.0,0.0,0.0,0.0,0.0,0.0,0.0,0.0,0.0,0.0,0.0,0.0,0.0,0.0,0.0,0.0,0.0,0.0,0.0,0.0,0.0,0.0,0.0,0.0
48,,,,,,,,,0.0,0.0,0.0,0.0,0.0,0.0,0.0,0.0,0.0,0.0,0.0,0.0,0.0,0.0,0.0,0.0,0.0,0.0,0.0,0.0,0.0,0.0,0.0,0.0,0.0,0.0,0.0,0.0,0.0,0.0,0.0,0.0,0.0,0.0,0.0,0.0,0.0,0.0,0.0,0.0,0.0,0.0,0.0,0.0,0.0,0.0,0.0,0.0,0.0,0.0,0.0,0.0,0.0,0.0,0.0,0.0,0.0,0.0,0.0,0.0,0.0,0.0,0.0,0.0,0.0,0.0,0.0,0.0,0.0,0.0,0.0,0.0,0.0,0.0,0.0,0.0,0.0,0.0,0.0,0.0,0.0,0.0,0.0,0.0,0.0,0.0,0.0,0.0,0.0,0.0,0.0,0.0,0.0,0.0,0.0,0.0,0.0,0.0,0.0,0.0,0.0,0.0,0.0,0.0,0.0,0.0,0.0,0.0,0.0,0.0,0.0,0.0,0.0,0.0,0.0,0.0,0.0,0.0,0.0,0.0,0.0,0.0,0.0,0.0,0.0,0.0,0.0,0.0,0.0,0.0,0.0,0.0,0.0,0.0,0.0,0.0,0.0,0.0,0.0,0.0,0.0,0.0,0.0,0.0,0.0
49,,,,,,,,,0.0,0.0,0.0,0.0,0.0,0.0,0.0,0.0,0.0,0.0,0.0,0.0,0.0,0.0,0.0,0.0,0.0,0.0,0.0,0.0,0.0,0.0,0.0,0.0,0.0,0.0,0.0,0.0,0.0,0.0,0.0,0.0,0.0,0.0,0.0,0.0,0.0,0.0,0.0,0.0,0.0,0.0,0.0,0.0,0.0,0.0,0.0,0.0,0.0,0.0,0.0,0.0,0.0,0.0,0.0,0.0,0.0,0.0,0.0,0.0,0.0,0.0,0.0,0.0,0.0,0.0,0.0,0.0,0.0,0.0,0.0,0.0,0.0,0.0,0.0,0.0,0.0,0.0,0.0,0.0,0.0,0.0,0.0,0.0,0.0,0.0,0.0,0.0,0.0,0.0,0.0,0.0,0.0,0.0,0.0,0.0,0.0,0.0,0.0,0.0,0.0,0.0,0.0,0.0,0.0,0.0,0.0,0.0,0.0,0.0,0.0,0.0,0.0,0.0,0.0,0.0,0.0,0.0,0.0,0.0,0.0,0.0,0.0,0.0,0.0,0.0,0.0,0.0,0.0,0.0,0.0,0.0,0.0,0.0,0.0,0.0,0.0,0.0,0.0,0.0,0.0,0.0,0.0,0.0,0.0
50,,,,,,,,,0.1556013,0.8126474,0.3753992,0.3630692,0.3605754,0.364248,0.3700709,0.3736533,0.3753244,0.3769565,0.377222,0.3768589,0.3768054,0.3768214,0.3768307,0.3768325,0.3768298,0.376821,0.3768166,0.3768021,0.3767744,0.3767579,0.376756,0.3767584,0.3767302,0.3767274,0.376727,0.3767194,0.3766966,0.3767064,0.3766942,0.3766924,0.3766643,0.3766693,0.3766626,0.3766671,0.3766503,0.3766527,0.3766664,0.3766492,0.3766274,0.3766316,0.3766363,0.3766366,0.3766239,0.3766168,0.3766269,0.376615,0.3766116,0.3766084,0.3766172,0.3766153,0.376599,0.3765931,0.3766053,0.3766051,0.3765918,0.3765969,0.3765969,0.3765925,0.3765811,0.3765752,0.3765827,0.376581,0.3765767,0.3765698,0.3765773,0.3765759,0.3765657,0.3765622,0.3765793,0.3765786,0.3765625,0.3765626,0.3765691,0.3765723,0.3765525,0.3765642,0.3765734,0.3765721,0.3765611,0.3765666,0.3765623,0.3765668,0.3765541,0.3765511,0.3765609,0.3765591,0.3765491,0.376557,0.3765663,0.3765599,0.3765415,0.3765459,0.3765472,0.3765488,0.3765487,0.3765464,0.3765567,0.3765569,0.3765448,0.3765331,0.3765471,0.3765516,0.3765359,0.3765381,0.3765551,0.3765444,0.3765312,0.3765381,0.3765525,0.3765467,0.3765302,0.3765288,0.3765325,0.3765346,0.3765362,0.3765376,0.3765425,0.3765472,0.3765272,0.3765282,0.3765358,0.3765412,0.3765244,0.3765327,0.3765292,0.376536,0.3765255,0.3765237,0.3765459,0.3765378,0.37652,0.3765196,0.3765386,0.376528,0.3765298,0.376527,0.3765392,0.3765335,0.3765263,0.3765231,0.3765282,0.3765281,0.3765219
51,,,,,,,,,0.1553888,0.0,0.0,0.0,0.0,0.0,0.0,0.0,0.0,0.0,0.0,0.0,0.0,0.0,0.0,0.0,0.0,0.0,0.0,0.0,0.0,0.0,0.0,0.0,0.0,0.0,0.0,0.0,0.0,0.0,0.0,0.0,0.0,0.0,0.0,0.0,0.0,0.0,0.0,0.0,0.0,0.0,0.0,0.0,0.0,0.0,0.0,0.0,0.0,0.0,0.0,0.0,0.0,0.0,0.0,0.0,0.0,0.0,0.0,0.0,0.0,0.0,0.0,0.0,0.0,0.0,0.0,0.0,0.0,0.0,0.0,0.0,0.0,0.0,0.0,0.0,0.0,0.0,0.0,0.0,0.0,0.0,0.0,0.0,0.0,0.0,0.0,0.0,0.0,0.0,0.0,0.0,0.0,0.0,0.0,0.0,0.0,0.0,0.0,0.0,0.0,0.0,0.0,0.0,0.0,0.0,0.0,0.0,0.0,0.0,0.0,0.0,0.0,0.0,0.0,0.0,0.0,0.0,0.0,0.0,0.0,0.0,0.0,0.0,0.0,0.0,0.0,0.0,0.0,0.0,0.0,0.0,0.0,0.0,0.0,0.0,0.0,0.0,0.0,0.0,0.0,0.0,0.0,0.0,0.0
52,,,,,,,,,0.172886,-0.9288668,-0.9619737,-0.9627307,-0.9253555,-0.8800725,-0.8396552,-0.8067211,-0.7817099,-0.763913,-0.7510022,-0.7421152,-0.7365359,-0.7348388,-0.7447571,-0.6007476,-0.6434004,-0.5794619,-0.5640722,-0.5577977,-0.8514831,-0.8930718,-0.9461815,-0.979861,-0.9904077,-0.9995807,-1.007659,-1.014836,-1.021269,-1.027069,-1.032332,-1.037135,-1.041545,-1.045601,-1.049353,-1.052834,-1.056074,-1.059093,-1.061926,-1.064574,-1.06707,-1.069419,-1.071636,-1.073734,-1.075719,-1.077599,-1.079389,-1.081089,-1.082712,-1.084259,-1.085735,-1.087147,-1.109494,-1.088225,-1.097043,-1.098018,-1.098957,-1.09986,-1.100732,-1.101572,-1.102386,-1.10317,-1.10393,-1.104661,-1.105373,-1.106059,-1.106727,-1.107373,-1.108003,-1.108609,-1.109204,-1.109777,-1.110337,-1.110878,-1.111408,-1.11192,-1.112422,-1.112909,-1.113383,-1.113846,-1.1143,-1.114738,-1.115167,-1.115584,-1.115995,-1.116392,-1.116784,-1.117164,-1.117539,-1.117901,-1.118257,-1.118604,-1.118944,-1.119277,-1.119604,-1.119923,-1.120238,-1.120541,-1.120842,-1.121137,-1.121426,-1.121705,-1.121984,-1.122255,-1.122523,-1.122782,-1.123042,-1.123292,-1.12354,-1.12378,-1.124021,-1.124254,-1.124486,-1.124708,-1.124932,-1.125149,-1.125366,-1.125575,-1.125782,-1.125986,-1.126187,-1.126382,-1.126577,-1.126767,-1.126957,-1.12714,-1.127321,-1.1275,-1.127679,-1.12785,-1.128022,-1.12819,-1.128357,-1.128518,-1.128681,-1.128838,-1.128997,-1.129148,-1.129302,-1.129451,-1.129599,-1.129742,-1.129886,-1.130028,-1.130169
53,,,,,,,,,0.0,0.0,0.0,0.0,0.0,0.0,0.0,0.0,0.0,0.0,0.0,0.0,0.0,0.0,0.0,0.0,0.0,0.0,0.0,0.0,0.0,0.0,0.0,0.0,0.0,0.0,0.0,0.0,0.0,0.0,0.0,0.0,0.0,0.0,0.0,0.0,0.0,0.0,0.0,0.0,0.0,0.0,0.0,0.0,0.0,0.0,0.0,0.0,0.0,0.0,0.0,0.0,0.0,0.0,0.0,0.0,0.0,0.0,0.0,0.0,0.0,0.0,0.0,0.0,0.0,0.0,0.0,0.0,0.0,0.0,0.0,0.0,0.0,0.0,0.0,0.0,0.0,0.0,0.0,0.0,0.0,0.0,0.0,0.0,0.0,0.0,0.0,0.0,0.0,0.0,0.0,0.0,0.0,0.0,0.0,0.0,0.0,0.0,0.0,0.0,0.0,0.0,0.0,0.0,0.0,0.0,0.0,0.0,0.0,0.0,0.0,0.0,0.0,0.0,0.0,0.0,0.0,0.0,0.0,0.0,0.0,0.0,0.0,0.0,0.0,0.0,0.0,0.0,0.0,0.0,0.0,0.0,0.0,0.0,0.0,0.0,0.0,0.0,0.0,0.0,0.0,0.0,0.0,0.0,0.0
54,,,,,,,,,1.198965,0.8196528,0.9229512,1.724836,2.022492,2.013846,1.990548,1.973279,1.964368,1.95911,1.9567,1.957118,1.957904,1.958225,1.958324,1.95838,1.95843,1.958491,1.958555,1.958615,1.958663,1.958712,1.958758,1.958798,1.958828,1.95886,1.958889,1.958914,1.958936,1.958961,1.958981,1.959002,1.959015,1.959034,1.959049,1.959066,1.959077,1.959093,1.959107,1.959117,1.959126,1.959137,1.959149,1.959159,1.959165,1.959174,1.959183,1.959191,1.959198,1.959205,1.959214,1.95922,1.959224,1.95923,1.959237,1.959244,1.959247,1.959256,1.959261,1.959265,1.959266,1.959272,1.959276,1.959282,1.959285,1.959288,1.959293,1.959298,1.959298,1.959303,1.959309,1.959314,1.959314,1.959319,1.959321,1.959326,1.959325,1.959331,1.959335,1.959337,1.959338,1.959342,1.959344,1.959348,1.959347,1.959349,1.959353,1.959356,1.959356,1.95936,1.959363,1.959365,1.959365,1.959368,1.959369,1.959372,1.959373,1.959377,1.959378,1.959381,1.95938,1.959382,1.959385,1.959387,1.959386,1.959388,1.959392,1.959392,1.959391,1.959395,1.959397,1.959399,1.959397,1.959401,1.959401,1.959403,1.959404,1.959406,1.959407,1.959411,1.959407,1.95941,1.959411,1.959414,1.959412,1.959416,1.959415,1.959418,1.959417,1.95942,1.959421,1.959422,1.95942,1.959422,1.959426,1.959426,1.959425,1.959428,1.95943,1.95943,1.959428,1.959431,1.959432,1.959432,1.959431
55,,,,,,,,,1.198471,0.0,0.0,0.0,0.0,0.0,0.0,0.0,0.0,0.0,0.0,0.0,0.0,0.0,0.0,0.0,0.0,0.0,0.0,0.0,0.0,0.0,0.0,0.0,0.0,0.0,0.0,0.0,0.0,0.0,0.0,0.0,0.0,0.0,0.0,0.0,0.0,0.0,0.0,0.0,0.0,0.0,0.0,0.0,0.0,0.0,0.0,0.0,0.0,0.0,0.0,0.0,0.0,0.0,0.0,0.0,0.0,0.0,0.0,0.0,0.0,0.0,0.0,0.0,0.0,0.0,0.0,0.0,0.0,0.0,0.0,0.0,0.0,0.0,0.0,0.0,0.0,0.0,0.0,0.0,0.0,0.0,0.0,0.0,0.0,0.0,0.0,0.0,0.0,0.0,0.0,0.0,0.0,0.0,0.0,0.0,0.0,0.0,0.0,0.0,0.0,0.0,0.0,0.0,0.0,0.0,0.0,0.0,0.0,0.0,0.0,0.0,0.0,0.0,0.0,0.0,0.0,0.0,0.0,0.0,0.0,0.0,0.0,0.0,0.0,0.0,0.0,0.0,0.0,0.0,0.0,0.0,0.0,0.0,0.0,0.0,0.0,0.0,0.0,0.0,0.0,0.0,0.0,0.0,0.0
56,,,,,,,,,0.9613867,0.02441676,0.00347479,0.003014811,0.003089296,0.002898196,0.00262768,0.002431814,0.002328755,0.002243106,0.002221762,0.002209266,0.002190814,0.002140331,0.001673592,0.0460884,-0.0004715194,-0.0002368812,-0.0002185926,-0.0002464359,-0.0001710739,-0.0001752259,-0.0001617785,-0.0001580336,-0.0001483064,-0.0001383525,-0.0001310868,-0.0001228345,-0.000115924,-0.0001106087,-0.0001039919,-9.953912e-05,-9.712647e-05,-8.876333e-05,-8.614486e-05,-7.972186e-05,-7.754578e-05,-7.255533e-05,-7.144098e-05,-6.783959e-05,-6.646877e-05,-6.141298e-05,-6.037432e-05,-5.811425e-05,-5.347645e-05,-5.122561e-05,-5.007373e-05,-4.865698e-05,-4.840567e-05,-4.655948e-05,-4.360207e-05,-4.334658e-05,0.001643125,0.002066236,-3.434087e-05,-3.26765e-05,-3.021418e-05,-2.940965e-05,-2.883949e-05,-2.821155e-05,-2.621942e-05,-2.799391e-05,-2.707631e-05,-2.689745e-05,-2.486945e-05,-2.516575e-05,-2.365097e-05,-2.395577e-05,-2.280673e-05,-1.973655e-05,-2.187231e-05,-2.256463e-05,-2.193369e-05,-2.127436e-05,-2.174437e-05,-2.02073e-05,-2.063503e-05,-1.848921e-05,-1.602423e-05,-1.760656e-05,-1.811122e-05,-1.532547e-05,-1.616306e-05,-1.466501e-05,-1.613105e-05,-1.311114e-05,-1.373424e-05,-1.416265e-05,-1.442613e-05,-1.473262e-05,-1.29429e-05,-1.344568e-05,-1.217436e-05,-1.067069e-05,-1.360222e-05,-1.188731e-05,-1.093752e-05,-9.951664e-06,-9.140572e-06,-1.147184e-05,-1.172236e-05,-9.559837e-06,-9.779286e-06,-9.67775e-06,-1.090036e-05,-9.055436e-06,-1.029825e-05,-1.100798e-05,-1.004327e-05,-8.047928e-06,-8.001251e-06,-9.81103e-06,-9.697633e-06,-8.372555e-06,-1.023313e-05,-1.057573e-05,-8.890105e-06,-7.283177e-06,-6.589995e-06,-7.945052e-06,-8.312937e-06,-7.917725e-06,-7.696023e-06,-7.825553e-06,-7.839257e-06,-7.298524e-06,-6.207555e-06,-6.225573e-06,-6.991219e-06,-7.448794e-06,-6.20567e-06,-7.059198e-06,-8.362223e-06,-5.595636e-06,-6.482022e-06,-6.52067e-06,-5.553232e-06,-4.355296e-06,-6.225432e-06,-7.217717e-06,-4.172848e-06,-4.777643e-06,-5.83775e-06,-6.082044e-06,-4.919824e-06
57,,,,,,,,,0.0,0.0,0.0,0.0,0.0,0.0,0.0,0.0,0.0,0.0,0.0,0.0,0.0,0.0,0.0,0.0,0.0,0.0,0.0,0.0,0.0,0.0,0.0,0.0,0.0,0.0,0.0,0.0,0.0,0.0,0.0,0.0,0.0,0.0,0.0,0.0,0.0,0.0,0.0,0.0,0.0,0.0,0.0,0.0,0.0,0.0,0.0,0.0,0.0,0.0,0.0,0.0,0.0,0.0,0.0,0.0,0.0,0.0,0.0,0.0,0.0,0.0,0.0,0.0,0.0,0.0,0.0,0.0,0.0,0.0,0.0,0.0,0.0,0.0,0.0,0.0,0.0,0.0,0.0,0.0,0.0,0.0,0.0,0.0,0.0,0.0,0.0,0.0,0.0,0.0,0.0,0.0,0.0,0.0,0.0,0.0,0.0,0.0,0.0,0.0,0.0,0.0,0.0,0.0,0.0,0.0,0.0,0.0,0.0,0.0,0.0,0.0,0.0,0.0,0.0,0.0,0.0,0.0,0.0,0.0,0.0,0.0,0.0,0.0,0.0,0.0,0.0,0.0,0.0,0.0,0.0,0.0,0.0,0.0,0.0,0.0,0.0,0.0,0.0,0.0,0.0,0.0,0.0,0.0,0.0
58,,,,,,,,,0.79727,1.406171,0.6413432,0.7289863,0.749093,0.7648941,0.7801199,0.7886101,0.7926159,0.7959658,0.7964451,0.7960118,0.7962446,0.7965046,0.7966831,0.7968118,0.7969078,0.7969753,0.7970387,0.7970747,0.7970782,0.7970953,0.7971337,0.7971748,0.7971569,0.7971813,0.797207,0.7972174,0.7971983,0.7972359,0.7972324,0.7972462,0.7972114,0.797235,0.7972366,0.7972572,0.7972388,0.7972543,0.7972893,0.7972682,0.7972384,0.7972546,0.7972713,0.7972797,0.7972642,0.7972585,0.7972833,0.7972684,0.7972683,0.7972684,0.7972898,0.7972917,0.7972673,0.7972616,0.7972877,0.797292,0.7972725,0.7972861,0.7972902,0.7972862,0.7972693,0.7972624,0.7972793,0.7972797,0.7972751,0.7972659,0.7972822,0.7972829,0.7972673,0.7972639,0.7972973,0.7972987,0.7972722,0.7972751,0.7972888,0.797297,0.7972637,0.7972871,0.7973057,0.7973055,0.7972877,0.7972994,0.7972938,0.7973038,0.7972827,0.797279,0.7972984,0.797297,0.7972806,0.7972966,0.7973147,0.7973048,0.7972734,0.7972829,0.7972865,0.7972909,0.7972921,0.7972895,0.797309,0.7973109,0.7972905,0.7972709,0.7972972,0.7973064,0.7972794,0.7972846,0.7973162,0.7972982,0.7972755,0.7972891,0.7973159,0.7973067,0.7972781,0.7972768,0.7972843,0.797289,0.7972927,0.7972964,0.797306,0.7973153,0.7972802,0.7972831,0.7972974,0.797308,0.7972786,0.7972945,0.7972889,0.797302,0.7972838,0.7972816,0.797322,0.7973083,0.797277,0.7972772,0.7973119,0.7972937,0.7972974,0.7972932,0.7973156,0.7973062,0.7972938,0.797289,0.7972986,0.797299,0.7972883
59,,,,,,,,,0.79727,0.0,0.0,0.0,0.0,0.0,0.0,0.0,0.0,0.0,0.0,0.0,0.0,0.0,0.0,0.0,0.0,0.0,0.0,0.0,0.0,0.0,0.0,0.0,0.0,0.0,0.0,0.0,0.0,0.0,0.0,0.0,0.0,0.0,0.0,0.0,0.0,0.0,0.0,0.0,0.0,0.0,0.0,0.0,0.0,0.0,0.0,0.0,0.0,0.0,0.0,0.0,0.0,0.0,0.0,0.0,0.0,0.0,0.0,0.0,0.0,0.0,0.0,0.0,0.0,0.0,0.0,0.0,0.0,0.0,0.0,0.0,0.0,0.0,0.0,0.0,0.0,0.0,0.0,0.0,0.0,0.0,0.0,0.0,0.0,0.0,0.0,0.0,0.0,0.0,0.0,0.0,0.0,0.0,0.0,0.0,0.0,0.0,0.0,0.0,0.0,0.0,0.0,0.0,0.0,0.0,0.0,0.0,0.0,0.0,0.0,0.0,0.0,0.0,0.0,0.0,0.0,0.0,0.0,0.0,0.0,0.0,0.0,0.0,0.0,0.0,0.0,0.0,0.0,0.0,0.0,0.0,0.0,0.0,0.0,0.0,0.0,0.0,0.0,0.0,0.0,0.0,0.0,0.0,0.0
60,,,,,,,,,0.79727,0.01261042,0.002193443,0.001617472,0.003062733,0.002695936,0.000864374,-0.001067029,-0.002236599,-0.003404755,-0.003884632,-0.004101972,-0.004081708,-0.003825886,-0.003459464,-0.002629692,-0.007659295,-0.004010457,-0.003707602,-0.004179953,-0.002899807,-0.002969486,-0.002741005,-0.002677022,-0.002511786,-0.002342804,-0.00221942,-0.002079397,-0.001962145,-0.001871938,-0.001759746,-0.001684207,-0.001643212,-0.001501573,-0.001457141,-0.001348377,-0.001311463,-0.001226967,-0.001208032,-0.001147053,-0.001123799,-0.001038253,-0.001020631,-0.0009823672,-0.0009039194,-0.0008658271,-0.0008463148,-0.0008223298,-0.0008180444,-0.000786809,-0.0007368002,-0.0007324528,0.0002468548,0.0003216654,-0.000573005,-0.0005456381,-0.000504846,-0.0004916795,-0.0004823868,-0.0004720919,-0.0004389291,-0.0004688018,-0.0004535812,-0.000450717,-0.0004168458,-0.0004219158,-0.0003966093,-0.0004018046,-0.0003826061,-0.0003311603,-0.0003670577,-0.0003787354,-0.0003681995,-0.0003571805,-0.0003651187,-0.0003393506,-0.0003465734,-0.0003105674,-0.0002691902,-0.0002958005,-0.0003043074,-0.0002575235,-0.0002716207,-0.0002464657,-0.0002711252,-0.0002203836,-0.0002308733,-0.0002380908,-0.0002425357,-0.0002477038,-0.0002176255,-0.0002260921,-0.0002047258,-0.0001794492,-0.0002287602,-0.0001999288,-0.0001839633,-0.0001673893,-0.0001537533,-0.0001929755,-0.0001971978,-0.0001608254,-0.0001645234,-0.0001628212,-0.0001833973,-0.000152362,-0.0001732787,-0.0001852267,-0.0001689994,-0.0001354277,-0.0001346462,-0.0001651062,-0.0001632025,-0.0001409065,-0.0001722238,-0.0001779944,-0.0001496283,-0.0001225854,-0.0001109209,-0.000133732,-0.0001399274,-0.000133278,-0.0001295489,-0.0001317321,-0.0001319656,-0.0001228654,-0.0001045019,-0.0001048072,-0.000117699,-0.0001254047,-0.0001044779,-0.0001188499,-0.0001407902,-9.421238e-05,-0.000109138,-0.0001097905,-9.350298e-05,-7.333385e-05,-0.0001048244,-0.0001215343,-7.026497e-05,-8.045e-05,-9.830229e-05,-0.0001024174,-8.284758e-05
61,,,,,,,,,0.0,0.0,0.0,0.0,0.0,0.0,0.0,0.0,0.0,0.0,0.0,0.0,0.0,0.0,0.0,0.0,0.0,0.0,0.0,0.0,0.0,0.0,0.0,0.0,0.0,0.0,0.0,0.0,0.0,0.0,0.0,0.0,0.0,0.0,0.0,0.0,0.0,0.0,0.0,0.0,0.0,0.0,0.0,0.0,0.0,0.0,0.0,0.0,0.0,0.0,0.0,0.0,0.0,0.0,0.0,0.0,0.0,0.0,0.0,0.0,0.0,0.0,0.0,0.0,0.0,0.0,0.0,0.0,0.0,0.0,0.0,0.0,0.0,0.0,0.0,0.0,0.0,0.0,0.0,0.0,0.0,0.0,0.0,0.0,0.0,0.0,0.0,0.0,0.0,0.0,0.0,0.0,0.0,0.0,0.0,0.0,0.0,0.0,0.0,0.0,0.0,0.0,0.0,0.0,0.0,0.0,0.0,0.0,0.0,0.0,0.0,0.0,0.0,0.0,0.0,0.0,0.0,0.0,0.0,0.0,0.0,0.0,0.0,0.0,0.0,0.0,0.0,0.0,0.0,0.0,0.0,0.0,0.0,0.0,0.0,0.0,0.0,0.0,0.0,0.0,0.0,0.0,0.0,0.0,0.0
62,,,,,,,,,0.0,0.0,0.0,0.0,0.0,0.0,0.0,0.0,0.0,0.0,0.0,0.0,0.0,0.0,0.0,0.0,0.0,0.0,0.0,0.0,0.0,0.0,0.0,0.0,0.0,0.0,0.0,0.0,0.0,0.0,0.0,0.0,0.0,0.0,0.0,0.0,0.0,0.0,0.0,0.0,0.0,0.0,0.0,0.0,0.0,0.0,0.0,0.0,0.0,0.0,0.0,0.0,0.0,0.0,0.0,0.0,0.0,0.0,0.0,0.0,0.0,0.0,0.0,0.0,0.0,0.0,0.0,0.0,0.0,0.0,0.0,0.0,0.0,0.0,0.0,0.0,0.0,0.0,0.0,0.0,0.0,0.0,0.0,0.0,0.0,0.0,0.0,0.0,0.0,0.0,0.0,0.0,0.0,0.0,0.0,0.0,0.0,0.0,0.0,0.0,0.0,0.0,0.0,0.0,0.0,0.0,0.0,0.0,0.0,0.0,0.0,0.0,0.0,0.0,0.0,0.0,0.0,0.0,0.0,0.0,0.0,0.0,0.0,0.0,0.0,0.0,0.0,0.0,0.0,0.0,0.0,0.0,0.0,0.0,0.0,0.0,0.0,0.0,0.0,0.0,0.0,0.0,0.0,0.0,0.0
63,,,,,,,,,0.0,0.0,0.0,0.0,0.0,0.0,0.0,0.0,0.0,0.0,0.0,0.0,0.0,0.0,0.0,0.0,0.0,0.0,0.0,0.0,0.0,0.0,0.0,0.0,0.0,0.0,0.0,0.0,0.0,0.0,0.0,0.0,0.0,0.0,0.0,0.0,0.0,0.0,0.0,0.0,0.0,0.0,0.0,0.0,0.0,0.0,0.0,0.0,0.0,0.0,0.0,0.0,0.0,0.0,0.0,0.0,0.0,0.0,0.0,0.0,0.0,0.0,0.0,0.0,0.0,0.0,0.0,0.0,0.0,0.0,0.0,0.0,0.0,0.0,0.0,0.0,0.0,0.0,0.0,0.0,0.0,0.0,0.0,0.0,0.0,0.0,0.0,0.0,0.0,0.0,0.0,0.0,0.0,0.0,0.0,0.0,0.0,0.0,0.0,0.0,0.0,0.0,0.0,0.0,0.0,0.0,0.0,0.0,0.0,0.0,0.0,0.0,0.0,0.0,0.0,0.0,0.0,0.0,0.0,0.0,0.0,0.0,0.0,0.0,0.0,0.0,0.0,0.0,0.0,0.0,0.0,0.0,0.0,0.0,0.0,0.0,0.0,0.0,0.0,0.0,0.0,0.0,0.0,0.0,0.0
64,,,,,,,,,0.0,1.365876e-06,5.842134e-07,5.514817e-07,5.318726e-07,5.125591e-07,4.931786e-07,4.758241e-07,4.602315e-07,4.457876e-07,4.332925e-07,4.199476e-07,4.049468e-07,3.836372e-07,2.999685e-07,0.0007443424,-0.00697876,-0.003989433,-0.003704134,-0.004178966,-0.002899804,-0.002969486,-0.002741005,-0.002677021,-0.002511786,-0.002342804,-0.00221942,-0.002079397,-0.001962145,-0.001871938,-0.001759745,-0.001684207,-0.001643212,-0.001501573,-0.001457141,-0.001348377,-0.001311463,-0.001226967,-0.001208032,-0.001147053,-0.001123799,-0.001038253,-0.001020631,-0.0009823671,-0.0009039192,-0.0008658269,-0.0008463146,-0.0008223296,-0.0008180442,-0.0007868088,-0.0007368,-0.0007324526,0.0002468549,0.0003216656,-0.0005730048,-0.0005456379,-0.0005048458,-0.0004916793,-0.0004823866,-0.0004720917,-0.0004389289,-0.0004688016,-0.000453581,-0.0004507168,-0.0004168456,-0.0004219156,-0.0003966091,-0.0004018044,-0.0003826059,-0.0003311601,-0.0003670575,-0.0003787352,-0.0003681993,-0.0003571803,-0.0003651185,-0.0003393504,-0.0003465732,-0.0003105672,-0.00026919,-0.0002958003,-0.0003043071,-0.0002575233,-0.0002716205,-0.0002464655,-0.000271125,-0.0002203834,-0.0002308731,-0.0002380906,-0.0002425354,-0.0002477035,-0.0002176252,-0.0002260919,-0.0002047256,-0.000179449,-0.00022876,-0.0001999286,-0.0001839631,-0.0001673891,-0.000153753,-0.0001929753,-0.0001971976,-0.0001608251,-0.0001645232,-0.000162821,-0.000183397,-0.0001523618,-0.0001732785,-0.0001852264,-0.0001689991,-0.0001354274,-0.000134646,-0.000165106,-0.0001632022,-0.0001409063,-0.0001722236,-0.0001779942,-0.0001496281,-0.0001225851,-0.0001109207,-0.0001337317,-0.0001399271,-0.0001332777,-0.0001295487,-0.0001317319,-0.0001319653,-0.0001228651,-0.0001045016,-0.0001048069,-0.0001176987,-0.0001254044,-0.0001044776,-0.0001188496,-0.0001407899,-9.421209e-05,-0.0001091377,-0.0001097902,-9.350269e-05,-7.333356e-05,-0.0001048241,-0.0001215341,-7.026467e-05,-8.04497e-05,-9.830198e-05,-0.0001024171,-8.284727e-05
65,,,,,,,,,0.0,0.0,0.0,0.0,0.0,0.0,0.0,0.0,0.0,0.0,0.0,0.0,0.0,0.0,0.0,0.0,0.0,0.0,0.0,0.0,0.0,0.0,0.0,0.0,0.0,0.0,0.0,0.0,0.0,0.0,0.0,0.0,0.0,0.0,0.0,0.0,0.0,0.0,0.0,0.0,0.0,0.0,0.0,0.0,0.0,0.0,0.0,0.0,0.0,0.0,0.0,0.0,0.0,0.0,0.0,0.0,0.0,0.0,0.0,0.0,0.0,0.0,0.0,0.0,0.0,0.0,0.0,0.0,0.0,0.0,0.0,0.0,0.0,0.0,0.0,0.0,0.0,0.0,0.0,0.0,0.0,0.0,0.0,0.0,0.0,0.0,0.0,0.0,0.0,0.0,0.0,0.0,0.0,0.0,0.0,0.0,0.0,0.0,0.0,0.0,0.0,0.0,0.0,0.0,0.0,0.0,0.0,0.0,0.0,0.0,0.0,0.0,0.0,0.0,0.0,0.0,0.0,0.0,0.0,0.0,0.0,0.0,0.0,0.0,0.0,0.0,0.0,0.0,0.0,0.0,0.0,0.0,0.0,0.0,0.0,0.0,0.0,0.0,0.0,0.0,0.0,0.0,0.0,0.0,0.0
66,,,,,,,,,655482600.0,1156096000.0,527286000.0,64509.64,36682.59,56261.02,107210.8,230679.6,529295.2,2446513.0,654804300.0,13113740.0,6313486.0,6937839.0,9347862.0,12906730.0,17507120.0,22733170.0,31262020.0,36368630.0,32534170.0,34202010.0,47131210.0,85218280.0,54142940.0,77118140.0,147818800.0,208420600.0,89743230.0,655454000.0,344593100.0,655463000.0,98445270.0,252488600.0,259106500.0,655472000.0,256762200.0,655469600.0,655498400.0,655481100.0,191209600.0,655469500.0,655483600.0,655490500.0,655477800.0,655472900.0,655493500.0,655481200.0,655481200.0,655481200.0,655498800.0,655500400.0,655480300.0,655475300.0,655497100.0,655500600.0,655484600.0,655495800.0,655499100.0,655495900.0,655482000.0,655475900.0,655490200.0,655490500.0,655486800.0,655479200.0,655492600.0,655493100.0,655480300.0,655477200.0,655505000.0,655506100.0,655484400.0,655486700.0,655498000.0,655504700.0,655476900.0,655496600.0,655511900.0,655511700.0,655497100.0,655506700.0,655502100.0,655510300.0,655493000.0,655490000.0,655505900.0,655504700.0,655491200.0,655504400.0,655519300.0,655511200.0,655485300.0,655493100.0,655496100.0,655499700.0,655500700.0,655498600.0,655514600.0,655516100.0,655499300.0,655483300.0,655504900.0,655512500.0,655490300.0,655494500.0,655520500.0,655505700.0,655487000.0,655498200.0,655520300.0,655512700.0,655489200.0,655488200.0,655494300.0,655498100.0,655501200.0,655504200.0,655512100.0,655519800.0,655490900.0,655493300.0,655505000.0,655513800.0,655489600.0,655502700.0,655498000.0,655508800.0,655493900.0,655492100.0,655525300.0,655514000.0,655488300.0,655488500.0,655517000.0,655502000.0,655505000.0,655501600.0,655520000.0,655512300.0,655502100.0,655498100.0,655506000.0,655506300.0,655497600.0
67,,,,,,,,,655482600.0,0.0,0.0,0.0,0.0,0.0,0.0,0.0,0.0,0.0,0.0,0.0,0.0,0.0,0.0,0.0,0.0,0.0,0.0,0.0,0.0,0.0,0.0,0.0,0.0,0.0,0.0,0.0,0.0,0.0,0.0,0.0,0.0,0.0,0.0,0.0,0.0,0.0,0.0,0.0,0.0,0.0,0.0,0.0,0.0,0.0,0.0,0.0,0.0,0.0,0.0,0.0,0.0,0.0,0.0,0.0,0.0,0.0,0.0,0.0,0.0,0.0,0.0,0.0,0.0,0.0,0.0,0.0,0.0,0.0,0.0,0.0,0.0,0.0,0.0,0.0,0.0,0.0,0.0,0.0,0.0,0.0,0.0,0.0,0.0,0.0,0.0,0.0,0.0,0.0,0.0,0.0,0.0,0.0,0.0,0.0,0.0,0.0,0.0,0.0,0.0,0.0,0.0,0.0,0.0,0.0,0.0,0.0,0.0,0.0,0.0,0.0,0.0,0.0,0.0,0.0,0.0,0.0,0.0,0.0,0.0,0.0,0.0,0.0,0.0,0.0,0.0,0.0,0.0,0.0,0.0,0.0,0.0,0.0,0.0,0.0,0.0,0.0,0.0,0.0,0.0,0.0,0.0,0.0,0.0
68,,,,,,,,,655482600.0,173.8632,173.8356,173.8224,173.8519,173.849,173.782,173.804,173.8462,173.8594,173.8628,173.8644,173.865,173.8648,173.8672,142.1371,15.27708,0.9004458,0.1606871,0.04055247,0.0001992535,8.585163e-06,9.349313e-06,9.615132e-06,1.030566e-05,1.111167e-05,1.179662e-05,1.266324e-05,1.34972e-05,1.422943e-05,1.522439e-05,1.599971e-05,1.649438e-05,1.815541e-05,1.881842e-05,2.045489e-05,2.115414e-05,2.274361e-05,2.323614e-05,2.461529e-05,2.527271e-05,2.751594e-05,2.81564e-05,2.942606e-05,3.216832e-05,3.378239e-05,3.476602e-05,3.599149e-05,3.6395e-05,3.806363e-05,4.088829e-05,4.137559e-05,0.0,0.0,5.386946e-05,5.690494e-05,6.18657e-05,6.389783e-05,6.551527e-05,6.734048e-05,7.28569e-05,6.862077e-05,7.134512e-05,7.222619e-05,7.855945e-05,7.807791e-05,8.355487e-05,8.296559e-05,8.764723e-05,0.0001018657,9.245323e-05,9.013783e-05,9.326999e-05,9.67216e-05,9.518417e-05,0.0001030236,0.0001014787,0.0001139188,0.0001322147,0.0001210403,0.00011836,0.0001406977,0.000134194,0.0001487731,0.0001360528,0.0001683764,0.0001616877,0.0001577238,0.0001557612,0.0001534241,0.0001756751,0.0001701082,0.0001889833,0.0002168926,0.0001711615,0.0001970155,0.0002153956,0.0002381367,0.0002608111,0.0002090482,0.0002057959,0.0002538497,0.0002496297,0.0002537534,0.0002266347,0.0002744324,0.0002427519,0.000228453,0.0002518905,0.000316213,0.0003199524,0.0002624948,0.0002671448,0.0003112703,0.0002561961,0.000249381,0.0002984311,0.0003664497,0.0004074118,0.0003399467,0.0003268401,0.0003452088,0.0003572759,0.0003534628,0.0003549461,0.0003835282,0.000453624,0.000455012,0.0004076078,0.00038486,0.0004647129,0.0004109701,0.0003490055,0.0005246791,0.0004556458,0.0004556539,0.0005382311,0.0006903771,0.000485879,0.0004215901,0.0007335723,0.0006445517,0.0005306668,0.0005124012,0.0006372326
69,,,,,,,,,0.0,0.0,0.0,0.0,0.0,0.0,0.0,0.0,0.0,0.0,0.0,0.0,0.0,0.0,0.0,0.0,0.0,0.0,0.0,0.0,0.0,0.0,0.0,0.0,0.0,0.0,0.0,0.0,0.0,0.0,0.0,0.0,0.0,0.0,0.0,0.0,0.0,0.0,0.0,0.0,0.0,0.0,0.0,0.0,0.0,0.0,0.0,0.0,0.0,0.0,0.0,0.0,0.0,0.0,0.0,0.0,0.0,0.0,0.0,0.0,0.0,0.0,0.0,0.0,0.0,0.0,0.0,0.0,0.0,0.0,0.0,0.0,0.0,0.0,0.0,0.0,0.0,0.0,0.0,0.0,0.0,0.0,0.0,0.0,0.0,0.0,0.0,0.0,0.0,0.0,0.0,0.0,0.0,0.0,0.0,0.0,0.0,0.0,0.0,0.0,0.0,0.0,0.0,0.0,0.0,0.0,0.0,0.0,0.0,0.0,0.0,0.0,0.0,0.0,0.0,0.0,0.0,0.0,0.0,0.0,0.0,0.0,0.0,0.0,0.0,0.0,0.0,0.0,0.0,0.0,0.0,0.0,0.0,0.0,0.0,0.0,0.0,0.0,0.0,0.0,0.0,0.0,0.0,0.0,0.0
70,,,,,,,,,0.1667186,0.02726866,0.02116117,0.1167258,0.1275067,0.1268282,0.1257967,0.1249264,0.1244455,0.1242515,0.1240752,0.1240705,0.1241593,0.1241982,0.1242087,0.1242137,0.1242176,0.1242207,0.1242238,0.1242267,0.1242287,0.1242304,0.1242321,0.1242335,0.1242341,0.124235,0.1242356,0.1242362,0.1242364,0.124237,0.1242373,0.1242377,0.1242378,0.1242382,0.1242383,0.1242387,0.1242387,0.1242389,0.1242392,0.1242393,0.1242392,0.1242394,0.1242396,0.1242397,0.1242397,0.1242398,0.1242399,0.12424,0.12424,0.1242401,0.1242402,0.1242403,0.1242402,0.1242403,0.1242404,0.1242405,0.1242404,0.1242406,0.1242406,0.1242407,0.1242405,0.1242405,0.1242405,0.1242407,0.1242406,0.1242407,0.1242407,0.1242408,0.1242406,0.1242407,0.1242409,0.124241,0.1242408,0.1242409,0.1242409,0.1242411,0.1242408,0.1242411,0.1242412,0.1242412,0.1242411,0.1242412,0.1242412,0.1242413,0.1242411,0.1242411,0.1242412,0.1242412,0.1242411,0.1242413,0.1242413,0.1242413,0.1242412,0.1242413,0.1242412,0.1242413,0.1242413,0.1242415,0.1242414,0.1242415,0.1242414,0.1242414,0.1242415,0.1242415,0.1242414,0.1242415,0.1242416,0.1242416,0.1242414,0.1242415,0.1242416,0.1242417,0.1242415,0.1242416,0.1242416,0.1242416,0.1242416,0.1242417,0.1242417,0.1242418,0.1242416,0.1242417,0.1242417,0.1242417,0.1242416,0.1242418,0.1242416,0.1242418,0.1242416,0.1242418,0.1242418,0.1242418,0.1242416,0.1242417,0.1242419,0.1242418,0.1242417,0.1242418,0.1242419,0.1242419,0.1242418,0.1242419,0.1242419,0.1242419,0.1242417
71,,,,,,,,,0.1667186,0.0,0.0,0.0,0.0,0.0,0.0,0.0,0.0,0.0,0.0,0.0,0.0,0.0,0.0,0.0,0.0,0.0,0.0,0.0,0.0,0.0,0.0,0.0,0.0,0.0,0.0,0.0,0.0,0.0,0.0,0.0,0.0,0.0,0.0,0.0,0.0,0.0,0.0,0.0,0.0,0.0,0.0,0.0,0.0,0.0,0.0,0.0,0.0,0.0,0.0,0.0,0.0,0.0,0.0,0.0,0.0,0.0,0.0,0.0,0.0,0.0,0.0,0.0,0.0,0.0,0.0,0.0,0.0,0.0,0.0,0.0,0.0,0.0,0.0,0.0,0.0,0.0,0.0,0.0,0.0,0.0,0.0,0.0,0.0,0.0,0.0,0.0,0.0,0.0,0.0,0.0,0.0,0.0,0.0,0.0,0.0,0.0,0.0,0.0,0.0,0.0,0.0,0.0,0.0,0.0,0.0,0.0,0.0,0.0,0.0,0.0,0.0,0.0,0.0,0.0,0.0,0.0,0.0,0.0,0.0,0.0,0.0,0.0,0.0,0.0,0.0,0.0,0.0,0.0,0.0,0.0,0.0,0.0,0.0,0.0,0.0,0.0,0.0,0.0,0.0,0.0,0.0,0.0,0.0
72,,,,,,,,,0.1667186,0.01260905,0.002192859,0.00161692,0.003062202,0.002695424,0.0008638808,-0.001067505,-0.00223706,-0.003405201,-0.003885065,-0.004102392,-0.004082113,-0.003826269,-0.003459764,-0.003374035,-0.0006805353,-2.102411e-05,-3.468672e-06,-9.869189e-07,-3.364103e-09,-1.484308e-10,-1.492051e-10,-1.498653e-10,-1.507137e-10,-1.515687e-10,-1.524373e-10,-1.53312e-10,-1.541945e-10,-1.550862e-10,-1.559854e-10,-1.568923e-10,-1.578061e-10,-1.587255e-10,-1.596537e-10,-1.605842e-10,-1.615271e-10,-1.624749e-10,-1.634318e-10,-1.643927e-10,-1.653615e-10,-1.663343e-10,-1.67317e-10,-1.683062e-10,-1.692981e-10,-1.703004e-10,-1.713093e-10,-1.723217e-10,-1.733455e-10,-1.743707e-10,-1.754053e-10,-1.764485e-10,-1.798169e-10,-1.774228e-10,-1.797195e-10,-1.807793e-10,-1.818457e-10,-1.829205e-10,-1.84006e-10,-1.850959e-10,-1.861912e-10,-1.873005e-10,-1.884141e-10,-1.895364e-10,-1.906637e-10,-1.917997e-10,-1.929429e-10,-1.940917e-10,-1.952469e-10,-1.964085e-10,-1.975834e-10,-1.987637e-10,-1.99949e-10,-2.011432e-10,-2.023452e-10,-2.035539e-10,-2.047689e-10,-2.059897e-10,-2.072207e-10,-2.084602e-10,-2.097064e-10,-2.109589e-10,-2.122218e-10,-2.134888e-10,-2.147689e-10,-2.160502e-10,-2.173425e-10,-2.186422e-10,-2.199526e-10,-2.212688e-10,-2.225943e-10,-2.239262e-10,-2.252631e-10,-2.266107e-10,-2.279715e-10,-2.293348e-10,-2.307077e-10,-2.320855e-10,-2.334772e-10,-2.348783e-10,-2.362832e-10,-2.376978e-10,-2.391212e-10,-2.405565e-10,-2.419988e-10,-2.43448e-10,-2.449074e-10,-2.463738e-10,-2.478512e-10,-2.493338e-10,-2.508266e-10,-2.523354e-10,-2.538444e-10,-2.553659e-10,-2.568974e-10,-2.584424e-10,-2.599873e-10,-2.615455e-10,-2.631123e-10,-2.646915e-10,-2.662761e-10,-2.678763e-10,-2.694831e-10,-2.711e-10,-2.727201e-10,-2.743601e-10,-2.760032e-10,-2.776566e-10,-2.793247e-10,-2.810028e-10,-2.826853e-10,-2.843826e-10,-2.860874e-10,-2.878033e-10,-2.895326e-10,-2.912687e-10,-2.93014e-10,-2.947711e-10,-2.965409e-10,-2.983208e-10,-3.001068e-10,-3.019102e-10,-3.037244e-10,-3.055468e-10,-3.073774e-10
73,,,,,,,,,0.0,0.0,0.0,0.0,0.0,0.0,0.0,0.0,0.0,0.0,0.0,0.0,0.0,0.0,0.0,0.0,0.0,0.0,0.0,0.0,0.0,0.0,0.0,0.0,0.0,0.0,0.0,0.0,0.0,0.0,0.0,0.0,0.0,0.0,0.0,0.0,0.0,0.0,0.0,0.0,0.0,0.0,0.0,0.0,0.0,0.0,0.0,0.0,0.0,0.0,0.0,0.0,0.0,0.0,0.0,0.0,0.0,0.0,0.0,0.0,0.0,0.0,0.0,0.0,0.0,0.0,0.0,0.0,0.0,0.0,0.0,0.0,0.0,0.0,0.0,0.0,0.0,0.0,0.0,0.0,0.0,0.0,0.0,0.0,0.0,0.0,0.0,0.0,0.0,0.0,0.0,0.0,0.0,0.0,0.0,0.0,0.0,0.0,0.0,0.0,0.0,0.0,0.0,0.0,0.0,0.0,0.0,0.0,0.0,0.0,0.0,0.0,0.0,0.0,0.0,0.0,0.0,0.0,0.0,0.0,0.0,0.0,0.0,0.0,0.0,0.0,0.0,0.0,0.0,0.0,0.0,0.0,0.0,0.0,0.0,0.0,0.0,0.0,0.0,0.0,0.0,0.0,0.0,0.0,0.0
74,,,,,,,,,0.0,0.0,0.0,0.0,0.0,0.0,0.0,0.0,0.0,0.0,0.0,0.0,0.0,0.0,0.0,0.0,0.0,0.0,0.0,0.0,0.0,0.0,0.0,0.0,0.0,0.0,0.0,0.0,0.0,0.0,0.0,0.0,0.0,0.0,0.0,0.0,0.0,0.0,0.0,0.0,0.0,0.0,0.0,0.0,0.0,0.0,0.0,0.0,0.0,0.0,0.0,0.0,0.0,0.0,0.0,0.0,0.0,0.0,0.0,0.0,0.0,0.0,0.0,0.0,0.0,0.0,0.0,0.0,0.0,0.0,0.0,0.0,0.0,0.0,0.0,0.0,0.0,0.0,0.0,0.0,0.0,0.0,0.0,0.0,0.0,0.0,0.0,0.0,0.0,0.0,0.0,0.0,0.0,0.0,0.0,0.0,0.0,0.0,0.0,0.0,0.0,0.0,0.0,0.0,0.0,0.0,0.0,0.0,0.0,0.0,0.0,0.0,0.0,0.0,0.0,0.0,0.0,0.0,0.0,0.0,0.0,0.0,0.0,0.0,0.0,0.0,0.0,0.0,0.0,0.0,0.0,0.0,0.0,0.0,0.0,0.0,0.0,0.0,0.0,0.0,0.0,0.0,0.0,0.0,0.0
75,,,,,,,,,0.0,0.0,0.0,0.0,0.0,0.0,0.0,0.0,0.0,0.0,0.0,0.0,0.0,0.0,0.0,0.0,0.0,0.0,0.0,0.0,0.0,0.0,0.0,0.0,0.0,0.0,0.0,0.0,0.0,0.0,0.0,0.0,0.0,0.0,0.0,0.0,0.0,0.0,0.0,0.0,0.0,0.0,0.0,0.0,0.0,0.0,0.0,0.0,0.0,0.0,0.0,0.0,0.0,0.0,0.0,0.0,0.0,0.0,0.0,0.0,0.0,0.0,0.0,0.0,0.0,0.0,0.0,0.0,0.0,0.0,0.0,0.0,0.0,0.0,0.0,0.0,0.0,0.0,0.0,0.0,0.0,0.0,0.0,0.0,0.0,0.0,0.0,0.0,0.0,0.0,0.0,0.0,0.0,0.0,0.0,0.0,0.0,0.0,0.0,0.0,0.0,0.0,0.0,0.0,0.0,0.0,0.0,0.0,0.0,0.0,0.0,0.0,0.0,0.0,0.0,0.0,0.0,0.0,0.0,0.0,0.0,0.0,0.0,0.0,0.0,0.0,0.0,0.0,0.0,0.0,0.0,0.0,0.0,0.0,0.0,0.0,0.0,0.0,0.0,0.0,0.0,0.0,0.0,0.0,0.0
76,,,,,,,,,0.0,1.365876e-06,5.842134e-07,5.514817e-07,5.318726e-07,5.125591e-07,4.931786e-07,4.758241e-07,4.602315e-07,4.457876e-07,4.332925e-07,4.199476e-07,4.049468e-07,3.836372e-07,2.999685e-07,0.0007443424,-0.00697876,-0.003989433,-0.003704134,-0.004178966,-0.002899804,-0.002969486,-0.002741005,-0.002677021,-0.002511786,-0.002342804,-0.00221942,-0.002079397,-0.001962145,-0.001871938,-0.001759745,-0.001684207,-0.001643212,-0.001501573,-0.001457141,-0.001348377,-0.001311463,-0.001226967,-0.001208032,-0.001147053,-0.001123799,-0.001038253,-0.001020631,-0.0009823671,-0.0009039192,-0.0008658269,-0.0008463146,-0.0008223296,-0.0008180442,-0.0007868088,-0.0007368,-0.0007324526,0.0002468549,0.0003216656,-0.0005730048,-0.0005456379,-0.0005048458,-0.0004916793,-0.0004823866,-0.0004720917,-0.0004389289,-0.0004688016,-0.000453581,-0.0004507168,-0.0004168456,-0.0004219156,-0.0003966091,-0.0004018044,-0.0003826059,-0.0003311601,-0.0003670575,-0.0003787352,-0.0003681993,-0.0003571803,-0.0003651185,-0.0003393504,-0.0003465732,-0.0003105672,-0.00026919,-0.0002958003,-0.0003043071,-0.0002575233,-0.0002716205,-0.0002464655,-0.000271125,-0.0002203834,-0.0002308731,-0.0002380906,-0.0002425354,-0.0002477035,-0.0002176252,-0.0002260919,-0.0002047256,-0.000179449,-0.00022876,-0.0001999286,-0.0001839631,-0.0001673891,-0.000153753,-0.0001929753,-0.0001971976,-0.0001608251,-0.0001645232,-0.000162821,-0.000183397,-0.0001523618,-0.0001732785,-0.0001852264,-0.0001689991,-0.0001354274,-0.000134646,-0.000165106,-0.0001632022,-0.0001409063,-0.0001722236,-0.0001779942,-0.0001496281,-0.0001225851,-0.0001109207,-0.0001337317,-0.0001399271,-0.0001332777,-0.0001295487,-0.0001317319,-0.0001319653,-0.0001228651,-0.0001045016,-0.0001048069,-0.0001176987,-0.0001254044,-0.0001044776,-0.0001188496,-0.0001407899,-9.421209e-05,-0.0001091377,-0.0001097902,-9.350269e-05,-7.333356e-05,-0.0001048241,-0.0001215341,-7.026467e-05,-8.04497e-05,-9.830198e-05,-0.0001024171,-8.284727e-05
77,,,,,,,,,0.0,0.0,0.0,0.0,0.0,0.0,0.0,0.0,0.0,0.0,0.0,0.0,0.0,0.0,0.0,0.0,0.0,0.0,0.0,0.0,0.0,0.0,0.0,0.0,0.0,0.0,0.0,0.0,0.0,0.0,0.0,0.0,0.0,0.0,0.0,0.0,0.0,0.0,0.0,0.0,0.0,0.0,0.0,0.0,0.0,0.0,0.0,0.0,0.0,0.0,0.0,0.0,0.0,0.0,0.0,0.0,0.0,0.0,0.0,0.0,0.0,0.0,0.0,0.0,0.0,0.0,0.0,0.0,0.0,0.0,0.0,0.0,0.0,0.0,0.0,0.0,0.0,0.0,0.0,0.0,0.0,0.0,0.0,0.0,0.0,0.0,0.0,0.0,0.0,0.0,0.0,0.0,0.0,0.0,0.0,0.0,0.0,0.0,0.0,0.0,0.0,0.0,0.0,0.0,0.0,0.0,0.0,0.0,0.0,0.0,0.0,0.0,0.0,0.0,0.0,0.0,0.0,0.0,0.0,0.0,0.0,0.0,0.0,0.0,0.0,0.0,0.0,0.0,0.0,0.0,0.0,0.0,0.0,0.0,0.0,0.0,0.0,0.0,0.0,0.0,0.0,0.0,0.0,0.0,0.0
78,,,,,,,,,655482600.0,1156096000.0,527286000.0,64509.64,36682.59,56261.02,107210.8,230679.6,529295.2,2446513.0,654804300.0,13113740.0,6313486.0,6937839.0,9347862.0,12906730.0,17507120.0,22733170.0,31262020.0,36368630.0,32534170.0,34202010.0,47131210.0,85218280.0,54142940.0,77118140.0,147818800.0,208420600.0,89743230.0,655454000.0,344593100.0,655463000.0,98445270.0,252488600.0,259106500.0,655472000.0,256762200.0,655469600.0,655498400.0,655481100.0,191209600.0,655469500.0,655483600.0,655490500.0,655477800.0,655472900.0,655493500.0,655481200.0,655481200.0,655481200.0,655498800.0,655500400.0,655480300.0,655475300.0,655497100.0,655500600.0,655484600.0,655495800.0,655499100.0,655495900.0,655482000.0,655475900.0,655490200.0,655490500.0,655486800.0,655479200.0,655492600.0,655493100.0,655480300.0,655477200.0,655505000.0,655506100.0,655484400.0,655486700.0,655498000.0,655504700.0,655476900.0,655496600.0,655511900.0,655511700.0,655497100.0,655506700.0,655502100.0,655510300.0,655493000.0,655490000.0,655505900.0,655504700.0,655491200.0,655504400.0,655519300.0,655511200.0,655485300.0,655493100.0,655496100.0,655499700.0,655500700.0,655498600.0,655514600.0,655516100.0,655499300.0,655483300.0,655504900.0,655512500.0,655490300.0,655494500.0,655520500.0,655505700.0,655487000.0,655498200.0,655520300.0,655512700.0,655489200.0,655488200.0,655494300.0,655498100.0,655501200.0,655504200.0,655512100.0,655519800.0,655490900.0,655493300.0,655505000.0,655513800.0,655489600.0,655502700.0,655498000.0,655508800.0,655493900.0,655492100.0,655525300.0,655514000.0,655488300.0,655488500.0,655517000.0,655502000.0,655505000.0,655501600.0,655520000.0,655512300.0,655502100.0,655498100.0,655506000.0,655506300.0,655497600.0
79,,,,,,,,,655482600.0,0.0,0.0,0.0,0.0,0.0,0.0,0.0,0.0,0.0,0.0,0.0,0.0,0.0,0.0,0.0,0.0,0.0,0.0,0.0,0.0,0.0,0.0,0.0,0.0,0.0,0.0,0.0,0.0,0.0,0.0,0.0,0.0,0.0,0.0,0.0,0.0,0.0,0.0,0.0,0.0,0.0,0.0,0.0,0.0,0.0,0.0,0.0,0.0,0.0,0.0,0.0,0.0,0.0,0.0,0.0,0.0,0.0,0.0,0.0,0.0,0.0,0.0,0.0,0.0,0.0,0.0,0.0,0.0,0.0,0.0,0.0,0.0,0.0,0.0,0.0,0.0,0.0,0.0,0.0,0.0,0.0,0.0,0.0,0.0,0.0,0.0,0.0,0.0,0.0,0.0,0.0,0.0,0.0,0.0,0.0,0.0,0.0,0.0,0.0,0.0,0.0,0.0,0.0,0.0,0.0,0.0,0.0,0.0,0.0,0.0,0.0,0.0,0.0,0.0,0.0,0.0,0.0,0.0,0.0,0.0,0.0,0.0,0.0,0.0,0.0,0.0,0.0,0.0,0.0,0.0,0.0,0.0,0.0,0.0,0.0,0.0,0.0,0.0,0.0,0.0,0.0,0.0,0.0,0.0
80,,,,,,,,,655482600.0,173.8823,173.8825,173.8825,173.8825,173.8825,173.8825,173.8825,173.8825,173.8825,173.8825,173.8825,173.8825,173.8825,173.8825,173.8825,173.8825,173.8825,173.8825,169.6742,0.5783671,0.02551868,0.0256518,0.02576532,0.02591117,0.02605816,0.02620749,0.02635788,0.02650959,0.0266629,0.02681749,0.02697342,0.02713051,0.02728858,0.02744817,0.02760814,0.02777025,0.0279332,0.02809771,0.02826291,0.02842947,0.02859671,0.02876566,0.02893572,0.02910626,0.02927857,0.02945203,0.02962608,0.02980211,0.02997836,0.03015623,0.03033557,0.0,0.0,0.03089793,0.03108014,0.03126347,0.03144826,0.03163489,0.03182227,0.03201057,0.03220129,0.03239274,0.0325857,0.03277949,0.03297481,0.03317134,0.03336886,0.03356746,0.03376717,0.03396916,0.03417208,0.03437586,0.03458116,0.03478782,0.03499563,0.03520452,0.03541439,0.03562603,0.03583913,0.03605338,0.03626871,0.03648584,0.03670366,0.03692374,0.03714403,0.0373662,0.03758965,0.03781493,0.03804123,0.03826911,0.03849809,0.03872793,0.03895962,0.03919358,0.03942795,0.03966399,0.03990087,0.04014013,0.040381,0.04062254,0.04086576,0.04111047,0.04135722,0.0416052,0.04185434,0.04210525,0.04235735,0.04261135,0.04286625,0.04312289,0.04338229,0.04364173,0.04390331,0.04416661,0.04443223,0.04469782,0.04496571,0.04523509,0.0455066,0.04577902,0.04605413,0.04633039,0.04660836,0.04688689,0.04716885,0.04745133,0.04773559,0.04802237,0.04831088,0.04860015,0.04889194,0.04918504,0.04948004,0.04977735,0.05007583,0.05037587,0.05067797,0.05098223,0.05128824,0.05159529,0.05190535,0.05221724,0.05253057,0.05284528
81,,,,,,,,,0.0,0.0,0.0,0.0,0.0,0.0,0.0,0.0,0.0,0.0,0.0,0.0,0.0,0.0,0.0,0.0,0.0,0.0,0.0,0.0,0.0,0.0,0.0,0.0,0.0,0.0,0.0,0.0,0.0,0.0,0.0,0.0,0.0,0.0,0.0,0.0,0.0,0.0,0.0,0.0,0.0,0.0,0.0,0.0,0.0,0.0,0.0,0.0,0.0,0.0,0.0,0.0,0.0,0.0,0.0,0.0,0.0,0.0,0.0,0.0,0.0,0.0,0.0,0.0,0.0,0.0,0.0,0.0,0.0,0.0,0.0,0.0,0.0,0.0,0.0,0.0,0.0,0.0,0.0,0.0,0.0,0.0,0.0,0.0,0.0,0.0,0.0,0.0,0.0,0.0,0.0,0.0,0.0,0.0,0.0,0.0,0.0,0.0,0.0,0.0,0.0,0.0,0.0,0.0,0.0,0.0,0.0,0.0,0.0,0.0,0.0,0.0,0.0,0.0,0.0,0.0,0.0,0.0,0.0,0.0,0.0,0.0,0.0,0.0,0.0,0.0,0.0,0.0,0.0,0.0,0.0,0.0,0.0,0.0,0.0,0.0,0.0,0.0,0.0,0.0,0.0,0.0,0.0,0.0,0.0
82,,,,,,,,,0.0,0.0,0.0,0.0,0.0,0.0,0.0,0.0,0.0,0.0,0.0,0.0,0.0,0.0,0.0,0.0,0.0,0.0,0.0,0.0,0.0,0.0,0.0,0.0,0.0,0.0,0.0,0.0,0.0,0.0,0.0,0.0,0.0,0.0,0.0,0.0,0.0,0.0,0.0,0.0,0.0,0.0,0.0,0.0,0.0,0.0,0.0,0.0,0.0,0.0,0.0,0.0,0.0,0.0,0.0,0.0,0.0,0.0,0.0,0.0,0.0,0.0,0.0,0.0,0.0,0.0,0.0,0.0,0.0,0.0,0.0,0.0,0.0,0.0,0.0,0.0,0.0,0.0,0.0,0.0,0.0,0.0,0.0,0.0,0.0,0.0,0.0,0.0,0.0,0.0,0.0,0.0,0.0,0.0,0.0,0.0,0.0,0.0,0.0,0.0,0.0,0.0,0.0,0.0,0.0,0.0,0.0,0.0,0.0,0.0,0.0,0.0,0.0,0.0,0.0,0.0,0.0,0.0,0.0,0.0,0.0,0.0,0.0,0.0,0.0,0.0,0.0,0.0,0.0,0.0,0.0,0.0,0.0,0.0,0.0,0.0,0.0,0.0,0.0,0.0,0.0,0.0,0.0,0.0,0.0
83,,,,,,,,,0.0,0.0,0.0,0.0,0.0,0.0,0.0,0.0,0.0,0.0,0.0,0.0,0.0,0.0,0.0,0.0,0.0,0.0,0.0,0.0,0.0,0.0,0.0,0.0,0.0,0.0,0.0,0.0,0.0,0.0,0.0,0.0,0.0,0.0,0.0,0.0,0.0,0.0,0.0,0.0,0.0,0.0,0.0,0.0,0.0,0.0,0.0,0.0,0.0,0.0,0.0,0.0,0.0,0.0,0.0,0.0,0.0,0.0,0.0,0.0,0.0,0.0,0.0,0.0,0.0,0.0,0.0,0.0,0.0,0.0,0.0,0.0,0.0,0.0,0.0,0.0,0.0,0.0,0.0,0.0,0.0,0.0,0.0,0.0,0.0,0.0,0.0,0.0,0.0,0.0,0.0,0.0,0.0,0.0,0.0,0.0,0.0,0.0,0.0,0.0,0.0,0.0,0.0,0.0,0.0,0.0,0.0,0.0,0.0,0.0,0.0,0.0,0.0,0.0,0.0,0.0,0.0,0.0,0.0,0.0,0.0,0.0,0.0,0.0,0.0,0.0,0.0,0.0,0.0,0.0,0.0,0.0,0.0,0.0,0.0,0.0,0.0,0.0,0.0,0.0,0.0,0.0,0.0,0.0,0.0
84,,,,,,,,,0.0,0.0001096556,0.0002696457,0.0003451775,0.0001758115,0.0001924789,0.0005776294,0.0004510559,0.0002082371,0.0001325188,0.0001128973,0.0001036246,0.0001004198,0.0001014965,8.776893e-05,0.182568,0.9121413,0.9948215,0.9990759,0.9997668,0.9999989,1.0,0.9999999,0.9999999,0.9999999,0.9999999,0.9999999,0.9999999,0.9999999,0.9999999,0.9999999,0.9999999,0.9999999,0.9999999,0.9999999,0.9999999,0.9999999,0.9999999,0.9999999,0.9999999,0.9999999,0.9999998,0.9999998,0.9999998,0.9999998,0.9999998,0.9999998,0.9999998,0.9999998,0.9999998,0.9999998,0.9999998,1.0,1.0,0.9999997,0.9999997,0.9999996,0.9999996,0.9999996,0.9999996,0.9999996,0.9999996,0.9999996,0.9999996,0.9999995,0.9999996,0.9999995,0.9999995,0.9999995,0.9999994,0.9999995,0.9999995,0.9999995,0.9999994,0.9999995,0.9999994,0.9999994,0.9999993,0.9999992,0.9999993,0.9999993,0.9999992,0.9999992,0.9999991,0.9999992,0.999999,0.9999991,0.9999991,0.9999991,0.9999991,0.999999,0.999999,0.9999989,0.9999988,0.999999,0.9999989,0.9999988,0.9999986,0.9999985,0.9999988,0.9999988,0.9999985,0.9999986,0.9999985,0.9999987,0.9999984,0.9999986,0.9999987,0.9999986,0.9999982,0.9999982,0.9999985,0.9999985,0.9999982,0.9999985,0.9999986,0.9999983,0.9999979,0.9999977,0.999998,0.9999981,0.999998,0.9999979,0.999998,0.999998,0.9999978,0.9999974,0.9999974,0.9999977,0.9999978,0.9999973,0.9999976,0.999998,0.999997,0.9999974,0.9999974,0.9999969,0.999996,0.9999972,0.9999976,0.9999958,0.9999963,0.9999969,0.9999971,0.9999963
85,,,,,,,,,0.0,0.0,0.0,0.0,0.0,0.0,0.0,0.0,0.0,0.0,0.0,0.0,0.0,0.0,0.0,0.0,0.0,0.0,0.0,0.0,0.0,0.0,0.0,0.0,0.0,0.0,0.0,0.0,0.0,0.0,0.0,0.0,0.0,0.0,0.0,0.0,0.0,0.0,0.0,0.0,0.0,0.0,0.0,0.0,0.0,0.0,0.0,0.0,0.0,0.0,0.0,0.0,0.0,0.0,0.0,0.0,0.0,0.0,0.0,0.0,0.0,0.0,0.0,0.0,0.0,0.0,0.0,0.0,0.0,0.0,0.0,0.0,0.0,0.0,0.0,0.0,0.0,0.0,0.0,0.0,0.0,0.0,0.0,0.0,0.0,0.0,0.0,0.0,0.0,0.0,0.0,0.0,0.0,0.0,0.0,0.0,0.0,0.0,0.0,0.0,0.0,0.0,0.0,0.0,0.0,0.0,0.0,0.0,0.0,0.0,0.0,0.0,0.0,0.0,0.0,0.0,0.0,0.0,0.0,0.0,0.0,0.0,0.0,0.0,0.0,0.0,0.0,0.0,0.0,0.0,0.0,0.0,0.0,0.0,0.0,0.0,0.0,0.0,0.0,0.0,0.0,0.0,0.0,0.0,0.0
86,,,,,,,,,0.002658072,0.01401648,0.006479947,0.006242499,0.006201885,0.006265055,0.006365125,0.006426735,0.006455501,0.006483574,0.00648818,0.006481965,0.006481045,0.006481324,0.006481492,0.006481529,0.006481488,0.006481342,0.006481269,0.006481024,0.006480551,0.006480269,0.00648024,0.006480283,0.0064798,0.006479753,0.006479748,0.00647962,0.006479228,0.006479398,0.006479189,0.00647916,0.006478678,0.006478765,0.006478651,0.006478729,0.00647844,0.006478483,0.006478719,0.006478424,0.00647805,0.006478122,0.006478203,0.00647821,0.006477992,0.00647787,0.006478045,0.006477841,0.006477782,0.006477728,0.00647788,0.006477847,0.006477566,0.006477466,0.006477675,0.006477673,0.006477445,0.006477533,0.006477533,0.006477457,0.006477261,0.00647716,0.00647729,0.00647726,0.006477187,0.006477068,0.006477197,0.006477173,0.006476999,0.006476938,0.006477233,0.00647722,0.006476944,0.006476947,0.006477057,0.006477113,0.006476772,0.006476975,0.006477133,0.006477111,0.006476922,0.006477015,0.006476942,0.00647702,0.006476801,0.00647675,0.006476919,0.006476888,0.006476715,0.006476853,0.006477011,0.006476902,0.006476585,0.006476662,0.006476684,0.006476712,0.006476709,0.00647667,0.006476847,0.006476851,0.006476643,0.006476442,0.006476683,0.00647676,0.00647649,0.006476528,0.006476821,0.006476636,0.006476409,0.006476528,0.006476776,0.006476677,0.006476394,0.006476369,0.006476433,0.006476469,0.006476496,0.006476521,0.006476606,0.006476686,0.006476341,0.006476359,0.006476489,0.006476583,0.006476294,0.006476437,0.006476376,0.006476494,0.006476313,0.006476282,0.006476665,0.006476525,0.006476219,0.006476213,0.006476539,0.006476357,0.006476388,0.006476339,0.006476549,0.006476451,0.006476328,0.006476273,0.006476359,0.006476359,0.006476252
87,,,,,,,,,0.00265443,0.0,0.0,0.0,0.0,0.0,0.0,0.0,0.0,0.0,0.0,0.0,0.0,0.0,0.0,0.0,0.0,0.0,0.0,0.0,0.0,0.0,0.0,0.0,0.0,0.0,0.0,0.0,0.0,0.0,0.0,0.0,0.0,0.0,0.0,0.0,0.0,0.0,0.0,0.0,0.0,0.0,0.0,0.0,0.0,0.0,0.0,0.0,0.0,0.0,0.0,0.0,0.0,0.0,0.0,0.0,0.0,0.0,0.0,0.0,0.0,0.0,0.0,0.0,0.0,0.0,0.0,0.0,0.0,0.0,0.0,0.0,0.0,0.0,0.0,0.0,0.0,0.0,0.0,0.0,0.0,0.0,0.0,0.0,0.0,0.0,0.0,0.0,0.0,0.0,0.0,0.0,0.0,0.0,0.0,0.0,0.0,0.0,0.0,0.0,0.0,0.0,0.0,0.0,0.0,0.0,0.0,0.0,0.0,0.0,0.0,0.0,0.0,0.0,0.0,0.0,0.0,0.0,0.0,0.0,0.0,0.0,0.0,0.0,0.0,0.0,0.0,0.0,0.0,0.0,0.0,0.0,0.0,0.0,0.0,0.0,0.0,0.0,0.0,0.0,0.0,0.0,0.0,0.0,0.0
88,,,,,,,,,0.002943546,-1.239066e-11,0.0,0.0,0.0,0.0,0.0,0.0,0.0,0.0,0.0,0.0,0.0,0.0,0.0,0.0,0.0,0.0,0.0,0.0,0.0,0.0,0.0,0.0,0.0,0.0,0.0,0.0,0.0,0.0,0.0,0.0,0.0,0.0,0.0,0.0,0.0,0.0,0.0,0.0,0.0,0.0,0.0,0.0,0.0,0.0,0.0,0.0,0.0,0.0,0.0,0.0,0.0,0.0,0.0,0.0,0.0,0.0,0.0,0.0,0.0,0.0,0.0,0.0,0.0,0.0,0.0,0.0,0.0,0.0,0.0,0.0,0.0,0.0,0.0,0.0,0.0,0.0,0.0,0.0,0.0,0.0,0.0,0.0,0.0,0.0,0.0,0.0,0.0,0.0,0.0,0.0,0.0,0.0,0.0,0.0,0.0,0.0,0.0,0.0,0.0,0.0,0.0,0.0,0.0,0.0,0.0,0.0,0.0,0.0,0.0,0.0,0.0,0.0,0.0,0.0,0.0,0.0,0.0,0.0,0.0,0.0,0.0,0.0,0.0,0.0,0.0,0.0,0.0,0.0,0.0,0.0,0.0,0.0,0.0,0.0,0.0,0.0,0.0,0.0,0.0,0.0,0.0,0.0,0.0
89,,,,,,,,,0.0,0.0,0.0,0.0,0.0,0.0,0.0,0.0,0.0,0.0,0.0,0.0,0.0,0.0,0.0,0.0,0.0,0.0,0.0,0.0,0.0,0.0,0.0,0.0,0.0,0.0,0.0,0.0,0.0,0.0,0.0,0.0,0.0,0.0,0.0,0.0,0.0,0.0,0.0,0.0,0.0,0.0,0.0,0.0,0.0,0.0,0.0,0.0,0.0,0.0,0.0,0.0,0.0,0.0,0.0,0.0,0.0,0.0,0.0,0.0,0.0,0.0,0.0,0.0,0.0,0.0,0.0,0.0,0.0,0.0,0.0,0.0,0.0,0.0,0.0,0.0,0.0,0.0,0.0,0.0,0.0,0.0,0.0,0.0,0.0,0.0,0.0,0.0,0.0,0.0,0.0,0.0,0.0,0.0,0.0,0.0,0.0,0.0,0.0,0.0,0.0,0.0,0.0,0.0,0.0,0.0,0.0,0.0,0.0,0.0,0.0,0.0,0.0,0.0,0.0,0.0,0.0,0.0,0.0,0.0,0.0,0.0,0.0,0.0,0.0,0.0,0.0,0.0,0.0,0.0,0.0,0.0,0.0,0.0,0.0,0.0,0.0,0.0,0.0,0.0,0.0,0.0,0.0,0.0,0.0
90,,,,,,,,,0.0,0.0,0.0,0.0,0.0,0.0,0.0,0.0,0.0,0.0,0.0,0.0,0.0,0.0,0.0,0.0,0.0,0.0,0.0,0.0,0.0,0.0,0.0,0.0,0.0,0.0,0.0,0.0,0.0,0.0,0.0,0.0,0.0,0.0,0.0,0.0,0.0,0.0,0.0,0.0,0.0,0.0,0.0,0.0,0.0,0.0,0.0,0.0,0.0,0.0,0.0,0.0,0.0,0.0,0.0,0.0,0.0,0.0,0.0,0.0,0.0,0.0,0.0,0.0,0.0,0.0,0.0,0.0,0.0,0.0,0.0,0.0,0.0,0.0,0.0,0.0,0.0,0.0,0.0,0.0,0.0,0.0,0.0,0.0,0.0,0.0,0.0,0.0,0.0,0.0,0.0,0.0,0.0,0.0,0.0,0.0,0.0,0.0,0.0,0.0,0.0,0.0,0.0,0.0,0.0,0.0,0.0,0.0,0.0,0.0,0.0,0.0,0.0,0.0,0.0,0.0,0.0,0.0,0.0,0.0,0.0,0.0,0.0,0.0,0.0,0.0,0.0,0.0,0.0,0.0,0.0,0.0,0.0,0.0,0.0,0.0,0.0,0.0,0.0,0.0,0.0,0.0,0.0,0.0,0.0
91,,,,,,,,,0.0,0.0,0.0,0.0,0.0,0.0,0.0,0.0,0.0,0.0,0.0,0.0,0.0,0.0,0.0,0.0,0.0,0.0,0.0,0.0,0.0,0.0,0.0,0.0,0.0,0.0,0.0,0.0,0.0,0.0,0.0,0.0,0.0,0.0,0.0,0.0,0.0,0.0,0.0,0.0,0.0,0.0,0.0,0.0,0.0,0.0,0.0,0.0,0.0,0.0,0.0,0.0,0.0,0.0,0.0,0.0,0.0,0.0,0.0,0.0,0.0,0.0,0.0,0.0,0.0,0.0,0.0,0.0,0.0,0.0,0.0,0.0,0.0,0.0,0.0,0.0,0.0,0.0,0.0,0.0,0.0,0.0,0.0,0.0,0.0,0.0,0.0,0.0,0.0,0.0,0.0,0.0,0.0,0.0,0.0,0.0,0.0,0.0,0.0,0.0,0.0,0.0,0.0,0.0,0.0,0.0,0.0,0.0,0.0,0.0,0.0,0.0,0.0,0.0,0.0,0.0,0.0,0.0,0.0,0.0,0.0,0.0,0.0,0.0,0.0,0.0,0.0,0.0,0.0,0.0,0.0,0.0,0.0,0.0,0.0,0.0,0.0,0.0,0.0,0.0,0.0,0.0,0.0,0.0,0.0
92,,,,,,,,,0.0,1.404072e-09,6.005187e-10,5.668543e-10,5.466671e-10,5.267839e-10,5.068376e-10,4.889796e-10,4.729356e-10,4.580741e-10,4.452172e-10,4.31489e-10,4.160614e-10,3.94154e-10,3.081823e-10,7.647556e-07,-7.10697e-06,-4.064564e-06,-3.775303e-06,-4.26069e-06,-2.95879e-06,-3.030605e-06,-2.798027e-06,-2.733256e-06,-2.565021e-06,-2.392864e-06,-2.267201e-06,-2.124474e-06,-2.004954e-06,-1.913024e-06,-1.798583e-06,-1.72157e-06,-1.679843e-06,-1.535199e-06,-1.489911e-06,-1.378823e-06,-1.341186e-06,-1.254875e-06,-1.235602e-06,-1.173314e-06,-1.149605e-06,-1.062163e-06,-1.044199e-06,-1.00511e-06,-9.248975e-07,-8.859682e-07,-8.66046e-07,-8.415428e-07,-8.371962e-07,-8.052655e-07,-7.541159e-07,-7.496971e-07,2.534028e-07,3.300174e-07,-5.939396e-07,-5.651537e-07,-5.225668e-07,-5.086521e-07,-4.987909e-07,-4.879305e-07,-4.534758e-07,-4.841663e-07,-4.68296e-07,-4.652025e-07,-4.301276e-07,-4.352522e-07,-4.090533e-07,-4.143251e-07,-3.944519e-07,-3.413519e-07,-3.782907e-07,-3.902646e-07,-3.793524e-07,-3.679489e-07,-3.760779e-07,-3.494937e-07,-3.568914e-07,-3.197787e-07,-2.771457e-07,-3.045128e-07,-3.132411e-07,-2.650604e-07,-2.795468e-07,-2.536375e-07,-2.789933e-07,-2.267626e-07,-2.375393e-07,-2.449489e-07,-2.495059e-07,-2.548069e-07,-2.238529e-07,-2.325487e-07,-2.105607e-07,-1.845541e-07,-2.35256e-07,-2.055959e-07,-1.89169e-07,-1.721182e-07,-1.5809e-07,-1.984103e-07,-2.027432e-07,-1.653414e-07,-1.691368e-07,-1.673807e-07,-1.885262e-07,-1.566175e-07,-1.781125e-07,-1.903875e-07,-1.737026e-07,-1.391923e-07,-1.38385e-07,-1.696859e-07,-1.677246e-07,-1.448068e-07,-1.769863e-07,-1.829117e-07,-1.537581e-07,-1.259656e-07,-1.139767e-07,-1.37413e-07,-1.437757e-07,-1.369403e-07,-1.331059e-07,-1.353462e-07,-1.355832e-07,-1.26231e-07,-1.073623e-07,-1.076739e-07,-1.20916e-07,-1.2883e-07,-1.073297e-07,-1.220918e-07,-1.446281e-07,-9.677885e-08,-1.121093e-07,-1.127777e-07,-9.604546e-08,-7.532666e-08,-1.076714e-07,-1.248334e-07,-7.217114e-08,-8.263133e-08,-1.009663e-07,-1.051915e-07,-8.509041e-08
93,,,,,,,,,0.0,0.0,0.0,0.0,0.0,0.0,0.0,0.0,0.0,0.0,0.0,0.0,0.0,0.0,0.0,0.0,0.0,0.0,0.0,0.0,0.0,0.0,0.0,0.0,0.0,0.0,0.0,0.0,0.0,0.0,0.0,0.0,0.0,0.0,0.0,0.0,0.0,0.0,0.0,0.0,0.0,0.0,0.0,0.0,0.0,0.0,0.0,0.0,0.0,0.0,0.0,0.0,0.0,0.0,0.0,0.0,0.0,0.0,0.0,0.0,0.0,0.0,0.0,0.0,0.0,0.0,0.0,0.0,0.0,0.0,0.0,0.0,0.0,0.0,0.0,0.0,0.0,0.0,0.0,0.0,0.0,0.0,0.0,0.0,0.0,0.0,0.0,0.0,0.0,0.0,0.0,0.0,0.0,0.0,0.0,0.0,0.0,0.0,0.0,0.0,0.0,0.0,0.0,0.0,0.0,0.0,0.0,0.0,0.0,0.0,0.0,0.0,0.0,0.0,0.0,0.0,0.0,0.0,0.0,0.0,0.0,0.0,0.0,0.0,0.0,0.0,0.0,0.0,0.0,0.0,0.0,0.0,0.0,0.0,0.0,0.0,0.0,0.0,0.0,0.0,0.0,0.0,0.0,0.0,0.0
94,,,,,,,,,0.0002549727,3.885768e-05,3.131101e-05,0.0001752659,0.0001927735,0.0001919258,0.0001901426,0.0001885258,0.0001875501,0.000187045,0.0001866027,0.0001864917,0.0001865608,0.0001865686,0.0001865432,0.0001865166,0.0001864941,0.000186475,0.0001864597,0.0001864472,0.0001864356,0.0001864255,0.000186417,0.0001864092,0.0001864013,0.0001863946,0.0001863885,0.0001863827,0.0001863772,0.0001863726,0.000186368,0.000186364,0.0001863598,0.0001863564,0.000186353,0.00018635,0.0001863468,0.0001863442,0.0001863418,0.0001863392,0.0001863366,0.0001863345,0.0001863326,0.0001863306,0.0001863285,0.0001863268,0.0001863251,0.0001863234,0.0001863218,0.0001863204,0.0001863191,0.0001863178,0.0001863162,0.0001863152,0.0001863139,0.0001863129,0.0001863116,0.0001863108,0.0001863098,0.0001863088,0.0001863075,0.0001863066,0.0001863056,0.000186305,0.000186304,0.0001863033,0.0001863024,0.0001863019,0.0001863008,0.0001863003,0.0001862998,0.0001862993,0.0001862983,0.0001862979,0.0001862972,0.0001862968,0.0001862959,0.0001862957,0.0001862952,0.0001862947,0.000186294,0.0001862936,0.0001862931,0.0001862928,0.000186292,0.0001862915,0.0001862912,0.0001862909,0.0001862902,0.0001862901,0.0001862897,0.0001862893,0.0001862888,0.0001862886,0.0001862881,0.0001862878,0.0001862874,0.0001862873,0.0001862869,0.0001862867,0.0001862863,0.0001862859,0.0001862858,0.0001862855,0.0001862849,0.0001862848,0.0001862846,0.0001862844,0.0001862838,0.0001862838,0.0001862836,0.0001862834,0.0001862829,0.0001862829,0.0001862825,0.0001862823,0.0001862821,0.000186282,0.0001862817,0.0001862817,0.0001862811,0.0001862811,0.0001862809,0.0001862807,0.0001862802,0.0001862804,0.00018628,0.00018628,0.0001862795,0.0001862796,0.0001862794,0.0001862792,0.0001862788,0.0001862788,0.0001862788,0.0001862785,0.0001862782,0.0001862782,0.0001862781,0.000186278,0.0001862776,0.0001862776,0.0001862775,0.0001862773,0.0001862769
95,,,,,,,,,0.0002549662,0.0,0.0,0.0,0.0,0.0,0.0,0.0,0.0,0.0,0.0,0.0,0.0,0.0,0.0,0.0,0.0,0.0,0.0,0.0,0.0,0.0,0.0,0.0,0.0,0.0,0.0,0.0,0.0,0.0,0.0,0.0,0.0,0.0,0.0,0.0,0.0,0.0,0.0,0.0,0.0,0.0,0.0,0.0,0.0,0.0,0.0,0.0,0.0,0.0,0.0,0.0,0.0,0.0,0.0,0.0,0.0,0.0,0.0,0.0,0.0,0.0,0.0,0.0,0.0,0.0,0.0,0.0,0.0,0.0,0.0,0.0,0.0,0.0,0.0,0.0,0.0,0.0,0.0,0.0,0.0,0.0,0.0,0.0,0.0,0.0,0.0,0.0,0.0,0.0,0.0,0.0,0.0,0.0,0.0,0.0,0.0,0.0,0.0,0.0,0.0,0.0,0.0,0.0,0.0,0.0,0.0,0.0,0.0,0.0,0.0,0.0,0.0,0.0,0.0,0.0,0.0,0.0,0.0,0.0,0.0,0.0,0.0,0.0,0.0,0.0,0.0,0.0,0.0,0.0,0.0,0.0,0.0,0.0,0.0,0.0,0.0,0.0,0.0,0.0,0.0,0.0,0.0,0.0,0.0
96,,,,,,,,,0.0002588838,1.960941e-05,3.410005e-06,2.514287e-06,4.761409e-06,4.190865e-06,1.343103e-06,-1.640054e-06,-3.439428e-06,-5.238702e-06,-5.980184e-06,-6.317675e-06,-6.289044e-06,-5.897011e-06,-5.333798e-06,-5.193877e-06,-1.048154e-06,-3.239523e-08,-5.3465e-09,-1.521545e-09,-4.963529e-12,-2.250718e-17,0.0,0.0,0.0,0.0,0.0,0.0,0.0,0.0,0.0,0.0,0.0,0.0,0.0,0.0,0.0,0.0,0.0,0.0,0.0,0.0,0.0,0.0,0.0,0.0,0.0,0.0,0.0,0.0,0.0,0.0,0.0,0.0,0.0,0.0,0.0,0.0,0.0,0.0,0.0,0.0,0.0,0.0,0.0,0.0,0.0,0.0,0.0,0.0,0.0,0.0,0.0,0.0,0.0,0.0,0.0,0.0,0.0,0.0,0.0,0.0,0.0,0.0,0.0,0.0,0.0,0.0,0.0,0.0,0.0,0.0,0.0,0.0,0.0,0.0,0.0,0.0,0.0,0.0,0.0,0.0,0.0,0.0,0.0,0.0,0.0,0.0,0.0,0.0,0.0,0.0,0.0,0.0,0.0,0.0,0.0,0.0,0.0,0.0,0.0,0.0,0.0,0.0,0.0,0.0,0.0,0.0,0.0,0.0,0.0,0.0,0.0,0.0,0.0,0.0,0.0,0.0,0.0,0.0,0.0,0.0,0.0,0.0,0.0
97,,,,,,,,,0.0,0.0,0.0,0.0,0.0,0.0,0.0,0.0,0.0,0.0,0.0,0.0,0.0,0.0,0.0,0.0,0.0,0.0,0.0,0.0,0.0,0.0,0.0,0.0,0.0,0.0,0.0,0.0,0.0,0.0,0.0,0.0,0.0,0.0,0.0,0.0,0.0,0.0,0.0,0.0,0.0,0.0,0.0,0.0,0.0,0.0,0.0,0.0,0.0,0.0,0.0,0.0,0.0,0.0,0.0,0.0,0.0,0.0,0.0,0.0,0.0,0.0,0.0,0.0,0.0,0.0,0.0,0.0,0.0,0.0,0.0,0.0,0.0,0.0,0.0,0.0,0.0,0.0,0.0,0.0,0.0,0.0,0.0,0.0,0.0,0.0,0.0,0.0,0.0,0.0,0.0,0.0,0.0,0.0,0.0,0.0,0.0,0.0,0.0,0.0,0.0,0.0,0.0,0.0,0.0,0.0,0.0,0.0,0.0,0.0,0.0,0.0,0.0,0.0,0.0,0.0,0.0,0.0,0.0,0.0,0.0,0.0,0.0,0.0,0.0,0.0,0.0,0.0,0.0,0.0,0.0,0.0,0.0,0.0,0.0,0.0,0.0,0.0,0.0,0.0,0.0,0.0,0.0,0.0,0.0
98,,,,,,,,,0.0002550308,3.89395e-05,3.131691e-05,0.0001753291,0.0001928477,0.000192004,0.0001902243,0.0001886091,0.0001876341,0.0001871296,0.0001866872,0.0001865758,0.0001866449,0.0001866528,0.0001866274,0.0001866008,0.0001865782,0.0001865591,0.0001865439,0.0001865314,0.0001865197,0.0001865096,0.000186501,0.0001864932,0.0001864854,0.0001864787,0.0001864725,0.0001864667,0.0001864612,0.0001864566,0.0001864521,0.000186448,0.0001864438,0.0001864404,0.000186437,0.000186434,0.0001864308,0.0001864282,0.0001864258,0.0001864232,0.0001864206,0.0001864185,0.0001864166,0.0001864146,0.0001864125,0.0001864108,0.0001864091,0.0001864074,0.0001864058,0.0001864044,0.0001864031,0.0001864017,0.0001864002,0.0001863991,0.0001863979,0.0001863969,0.0001863955,0.0001863948,0.0001863937,0.0001863927,0.0001863914,0.0001863905,0.0001863896,0.000186389,0.0001863879,0.0001863872,0.0001863864,0.0001863858,0.0001863848,0.0001863842,0.0001863838,0.0001863832,0.0001863822,0.0001863818,0.0001863812,0.0001863807,0.0001863798,0.0001863796,0.0001863792,0.0001863786,0.0001863779,0.0001863775,0.000186377,0.0001863767,0.0001863759,0.0001863755,0.0001863752,0.0001863748,0.0001863742,0.000186374,0.0001863737,0.0001863733,0.0001863727,0.0001863725,0.000186372,0.0001863718,0.0001863714,0.0001863713,0.0001863708,0.0001863706,0.0001863702,0.0001863698,0.0001863697,0.0001863694,0.0001863689,0.0001863687,0.0001863686,0.0001863683,0.0001863677,0.0001863677,0.0001863675,0.0001863673,0.0001863668,0.0001863668,0.0001863664,0.0001863662,0.000186366,0.0001863659,0.0001863656,0.0001863656,0.0001863651,0.000186365,0.0001863648,0.0001863646,0.0001863642,0.0001863643,0.0001863639,0.0001863639,0.0001863634,0.0001863635,0.0001863633,0.0001863632,0.0001863627,0.0001863627,0.0001863627,0.0001863625,0.0001863621,0.0001863622,0.0001863621,0.000186362,0.0001863615,0.0001863615,0.0001863614,0.0001863612,0.0001863608
99,,,,,,,,,0.0002550243,0.0,0.0,0.0,0.0,0.0,0.0,0.0,0.0,0.0,0.0,0.0,0.0,0.0,0.0,0.0,0.0,0.0,0.0,0.0,0.0,0.0,0.0,0.0,0.0,0.0,0.0,0.0,0.0,0.0,0.0,0.0,0.0,0.0,0.0,0.0,0.0,0.0,0.0,0.0,0.0,0.0,0.0,0.0,0.0,0.0,0.0,0.0,0.0,0.0,0.0,0.0,0.0,0.0,0.0,0.0,0.0,0.0,0.0,0.0,0.0,0.0,0.0,0.0,0.0,0.0,0.0,0.0,0.0,0.0,0.0,0.0,0.0,0.0,0.0,0.0,0.0,0.0,0.0,0.0,0.0,0.0,0.0,0.0,0.0,0.0,0.0,0.0,0.0,0.0,0.0,0.0,0.0,0.0,0.0,0.0,0.0,0.0,0.0,0.0,0.0,0.0,0.0,0.0,0.0,0.0,0.0,0.0,0.0,0.0,0.0,0.0,0.0,0.0,0.0,0.0,0.0,0.0,0.0,0.0,0.0,0.0,0.0,0.0,0.0,0.0,0.0,0.0,0.0,0.0,0.0,0.0,0.0,0.0,0.0,0.0,0.0,0.0,0.0,0.0,0.0,0.0,0.0,0.0,0.0
100,,,,,,,,,0.0002589347,1.960941e-05,3.410005e-06,2.514287e-06,4.761409e-06,4.190865e-06,1.343102e-06,-1.640054e-06,-3.439429e-06,-5.238702e-06,-5.980184e-06,-6.317675e-06,-6.289044e-06,-5.897011e-06,-5.333798e-06,-5.193878e-06,-1.048155e-06,-3.239545e-08,-5.346717e-09,-1.521762e-09,-5.191158e-12,-2.290957e-13,-2.303383e-13,-2.314014e-13,-2.327517e-13,-2.341096e-13,-2.354862e-13,-2.368701e-13,-2.382639e-13,-2.396703e-13,-2.410867e-13,-2.425136e-13,-2.439497e-13,-2.453934e-13,-2.468496e-13,-2.483083e-13,-2.497853e-13,-2.51269e-13,-2.52766e-13,-2.542684e-13,-2.557825e-13,-2.57302e-13,-2.588363e-13,-2.603802e-13,-2.619278e-13,-2.634908e-13,-2.650638e-13,-2.666417e-13,-2.68237e-13,-2.698341e-13,-2.714453e-13,-2.730694e-13,-2.796896e-13,-2.780178e-13,-2.816585e-13,-2.831083e-13,-2.845941e-13,-2.861141e-13,-2.87668e-13,-2.89243e-13,-2.908385e-13,-2.92466e-13,-2.94109e-13,-2.957732e-13,-2.974515e-13,-2.991493e-13,-3.008632e-13,-3.025904e-13,-3.043314e-13,-3.06086e-13,-3.078644e-13,-3.09654e-13,-3.11454e-13,-3.132701e-13,-3.151005e-13,-3.169434e-13,-3.187977e-13,-3.206625e-13,-3.225448e-13,-3.244417e-13,-3.263502e-13,-3.282697e-13,-3.302065e-13,-3.321506e-13,-3.34116e-13,-3.360841e-13,-3.380701e-13,-3.400683e-13,-3.420839e-13,-3.441093e-13,-3.461496e-13,-3.482005e-13,-3.502597e-13,-3.523361e-13,-3.544334e-13,-3.56535e-13,-3.586521e-13,-3.607772e-13,-3.629241e-13,-3.650861e-13,-3.672543e-13,-3.694381e-13,-3.716357e-13,-3.73852e-13,-3.760797e-13,-3.783182e-13,-3.805728e-13,-3.828385e-13,-3.851216e-13,-3.874131e-13,-3.897204e-13,-3.92053e-13,-3.94386e-13,-3.967385e-13,-3.991068e-13,-4.014963e-13,-4.038856e-13,-4.062958e-13,-4.087197e-13,-4.111629e-13,-4.136145e-13,-4.160905e-13,-4.185769e-13,-4.21079e-13,-4.235863e-13,-4.261246e-13,-4.286678e-13,-4.312271e-13,-4.338093e-13,-4.364072e-13,-4.390121e-13,-4.416398e-13,-4.442794e-13,-4.469363e-13,-4.496141e-13,-4.523025e-13,-4.550052e-13,-4.577264e-13,-4.604673e-13,-4.632239e-13,-4.659902e-13,-4.687836e-13,-4.715936e-13,-4.744166e-13,-4.772521e-13
101,,,,,,,,,0.0,0.0,0.0,0.0,0.0,0.0,0.0,0.0,0.0,0.0,0.0,0.0,0.0,0.0,0.0,0.0,0.0,0.0,0.0,0.0,0.0,0.0,0.0,0.0,0.0,0.0,0.0,0.0,0.0,0.0,0.0,0.0,0.0,0.0,0.0,0.0,0.0,0.0,0.0,0.0,0.0,0.0,0.0,0.0,0.0,0.0,0.0,0.0,0.0,0.0,0.0,0.0,0.0,0.0,0.0,0.0,0.0,0.0,0.0,0.0,0.0,0.0,0.0,0.0,0.0,0.0,0.0,0.0,0.0,0.0,0.0,0.0,0.0,0.0,0.0,0.0,0.0,0.0,0.0,0.0,0.0,0.0,0.0,0.0,0.0,0.0,0.0,0.0,0.0,0.0,0.0,0.0,0.0,0.0,0.0,0.0,0.0,0.0,0.0,0.0,0.0,0.0,0.0,0.0,0.0,0.0,0.0,0.0,0.0,0.0,0.0,0.0,0.0,0.0,0.0,0.0,0.0,0.0,0.0,0.0,0.0,0.0,0.0,0.0,0.0,0.0,0.0,0.0,0.0,0.0,0.0,0.0,0.0,0.0,0.0,0.0,0.0,0.0,0.0,0.0,0.0,0.0,0.0,0.0,0.0
102,,,,,,,,,0.0,0.0,0.0,0.0,0.0,0.0,0.0,0.0,0.0,0.0,0.0,0.0,0.0,0.0,0.0,0.0,0.0,0.0,0.0,0.0,0.0,0.0,0.0,0.0,0.0,0.0,0.0,0.0,0.0,0.0,0.0,0.0,0.0,0.0,0.0,0.0,0.0,0.0,0.0,0.0,0.0,0.0,0.0,0.0,0.0,0.0,0.0,0.0,0.0,0.0,0.0,0.0,0.0,0.0,0.0,0.0,0.0,0.0,0.0,0.0,0.0,0.0,0.0,0.0,0.0,0.0,0.0,0.0,0.0,0.0,0.0,0.0,0.0,0.0,0.0,0.0,0.0,0.0,0.0,0.0,0.0,0.0,0.0,0.0,0.0,0.0,0.0,0.0,0.0,0.0,0.0,0.0,0.0,0.0,0.0,0.0,0.0,0.0,0.0,0.0,0.0,0.0,0.0,0.0,0.0,0.0,0.0,0.0,0.0,0.0,0.0,0.0,0.0,0.0,0.0,0.0,0.0,0.0,0.0,0.0,0.0,0.0,0.0,0.0,0.0,0.0,0.0,0.0,0.0,0.0,0.0,0.0,0.0,0.0,0.0,0.0,0.0,0.0,0.0,0.0,0.0,0.0,0.0,0.0,0.0
103,,,,,,,,,0.0,0.0,0.0,0.0,0.0,0.0,0.0,0.0,0.0,0.0,0.0,0.0,0.0,0.0,0.0,0.0,0.0,0.0,0.0,0.0,0.0,0.0,0.0,0.0,0.0,0.0,0.0,0.0,0.0,0.0,0.0,0.0,0.0,0.0,0.0,0.0,0.0,0.0,0.0,0.0,0.0,0.0,0.0,0.0,0.0,0.0,0.0,0.0,0.0,0.0,0.0,0.0,0.0,0.0,0.0,0.0,0.0,0.0,0.0,0.0,0.0,0.0,0.0,0.0,0.0,0.0,0.0,0.0,0.0,0.0,0.0,0.0,0.0,0.0,0.0,0.0,0.0,0.0,0.0,0.0,0.0,0.0,0.0,0.0,0.0,0.0,0.0,0.0,0.0,0.0,0.0,0.0,0.0,0.0,0.0,0.0,0.0,0.0,0.0,0.0,0.0,0.0,0.0,0.0,0.0,0.0,0.0,0.0,0.0,0.0,0.0,0.0,0.0,0.0,0.0,0.0,0.0,0.0,0.0,0.0,0.0,0.0,0.0,0.0,0.0,0.0,0.0,0.0,0.0,0.0,0.0,0.0,0.0,0.0,0.0,0.0,0.0,0.0,0.0,0.0,0.0,0.0,0.0,0.0,0.0
104,,,,,,,,,0.0,1.404802e-09,6.010965e-10,5.673437e-10,5.470036e-10,5.270072e-10,5.069839e-10,4.890751e-10,4.729971e-10,4.581142e-10,4.452432e-10,4.315059e-10,4.160725e-10,3.941612e-10,3.08187e-10,7.647556e-07,-7.10697e-06,-4.064564e-06,-3.775303e-06,-4.26069e-06,-2.95879e-06,-3.030605e-06,-2.798027e-06,-2.733256e-06,-2.565021e-06,-2.392864e-06,-2.267201e-06,-2.124474e-06,-2.004954e-06,-1.913024e-06,-1.798583e-06,-1.72157e-06,-1.679843e-06,-1.535199e-06,-1.489911e-06,-1.378823e-06,-1.341186e-06,-1.254875e-06,-1.235602e-06,-1.173314e-06,-1.149605e-06,-1.062163e-06,-1.044199e-06,-1.00511e-06,-9.248975e-07,-8.859682e-07,-8.66046e-07,-8.415428e-07,-8.371962e-07,-8.052655e-07,-7.541159e-07,-7.496971e-07,2.534028e-07,3.300174e-07,-5.939396e-07,-5.651537e-07,-5.225668e-07,-5.086521e-07,-4.987909e-07,-4.879305e-07,-4.534758e-07,-4.841663e-07,-4.68296e-07,-4.652025e-07,-4.301276e-07,-4.352522e-07,-4.090533e-07,-4.143251e-07,-3.944519e-07,-3.413519e-07,-3.782907e-07,-3.902646e-07,-3.793524e-07,-3.679489e-07,-3.760779e-07,-3.494937e-07,-3.568914e-07,-3.197787e-07,-2.771457e-07,-3.045128e-07,-3.132411e-07,-2.650604e-07,-2.795468e-07,-2.536375e-07,-2.789933e-07,-2.267626e-07,-2.375393e-07,-2.449489e-07,-2.495059e-07,-2.548069e-07,-2.238529e-07,-2.325487e-07,-2.105607e-07,-1.845541e-07,-2.35256e-07,-2.055959e-07,-1.89169e-07,-1.721182e-07,-1.5809e-07,-1.984103e-07,-2.027432e-07,-1.653414e-07,-1.691368e-07,-1.673807e-07,-1.885262e-07,-1.566175e-07,-1.781125e-07,-1.903875e-07,-1.737026e-07,-1.391923e-07,-1.38385e-07,-1.696859e-07,-1.677246e-07,-1.448068e-07,-1.769863e-07,-1.829117e-07,-1.537581e-07,-1.259656e-07,-1.139767e-07,-1.37413e-07,-1.437757e-07,-1.369403e-07,-1.331059e-07,-1.353462e-07,-1.355832e-07,-1.26231e-07,-1.073623e-07,-1.076739e-07,-1.20916e-07,-1.2883e-07,-1.073297e-07,-1.220918e-07,-1.446281e-07,-9.677885e-08,-1.121093e-07,-1.127777e-07,-9.604546e-08,-7.532666e-08,-1.076714e-07,-1.248334e-07,-7.217114e-08,-8.263133e-08,-1.009663e-07,-1.051915e-07,-8.509041e-08
105,,,,,,,,,0.0,0.0,0.0,0.0,0.0,0.0,0.0,0.0,0.0,0.0,0.0,0.0,0.0,0.0,0.0,0.0,0.0,0.0,0.0,0.0,0.0,0.0,0.0,0.0,0.0,0.0,0.0,0.0,0.0,0.0,0.0,0.0,0.0,0.0,0.0,0.0,0.0,0.0,0.0,0.0,0.0,0.0,0.0,0.0,0.0,0.0,0.0,0.0,0.0,0.0,0.0,0.0,0.0,0.0,0.0,0.0,0.0,0.0,0.0,0.0,0.0,0.0,0.0,0.0,0.0,0.0,0.0,0.0,0.0,0.0,0.0,0.0,0.0,0.0,0.0,0.0,0.0,0.0,0.0,0.0,0.0,0.0,0.0,0.0,0.0,0.0,0.0,0.0,0.0,0.0,0.0,0.0,0.0,0.0,0.0,0.0,0.0,0.0,0.0,0.0,0.0,0.0,0.0,0.0,0.0,0.0,0.0,0.0,0.0,0.0,0.0,0.0,0.0,0.0,0.0,0.0,0.0,0.0,0.0,0.0,0.0,0.0,0.0,0.0,0.0,0.0,0.0,0.0,0.0,0.0,0.0,0.0,0.0,0.0,0.0,0.0,0.0,0.0,0.0,0.0,0.0,0.0,0.0,0.0,0.0
106,,,,,,,,,35.23336,22.64913,19.20404,63.21155,83.85474,83.14212,81.42855,80.17398,79.53263,79.17289,78.99813,79.02336,79.08332,79.10693,79.11284,79.11539,79.11774,79.12069,79.1242,79.12742,79.1301,79.13269,79.13526,79.13748,79.13909,79.14075,79.14242,79.14372,79.14491,79.14627,79.14731,79.14834,79.14908,79.1501,79.15093,79.15186,79.1525,79.15328,79.15422,79.15462,79.15511,79.15572,79.15635,79.1569,79.15724,79.15765,79.15828,79.15854,79.159,79.15934,79.15992,79.1602,79.16046,79.16065,79.16114,79.16151,79.16173,79.16217,79.16249,79.16261,79.16274,79.16295,79.16329,79.16351,79.1638,79.1638,79.16415,79.16437,79.16449,79.1646,79.16512,79.16525,79.16529,79.16549,79.16571,79.16593,79.16593,79.16626,79.16652,79.16659,79.16669,79.16689,79.16701,79.16712,79.16717,79.1672,79.16751,79.16764,79.16772,79.1678,79.16812,79.16813,79.16807,79.16822,79.16833,79.16845,79.16867,79.16869,79.16887,79.16899,79.16898,79.16891,79.16921,79.1693,79.1693,79.16934,79.1697,79.1696,79.16954,79.1697,79.16994,79.16999,79.16993,79.17,79.17005,79.17014,79.17031,79.17039,79.17044,79.17064,79.17045,79.17055,79.17065,79.17076,79.17073,79.17088,79.17084,79.17095,79.17104,79.17107,79.17129,79.17125,79.17119,79.17121,79.17152,79.17144,79.17151,79.17158,79.17175,79.17172,79.17165,79.1717,79.1718,79.17177,79.17179
107,,,,,,,,,34.82147,0.0,0.0,0.0,0.0,0.0,0.0,0.0,0.0,0.0,0.0,0.0,0.0,0.0,0.0,0.0,0.0,0.0,0.0,0.0,0.0,0.0,0.0,0.0,0.0,0.0,0.0,0.0,0.0,0.0,0.0,0.0,0.0,0.0,0.0,0.0,0.0,0.0,0.0,0.0,0.0,0.0,0.0,0.0,0.0,0.0,0.0,0.0,0.0,0.0,0.0,0.0,0.0,0.0,0.0,0.0,0.0,0.0,0.0,0.0,0.0,0.0,0.0,0.0,0.0,0.0,0.0,0.0,0.0,0.0,0.0,0.0,0.0,0.0,0.0,0.0,0.0,0.0,0.0,0.0,0.0,0.0,0.0,0.0,0.0,0.0,0.0,0.0,0.0,0.0,0.0,0.0,0.0,0.0,0.0,0.0,0.0,0.0,0.0,0.0,0.0,0.0,0.0,0.0,0.0,0.0,0.0,0.0,0.0,0.0,0.0,0.0,0.0,0.0,0.0,0.0,0.0,0.0,0.0,0.0,0.0,0.0,0.0,0.0,0.0,0.0,0.0,0.0,0.0,0.0,0.0,0.0,0.0,0.0,0.0,0.0,0.0,0.0,0.0,0.0,0.0,0.0,0.0,0.0,0.0
108,,,,,,,,,23.84153,-21.23477,-22.00513,-21.67891,-19.89661,-17.96298,-16.36525,-15.14038,-14.25822,-13.64309,-13.20549,-12.90586,-12.71363,-12.64702,-12.95462,-1.67734,-2.449212,-2.003303,-1.909685,-1.87287,-4.29441,-4.732955,-5.299143,-5.674588,-5.793939,-5.898657,-5.99157,-6.074674,-6.149607,-6.217542,-6.279487,-6.33627,-6.388612,-6.436913,-6.481767,-6.523483,-6.562456,-6.598867,-6.633101,-6.665212,-6.695545,-6.724126,-6.751172,-6.776814,-6.801116,-6.824173,-6.846162,-6.867092,-6.887091,-6.906167,-6.924404,-6.94188,-7.022178,-6.973649,-7.064618,-7.076802,-7.08854,-7.099847,-7.110782,-7.121322,-7.131521,-7.141388,-7.150932,-7.160145,-7.169097,-7.177752,-7.18616,-7.194312,-7.202249,-7.209892,-7.217404,-7.22466,-7.23174,-7.238598,-7.245299,-7.251784,-7.25815,-7.26431,-7.27031,-7.276194,-7.28195,-7.287505,-7.292962,-7.298261,-7.303486,-7.308538,-7.313514,-7.318368,-7.323129,-7.327747,-7.332273,-7.336707,-7.341042,-7.345278,-7.349464,-7.353526,-7.357534,-7.361411,-7.365248,-7.369017,-7.372713,-7.376291,-7.379841,-7.383314,-7.386745,-7.390062,-7.393381,-7.396591,-7.39976,-7.402836,-7.405903,-7.408903,-7.411871,-7.41473,-7.417601,-7.420393,-7.42315,-7.425829,-7.428484,-7.431111,-7.433696,-7.436202,-7.438695,-7.441142,-7.44358,-7.445929,-7.448261,-7.450552,-7.452851,-7.455064,-7.457264,-7.459425,-7.461586,-7.463654,-7.465736,-7.467773,-7.469794,-7.471736,-7.473727,-7.475656,-7.477521,-7.479401,-7.481257,-7.483083,-7.48487
109,,,,,,,,,0.0,0.0,0.0,0.0,0.0,0.0,0.0,0.0,0.0,0.0,0.0,0.0,0.0,0.0,0.0,0.0,0.0,0.0,0.0,0.0,0.0,0.0,0.0,0.0,0.0,0.0,0.0,0.0,0.0,0.0,0.0,0.0,0.0,0.0,0.0,0.0,0.0,0.0,0.0,0.0,0.0,0.0,0.0,0.0,0.0,0.0,0.0,0.0,0.0,0.0,0.0,0.0,0.0,0.0,0.0,0.0,0.0,0.0,0.0,0.0,0.0,0.0,0.0,0.0,0.0,0.0,0.0,0.0,0.0,0.0,0.0,0.0,0.0,0.0,0.0,0.0,0.0,0.0,0.0,0.0,0.0,0.0,0.0,0.0,0.0,0.0,0.0,0.0,0.0,0.0,0.0,0.0,0.0,0.0,0.0,0.0,0.0,0.0,0.0,0.0,0.0,0.0,0.0,0.0,0.0,0.0,0.0,0.0,0.0,0.0,0.0,0.0,0.0,0.0,0.0,0.0,0.0,0.0,0.0,0.0,0.0,0.0,0.0,0.0,0.0,0.0,0.0,0.0,0.0,0.0,0.0,0.0,0.0,0.0,0.0,0.0,0.0,0.0,0.0,0.0,0.0,0.0,0.0,0.0,0.0
110,,,,,,,,,-2195.935,-907.9342,-885.6448,-956.7468,-1000.596,-1014.559,-1021.097,-1023.785,-1025.088,-1025.491,-1025.495,-1025.819,-1026.222,-1026.517,-1026.732,-1026.901,-1027.036,-1027.15,-1027.248,-1027.332,-1027.406,-1027.471,-1027.528,-1027.58,-1027.626,-1027.667,-1027.704,-1027.738,-1027.769,-1027.797,-1027.823,-1027.847,-1027.869,-1027.89,-1027.909,-1027.927,-1027.944,-1027.96,-1027.975,-1027.989,-1028.002,-1028.014,-1028.026,-1028.037,-1028.048,-1028.058,-1028.067,-1028.077,-1028.085,-1028.094,-1028.102,-1028.109,-1028.116,-1028.123,-1028.129,-1028.136,-1028.142,-1028.149,-1028.155,-1028.16,-1028.165,-1028.171,-1028.175,-1028.181,-1028.185,-1028.19,-1028.194,-1028.198,-1028.202,-1028.206,-1028.21,-1028.214,-1028.218,-1028.221,-1028.225,-1028.228,-1028.231,-1028.235,-1028.238,-1028.241,-1028.243,-1028.246,-1028.249,-1028.252,-1028.254,-1028.257,-1028.26,-1028.262,-1028.264,-1028.267,-1028.269,-1028.271,-1028.274,-1028.276,-1028.278,-1028.28,-1028.282,-1028.284,-1028.286,-1028.288,-1028.29,-1028.292,-1028.293,-1028.295,-1028.297,-1028.299,-1028.3,-1028.302,-1028.303,-1028.305,-1028.307,-1028.308,-1028.31,-1028.311,-1028.312,-1028.314,-1028.315,-1028.317,-1028.318,-1028.319,-1028.321,-1028.322,-1028.323,-1028.324,-1028.325,-1028.327,-1028.328,-1028.329,-1028.33,-1028.332,-1028.332,-1028.334,-1028.335,-1028.336,-1028.337,-1028.338,-1028.339,-1028.34,-1028.341,-1028.342,-1028.342,-1028.344,-1028.345,-1028.345,-1028.346
111,,,,,,,,,-1992.774,-1309.245,-1300.884,-1352.456,-1388.527,-1395.312,-1397.502,-1398.006,-1398.208,-1398.125,-1397.99,-1398.173,-1398.419,-1398.591,-1398.713,-1398.822,-1398.9,-1398.966,-1399.026,-1399.079,-1399.12,-1399.162,-1399.2,-1399.234,-1399.265,-1399.293,-1399.319,-1399.343,-1399.365,-1399.385,-1399.404,-1399.422,-1399.439,-1399.455,-1399.469,-1399.483,-1399.497,-1399.509,-1399.521,-1399.532,-1399.543,-1399.553,-1399.563,-1399.572,-1399.581,-1399.59,-1399.598,-1399.606,-1399.613,-1399.62,-1399.628,-1399.634,-1399.637,-1399.636,-1399.64,-1399.645,-1399.651,-1399.657,-1399.662,-1399.667,-1399.672,-1399.677,-1399.681,-1399.686,-1399.69,-1399.694,-1399.698,-1399.702,-1399.706,-1399.71,-1399.714,-1399.717,-1399.721,-1399.724,-1399.727,-1399.731,-1399.734,-1399.737,-1399.74,-1399.743,-1399.746,-1399.749,-1399.752,-1399.754,-1399.757,-1399.759,-1399.762,-1399.764,-1399.767,-1399.769,-1399.772,-1399.774,-1399.776,-1399.778,-1399.78,-1399.783,-1399.785,-1399.787,-1399.789,-1399.791,-1399.793,-1399.795,-1399.796,-1399.798,-1399.8,-1399.802,-1399.803,-1399.805,-1399.807,-1399.808,-1399.81,-1399.812,-1399.813,-1399.815,-1399.816,-1399.818,-1399.819,-1399.821,-1399.822,-1399.824,-1399.825,-1399.826,-1399.827,-1399.829,-1399.83,-1399.832,-1399.833,-1399.834,-1399.835,-1399.837,-1399.837,-1399.839,-1399.84,-1399.841,-1399.842,-1399.843,-1399.844,-1399.845,-1399.846,-1399.847,-1399.848,-1399.85,-1399.851,-1399.851,-1399.852
112,,,,,,,,,-938.1003,-968.6096,-1029.573,-1088.644,-1146.025,-1202.023,-1253.726,-1297.17,-1331.003,-1356.608,-1376.004,-1390.799,-1402.253,-1411.286,-1418.54,-1425.988,-1430.93,-1435.682,-1439.784,-1443.252,-1445.982,-1448.365,-1450.448,-1452.336,-1454.075,-1455.677,-1457.162,-1458.547,-1459.842,-1461.059,-1462.204,-1463.284,-1464.305,-1465.273,-1466.192,-1467.065,-1467.896,-1468.689,-1469.446,-1470.17,-1470.862,-1471.525,-1472.161,-1472.772,-1473.358,-1473.922,-1474.464,-1474.987,-1475.49,-1475.976,-1476.445,-1476.898,-1478.087,-1479.77,-1480.261,-1480.609,-1480.946,-1481.273,-1481.59,-1481.897,-1482.195,-1482.485,-1482.767,-1483.041,-1483.308,-1483.567,-1483.82,-1484.066,-1484.306,-1484.54,-1484.768,-1484.99,-1485.207,-1485.419,-1485.626,-1485.828,-1486.025,-1486.218,-1486.406,-1486.591,-1486.771,-1486.947,-1487.12,-1487.289,-1487.454,-1487.616,-1487.775,-1487.93,-1488.083,-1488.232,-1488.378,-1488.522,-1488.663,-1488.801,-1488.936,-1489.069,-1489.2,-1489.328,-1489.454,-1489.577,-1489.698,-1489.818,-1489.935,-1490.05,-1490.163,-1490.275,-1490.384,-1490.491,-1490.597,-1490.701,-1490.804,-1490.904,-1491.003,-1491.101,-1491.197,-1491.292,-1491.384,-1491.476,-1491.566,-1491.655,-1491.743,-1491.829,-1491.914,-1491.998,-1492.08,-1492.162,-1492.242,-1492.321,-1492.399,-1492.476,-1492.552,-1492.626,-1492.7,-1492.773,-1492.845,-1492.916,-1492.985,-1493.054,-1493.122,-1493.189,-1493.256,-1493.321,-1493.386,-1493.45,-1493.513
113,,,,,,,,,-25.41266,-13.20074,-17.37585,-17.4871,-17.45585,-17.18277,-16.82265,-16.50256,-16.28625,-16.14605,-16.04121,-16.01573,-16.0122,-16.00485,-15.99959,-15.99698,-15.99583,-15.99552,-15.99555,-15.99569,-15.99577,-15.99586,-15.99597,-15.99605,-15.99609,-15.99615,-15.9962,-15.99626,-15.9963,-15.99635,-15.99639,-15.99642,-15.99646,-15.99649,-15.99651,-15.99653,-15.99655,-15.99657,-15.9966,-15.99661,-15.99662,-15.99664,-15.99666,-15.99667,-15.99668,-15.99669,-15.9967,-15.99671,-15.99672,-15.99673,-15.99674,-15.99675,-15.99675,-15.99675,-15.9967,-15.99667,-15.99667,-15.9967,-15.99672,-15.99673,-15.99674,-15.99678,-15.9968,-15.99682,-15.99683,-15.99684,-15.99684,-15.99685,-15.99685,-15.99685,-15.99686,-15.99687,-15.99687,-15.99688,-15.99688,-15.99688,-15.99688,-15.9969,-15.9969,-15.9969,-15.9969,-15.9969,-15.99691,-15.99691,-15.99691,-15.99691,-15.99692,-15.99692,-15.99692,-15.99692,-15.99692,-15.99693,-15.99693,-15.99694,-15.99694,-15.99694,-15.99694,-15.99695,-15.99694,-15.99695,-15.99696,-15.99696,-15.99696,-15.99696,-15.99696,-15.99697,-15.99697,-15.99697,-15.99697,-15.99697,-15.99697,-15.99698,-15.99698,-15.99699,-15.99698,-15.99698,-15.99699,-15.99699,-15.99699,-15.99699,-15.99699,-15.997,-15.99699,-15.99699,-15.997,-15.997,-15.997,-15.997,-15.997,-15.99701,-15.997,-15.997,-15.99701,-15.99702,-15.99701,-15.99701,-15.99701,-15.99702,-15.99702,-15.99702,-15.99701,-15.99702,-15.99703,-15.99702,-15.99701
114,,,,,,,,,-62.02588,-63.92585,-65.26728,-64.78474,-64.35202,-63.89146,-63.49367,-63.19426,-62.98538,-62.83583,-62.76099,-62.72844,-62.70879,-62.69824,-62.69371,-62.69218,-62.69187,-62.69197,-62.69221,-62.69242,-62.69255,-62.6927,-62.69283,-62.69294,-62.69306,-62.69317,-62.69328,-62.69337,-62.69345,-62.69352,-62.69358,-62.69363,-62.69368,-62.69371,-62.69375,-62.69378,-62.69381,-62.69383,-62.69385,-62.69387,-62.6939,-62.69391,-62.69393,-62.69394,-62.69395,-62.69397,-62.69397,-62.69399,-62.694,-62.694,-62.69401,-62.69402,-62.694,-62.6939,-62.69383,-62.69383,-62.69385,-62.69387,-62.6939,-62.69394,-62.694,-62.69404,-62.69406,-62.69408,-62.69409,-62.69409,-62.69409,-62.6941,-62.6941,-62.6941,-62.6941,-62.69411,-62.69411,-62.69411,-62.69411,-62.69411,-62.69412,-62.69411,-62.69411,-62.69411,-62.69411,-62.69412,-62.69412,-62.69412,-62.69412,-62.69412,-62.69411,-62.69412,-62.69412,-62.69411,-62.69412,-62.69412,-62.69412,-62.69412,-62.69412,-62.69412,-62.69412,-62.69412,-62.69411,-62.69412,-62.69412,-62.69412,-62.69412,-62.69411,-62.69412,-62.69412,-62.69411,-62.69411,-62.69411,-62.69411,-62.69411,-62.69411,-62.69411,-62.69412,-62.69411,-62.69411,-62.69411,-62.69411,-62.69411,-62.69411,-62.69411,-62.69411,-62.69411,-62.69411,-62.69411,-62.69411,-62.6941,-62.6941,-62.69411,-62.69411,-62.6941,-62.6941,-62.69411,-62.6941,-62.6941,-62.6941,-62.6941,-62.6941,-62.6941,-62.6941,-62.6941,-62.6941,-62.6941,-62.6941,-62.6941
115,,,,,,,,,-60.81966,-61.85561,-62.40849,-62.37742,-62.21288,-61.9292,-61.62542,-61.36192,-61.15947,-61.01135,-60.92818,-60.88612,-60.86343,-60.85198,-60.84684,-60.84517,-60.84423,-60.84403,-60.8441,-60.8442,-60.84425,-60.84436,-60.84446,-60.84457,-60.84467,-60.84477,-60.84486,-60.84495,-60.84503,-60.84509,-60.84515,-60.8452,-60.84524,-60.84528,-60.84532,-60.84535,-60.84538,-60.84541,-60.84544,-60.84546,-60.84548,-60.8455,-60.84552,-60.84554,-60.84556,-60.84558,-60.84559,-60.8456,-60.84562,-60.84563,-60.84564,-60.84566,-60.84547,-60.84531,-60.84552,-60.84556,-60.84558,-60.8456,-60.84564,-60.84569,-60.84574,-60.84579,-60.84582,-60.84583,-60.84585,-60.84585,-60.84586,-60.84587,-60.84587,-60.84588,-60.84588,-60.84589,-60.84589,-60.84589,-60.8459,-60.8459,-60.84591,-60.84591,-60.84591,-60.84592,-60.84592,-60.84592,-60.84593,-60.84593,-60.84593,-60.84593,-60.84594,-60.84594,-60.84594,-60.84594,-60.84595,-60.84595,-60.84595,-60.84595,-60.84595,-60.84596,-60.84596,-60.84596,-60.84596,-60.84596,-60.84596,-60.84597,-60.84597,-60.84597,-60.84597,-60.84597,-60.84598,-60.84598,-60.84598,-60.84598,-60.84598,-60.84598,-60.84598,-60.84598,-60.84599,-60.84599,-60.84599,-60.84599,-60.84599,-60.84599,-60.84599,-60.84599,-60.846,-60.846,-60.846,-60.846,-60.846,-60.846,-60.846,-60.846,-60.846,-60.846,-60.84601,-60.84601,-60.84601,-60.84601,-60.84601,-60.84601,-60.84601,-60.84601,-60.84601,-60.84601,-60.84601,-60.84601,-60.84602
116,,,,,,,,,-67.51453,-67.39976,-67.35927,-67.34359,-67.33487,-67.32958,-67.32688,-67.3265,-67.32767,-67.32949,-67.33128,-67.33288,-67.3342,-67.33521,-67.33598,-67.33699,-67.33759,-67.33811,-67.3387,-67.3393,-67.33975,-67.34032,-67.34081,-67.34125,-67.34165,-67.34201,-67.34234,-67.34265,-67.34294,-67.34322,-67.34347,-67.34371,-67.34394,-67.34416,-67.34436,-67.34455,-67.34474,-67.34491,-67.34508,-67.34524,-67.3454,-67.34554,-67.34568,-67.34582,-67.34595,-67.34607,-67.34619,-67.34631,-67.34642,-67.34653,-67.34663,-67.34673,-67.34616,-67.34619,-67.34681,-67.34722,-67.34743,-67.34756,-67.34766,-67.34774,-67.34781,-67.34787,-67.34793,-67.34799,-67.34805,-67.3481,-67.34816,-67.34821,-67.34826,-67.34831,-67.34836,-67.34841,-67.34846,-67.3485,-67.34855,-67.34859,-67.34863,-67.34867,-67.34871,-67.34875,-67.34879,-67.34883,-67.34886,-67.3489,-67.34893,-67.34897,-67.349,-67.34904,-67.34907,-67.3491,-67.34913,-67.34916,-67.34919,-67.34922,-67.34925,-67.34928,-67.3493,-67.34933,-67.34936,-67.34938,-67.34941,-67.34943,-67.34946,-67.34948,-67.34951,-67.34953,-67.34955,-67.34957,-67.3496,-67.34962,-67.34964,-67.34966,-67.34968,-67.3497,-67.34972,-67.34974,-67.34976,-67.34978,-67.3498,-67.34982,-67.34983,-67.34985,-67.34987,-67.34989,-67.3499,-67.34992,-67.34994,-67.34995,-67.34997,-67.34999,-67.35,-67.35002,-67.35003,-67.35005,-67.35006,-67.35008,-67.35009,-67.3501,-67.35012,-67.35013,-67.35015,-67.35016,-67.35017,-67.35018,-67.3502
117,,,,,,,,,0.02895752,0.02403228,0.02443989,0.02478084,0.0249811,0.02506601,0.02509779,0.02510498,0.0251012,0.02509135,0.02508231,0.02507207,0.02506454,0.02505972,0.02505582,0.02505243,0.02504949,0.02504698,0.02504486,0.02504306,0.02504151,0.02504019,0.02503903,0.02503801,0.0250371,0.02503629,0.02503555,0.02503489,0.02503428,0.02503373,0.02503322,0.02503275,0.02503232,0.02503192,0.02503155,0.02503121,0.02503089,0.02503059,0.0250303,0.02503004,0.02502979,0.02502955,0.02502933,0.02502912,0.02502892,0.02502874,0.02502856,0.02502839,0.02502822,0.02502807,0.02502792,0.02502778,0.02502764,0.02502751,0.02502739,0.02502728,0.02502717,0.02502706,0.02502696,0.02502685,0.02502675,0.02502666,0.02502656,0.02502648,0.02502639,0.02502631,0.02502623,0.02502615,0.02502608,0.02502601,0.02502594,0.02502588,0.02502581,0.02502575,0.02502569,0.02502563,0.02502557,0.02502551,0.02502546,0.02502541,0.02502536,0.02502531,0.02502526,0.02502521,0.02502517,0.02502512,0.02502508,0.02502504,0.02502499,0.02502495,0.02502491,0.02502487,0.02502484,0.0250248,0.02502476,0.02502473,0.0250247,0.02502466,0.02502463,0.0250246,0.02502457,0.02502454,0.02502451,0.02502448,0.02502445,0.02502442,0.02502439,0.02502436,0.02502434,0.02502431,0.02502429,0.02502426,0.02502424,0.02502421,0.02502419,0.02502417,0.02502414,0.02502412,0.0250241,0.02502408,0.02502405,0.02502403,0.02502401,0.02502399,0.02502397,0.02502395,0.02502393,0.02502392,0.0250239,0.02502388,0.02502386,0.02502384,0.02502383,0.02502381,0.02502379,0.02502378,0.02502376,0.02502374,0.02502373,0.02502371,0.02502369,0.02502368,0.02502366,0.02502365,0.02502363
118,,,,,,,,,0.01231041,0.002535109,0.004755021,0.02033732,0.03043275,0.03028837,0.02948432,0.02884969,0.02850686,0.02828766,0.02817141,0.02816866,0.02818554,0.02818804,0.02818412,0.0281799,0.02817646,0.0281742,0.02817274,0.02817174,0.02817089,0.0281703,0.02816983,0.02816938,0.02816896,0.0281686,0.02816829,0.02816797,0.02816775,0.02816754,0.02816736,0.02816721,0.02816707,0.02816695,0.02816682,0.02816673,0.02816663,0.02816657,0.02816649,0.02816642,0.02816638,0.02816632,0.02816627,0.02816621,0.02816613,0.02816612,0.02816606,0.02816604,0.028166,0.02816597,0.02816596,0.02816591,0.02816588,0.02816587,0.02816582,0.02816582,0.02816581,0.02816587,0.02816585,0.02816581,0.02816575,0.02816578,0.02816572,0.02816576,0.02816575,0.02816572,0.02816568,0.02816573,0.02816567,0.0281657,0.0281657,0.02816571,0.02816569,0.02816573,0.02816567,0.02816569,0.0281657,0.02816572,0.02816571,0.02816568,0.02816568,0.02816569,0.02816569,0.02816569,0.02816567,0.02816566,0.02816566,0.02816569,0.02816568,0.02816566,0.02816567,0.02816568,0.02816571,0.02816572,0.02816569,0.0281657,0.0281657,0.02816575,0.02816568,0.02816571,0.02816571,0.02816574,0.02816574,0.02816572,0.02816573,0.02816574,0.02816571,0.02816573,0.02816571,0.02816575,0.02816571,0.02816575,0.02816575,0.02816582,0.02816575,0.02816577,0.02816577,0.02816578,0.02816573,0.02816579,0.02816576,0.02816581,0.02816576,0.02816576,0.02816577,0.02816582,0.02816577,0.02816579,0.0281658,0.02816586,0.02816576,0.02816579,0.02816581,0.02816583,0.02816581,0.02816584,0.02816579,0.02816585,0.02816582,0.02816583,0.0281658,0.02816586,0.02816584,0.02816581,0.02816579
119,,,,,,,,,0.01195879,0.0004791716,0.000158622,9.364337e-05,7.007942e-05,5.758115e-05,4.953318e-05,4.433105e-05,3.986664e-05,3.674408e-05,3.323897e-05,3.302507e-05,3.301946e-05,3.301379e-05,3.30081e-05,3.284528e-05,3.270396e-05,3.252141e-05,3.251596e-05,3.251054e-05,3.14871e-05,3.148206e-05,3.147705e-05,3.147207e-05,3.146712e-05,3.146219e-05,3.145729e-05,3.145241e-05,3.144755e-05,3.144271e-05,3.143788e-05,3.143307e-05,3.142827e-05,3.142349e-05,3.141872e-05,3.141397e-05,3.140922e-05,3.140449e-05,3.139976e-05,3.139505e-05,3.139035e-05,3.138565e-05,3.138096e-05,3.137629e-05,3.137162e-05,3.136695e-05,3.13623e-05,3.135765e-05,3.135301e-05,3.134837e-05,3.134374e-05,3.133912e-05,3.129054e-05,3.106447e-05,3.077719e-05,3.077273e-05,3.076827e-05,3.076382e-05,3.075937e-05,3.075493e-05,3.075049e-05,3.074605e-05,3.074162e-05,3.073719e-05,3.073277e-05,3.072835e-05,3.072393e-05,3.071952e-05,3.071511e-05,3.07107e-05,3.07063e-05,3.07019e-05,3.06975e-05,3.069311e-05,3.068872e-05,3.068433e-05,3.067994e-05,3.067556e-05,3.067118e-05,3.066681e-05,3.066243e-05,3.065806e-05,3.065369e-05,3.064933e-05,3.064496e-05,3.06406e-05,3.063624e-05,3.063189e-05,3.062753e-05,3.062318e-05,3.061883e-05,3.061448e-05,3.061014e-05,3.06058e-05,3.060146e-05,3.059712e-05,3.059278e-05,3.058845e-05,3.058412e-05,3.057979e-05,3.057546e-05,3.057113e-05,3.056681e-05,3.056249e-05,3.055817e-05,3.055385e-05,3.054954e-05,3.054522e-05,3.054091e-05,3.05366e-05,3.05323e-05,3.052799e-05,3.052369e-05,3.051938e-05,3.051508e-05,3.051079e-05,3.050649e-05,3.050219e-05,3.04979e-05,3.049361e-05,3.048932e-05,3.048503e-05,3.048075e-05,3.047646e-05,3.047218e-05,3.04679e-05,3.046362e-05,3.045934e-05,3.045507e-05,3.045079e-05,3.044652e-05,3.044225e-05,3.043791e-05,3.043364e-05,3.042937e-05,3.042511e-05,3.042078e-05,3.041652e-05,3.041223e-05,3.040798e-05,3.040372e-05,3.039946e-05,3.039521e-05,3.039096e-05,3.038671e-05
120,,,,,,,,,0.0155809,0.03299024,0.06640006,0.09877701,0.1302346,0.1609415,0.1892946,0.2131143,0.2316571,0.2456832,0.2563024,0.2643967,0.2706578,0.2755915,0.2795513,0.2829459,0.2856111,0.2878232,0.2896827,0.2912219,0.2923932,0.2933889,0.294244,0.2950066,0.2957006,0.2963348,0.2969195,0.2974619,0.2979675,0.2984407,0.298885,0.2993032,0.2996978,0.3000709,0.3004245,0.30076,0.3010792,0.3013831,0.3016728,0.3019495,0.3022141,0.3024672,0.3027099,0.3029427,0.303166,0.3033806,0.303587,0.3037857,0.3039771,0.3041616,0.3043397,0.3045118,0.3047303,0.3049618,0.3051117,0.3052545,0.3053928,0.3055269,0.305657,0.3057831,0.3059055,0.3060245,0.3061401,0.3062526,0.3063619,0.3064683,0.306572,0.3066728,0.306771,0.3068668,0.3069602,0.3070513,0.3071402,0.307227,0.3073117,0.3073944,0.3074752,0.307554,0.3076313,0.3077067,0.3077805,0.3078527,0.3079233,0.3079925,0.3080602,0.3081264,0.3081913,0.3082549,0.3083173,0.3083783,0.3084382,0.308497,0.3085545,0.308611,0.3086664,0.3087208,0.3087742,0.3088265,0.308878,0.3089286,0.3089782,0.309027,0.3090748,0.309122,0.3091683,0.3092138,0.3092585,0.3093024,0.3093458,0.3093883,0.3094301,0.3094714,0.3095118,0.3095518,0.309591,0.3096297,0.3096677,0.3097052,0.3097421,0.3097785,0.3098143,0.3098496,0.3098844,0.3099187,0.3099523,0.3099857,0.3100185,0.3100508,0.3100827,0.3101142,0.3101452,0.3101758,0.3102059,0.3102357,0.3102651,0.310294,0.3103226,0.3103508,0.3103786,0.3104061,0.3104332,0.3104601,0.3104865,0.3105127,0.3105384
121,,,,,,,,,26529150.0,9977777.0,10039270.0,10380780.0,10636000.0,10787440.0,10858590.0,10882670.0,10888760.0,10885120.0,10877630.0,10874750.0,10874420.0,10874290.0,10874120.0,10873950.0,10873770.0,10873610.0,10873490.0,10873400.0,10873320.0,10873260.0,10873220.0,10873190.0,10873150.0,10873120.0,10873100.0,10873070.0,10873050.0,10873020.0,10873000.0,10872990.0,10872970.0,10872950.0,10872940.0,10872930.0,10872910.0,10872900.0,10872890.0,10872880.0,10872870.0,10872860.0,10872860.0,10872850.0,10872840.0,10872830.0,10872830.0,10872820.0,10872810.0,10872810.0,10872810.0,10872800.0,10872790.0,10872790.0,10872780.0,10872770.0,10872770.0,10872770.0,10872770.0,10872770.0,10872770.0,10872760.0,10872760.0,10872760.0,10872760.0,10872750.0,10872750.0,10872750.0,10872750.0,10872750.0,10872750.0,10872740.0,10872740.0,10872740.0,10872740.0,10872740.0,10872740.0,10872740.0,10872740.0,10872740.0,10872730.0,10872730.0,10872730.0,10872730.0,10872730.0,10872730.0,10872730.0,10872730.0,10872730.0,10872730.0,10872730.0,10872730.0,10872730.0,10872730.0,10872730.0,10872730.0,10872730.0,10872730.0,10872730.0,10872730.0,10872730.0,10872730.0,10872730.0,10872730.0,10872730.0,10872730.0,10872730.0,10872730.0,10872730.0,10872730.0,10872730.0,10872730.0,10872730.0,10872730.0,10872730.0,10872730.0,10872730.0,10872730.0,10872730.0,10872730.0,10872730.0,10872730.0,10872730.0,10872730.0,10872730.0,10872730.0,10872730.0,10872730.0,10872730.0,10872740.0,10872730.0,10872730.0,10872730.0,10872740.0,10872740.0,10872740.0,10872730.0,10872740.0,10872740.0,10872740.0,10872730.0,10872740.0,10872740.0,10872740.0,10872730.0
122,,,,,,,,,28000000.0,10516750.0,10600470.0,10963470.0,11232510.0,11393530.0,11470030.0,11496660.0,11504040.0,11500860.0,11493480.0,11490840.0,11490760.0,11490820.0,11490810.0,11490760.0,11490670.0,11490590.0,11490540.0,11490500.0,11490480.0,11490460.0,11490460.0,11490460.0,11490460.0,11490450.0,11490450.0,11490450.0,11490440.0,11490440.0,11490440.0,11490440.0,11490430.0,11490430.0,11490430.0,11490430.0,11490430.0,11490430.0,11490420.0,11490420.0,11490420.0,11490420.0,11490420.0,11490420.0,11490420.0,11490420.0,11490420.0,11490420.0,11490420.0,11490420.0,11490420.0,11490420.0,11490420.0,11490420.0,11490410.0,11490410.0,11490410.0,11490420.0,11490420.0,11490420.0,11490420.0,11490420.0,11490420.0,11490430.0,11490430.0,11490430.0,11490430.0,11490430.0,11490430.0,11490430.0,11490430.0,11490430.0,11490430.0,11490440.0,11490440.0,11490440.0,11490440.0,11490440.0,11490440.0,11490440.0,11490440.0,11490440.0,11490450.0,11490450.0,11490450.0,11490450.0,11490450.0,11490450.0,11490450.0,11490450.0,11490450.0,11490460.0,11490460.0,11490460.0,11490460.0,11490460.0,11490460.0,11490460.0,11490460.0,11490460.0,11490470.0,11490470.0,11490470.0,11490470.0,11490470.0,11490470.0,11490470.0,11490480.0,11490480.0,11490480.0,11490480.0,11490480.0,11490480.0,11490480.0,11490480.0,11490480.0,11490490.0,11490490.0,11490490.0,11490490.0,11490490.0,11490490.0,11490490.0,11490490.0,11490490.0,11490490.0,11490490.0,11490490.0,11490500.0,11490500.0,11490500.0,11490500.0,11490500.0,11490500.0,11490500.0,11490500.0,11490500.0,11490500.0,11490500.0,11490510.0,11490510.0,11490510.0,11490510.0,11490510.0,11490510.0
123,,,,,,,,,21722000.0,21730440.0,21731570.0,21733570.0,21734130.0,21733530.0,21732100.0,21730420.0,21728880.0,21727670.0,21726680.0,21725920.0,21725340.0,21724880.0,21724480.0,21724760.0,21724350.0,21723940.0,21723620.0,21723330.0,21722930.0,21722680.0,21722450.0,21722240.0,21722060.0,21721890.0,21721730.0,21721590.0,21721450.0,21721320.0,21721200.0,21721080.0,21720970.0,21720870.0,21720770.0,21720680.0,21720590.0,21720510.0,21720430.0,21720350.0,21720270.0,21720200.0,21720140.0,21720070.0,21720010.0,21719950.0,21719890.0,21719830.0,21719780.0,21719720.0,21719670.0,21719620.0,21719380.0,21719000.0,21718890.0,21718850.0,21718810.0,21718780.0,21718740.0,21718710.0,21718670.0,21718640.0,21718610.0,21718580.0,21718550.0,21718520.0,21718490.0,21718460.0,21718440.0,21718410.0,21718390.0,21718360.0,21718340.0,21718310.0,21718290.0,21718270.0,21718240.0,21718220.0,21718200.0,21718180.0,21718160.0,21718140.0,21718120.0,21718100.0,21718080.0,21718070.0,21718050.0,21718030.0,21718010.0,21718000.0,21717980.0,21717960.0,21717950.0,21717930.0,21717920.0,21717900.0,21717890.0,21717870.0,21717860.0,21717840.0,21717830.0,21717820.0,21717800.0,21717790.0,21717780.0,21717770.0,21717750.0,21717740.0,21717730.0,21717720.0,21717710.0,21717700.0,21717680.0,21717670.0,21717660.0,21717650.0,21717640.0,21717630.0,21717620.0,21717610.0,21717600.0,21717590.0,21717580.0,21717570.0,21717560.0,21717550.0,21717540.0,21717540.0,21717530.0,21717520.0,21717510.0,21717500.0,21717490.0,21717480.0,21717480.0,21717470.0,21717460.0,21717450.0,21717450.0,21717440.0,21717430.0,21717420.0,21717420.0,21717410.0,21717400.0
124,,,,,,,,,24433340.0,24441370.0,24441480.0,24442510.0,24442140.0,24440570.0,24438200.0,24435680.0,24433470.0,24431730.0,24430350.0,24429300.0,24428490.0,24427850.0,24427300.0,24427570.0,24427160.0,24426850.0,24426560.0,24426320.0,24425940.0,24425740.0,24425550.0,24425380.0,24425250.0,24425130.0,24425010.0,24424910.0,24424810.0,24424720.0,24424630.0,24424550.0,24424470.0,24424400.0,24424330.0,24424260.0,24424200.0,24424140.0,24424080.0,24424030.0,24423980.0,24423930.0,24423880.0,24423840.0,24423790.0,24423750.0,24423710.0,24423670.0,24423630.0,24423590.0,24423560.0,24423530.0,24423330.0,24423370.0,24423280.0,24423260.0,24423230.0,24423210.0,24423180.0,24423160.0,24423140.0,24423120.0,24423090.0,24423070.0,24423050.0,24423030.0,24423020.0,24423000.0,24422980.0,24422960.0,24422940.0,24422930.0,24422910.0,24422900.0,24422880.0,24422870.0,24422850.0,24422840.0,24422820.0,24422810.0,24422790.0,24422780.0,24422770.0,24422760.0,24422740.0,24422730.0,24422720.0,24422710.0,24422700.0,24422690.0,24422670.0,24422660.0,24422650.0,24422640.0,24422630.0,24422620.0,24422610.0,24422600.0,24422590.0,24422580.0,24422580.0,24422570.0,24422560.0,24422550.0,24422540.0,24422530.0,24422520.0,24422520.0,24422510.0,24422500.0,24422490.0,24422480.0,24422480.0,24422470.0,24422460.0,24422460.0,24422450.0,24422440.0,24422430.0,24422430.0,24422420.0,24422410.0,24422410.0,24422400.0,24422400.0,24422390.0,24422380.0,24422380.0,24422370.0,24422370.0,24422360.0,24422350.0,24422350.0,24422340.0,24422340.0,24422330.0,24422330.0,24422320.0,24422320.0,24422310.0,24422310.0,24422300.0,24422300.0,24422290.0,24422290.0
125,,,,,,,,,51.16075,35.40297,39.61132,39.90346,40.00268,39.80503,39.47999,39.17172,38.95839,38.81641,38.70789,38.681,38.67731,38.6699,38.66456,38.66186,38.66062,38.66023,38.66021,38.6603,38.66034,38.66041,38.66049,38.66055,38.66058,38.66062,38.66066,38.6607,38.66074,38.66078,38.6608,38.66083,38.66085,38.66088,38.66089,38.66091,38.66092,38.66094,38.66095,38.66097,38.66097,38.66099,38.661,38.66101,38.66101,38.66102,38.66103,38.66104,38.66104,38.66105,38.66106,38.66107,38.66106,38.66105,38.661,38.66097,38.66097,38.661,38.66102,38.66103,38.66104,38.66107,38.66109,38.66111,38.66112,38.66113,38.66113,38.66114,38.66114,38.66114,38.66115,38.66116,38.66115,38.66116,38.66116,38.66117,38.66117,38.66118,38.66118,38.66118,38.66118,38.66119,38.66119,38.66119,38.66119,38.66119,38.6612,38.6612,38.6612,38.66121,38.6612,38.66121,38.66122,38.66122,38.66122,38.66122,38.66122,38.66123,38.66122,38.66123,38.66124,38.66124,38.66124,38.66124,38.66124,38.66125,38.66125,38.66125,38.66125,38.66125,38.66125,38.66126,38.66126,38.66127,38.66126,38.66126,38.66127,38.66127,38.66127,38.66127,38.66128,38.66128,38.66127,38.66127,38.66128,38.66129,38.66128,38.66128,38.66128,38.6613,38.66129,38.66129,38.66129,38.6613,38.6613,38.6613,38.66129,38.6613,38.6613,38.66131,38.6613,38.6613,38.66131,38.6613,38.6613
126,,,,,,,,,88.00754,86.41252,87.79626,87.49337,87.18884,86.80329,86.44077,86.15359,85.94809,85.79708,85.71886,85.6851,85.66542,85.6549,85.65035,85.6488,85.64845,85.64851,85.64872,85.64892,85.64904,85.64919,85.64932,85.64943,85.64954,85.64965,85.64976,85.64985,85.64993,85.65,85.65005,85.6501,85.65015,85.65018,85.65022,85.65025,85.65028,85.6503,85.65032,85.65034,85.65037,85.65038,85.65039,85.65041,85.65042,85.65043,85.65044,85.65045,85.65046,85.65047,85.65048,85.65048,85.65047,85.65037,85.65029,85.65029,85.65031,85.65034,85.65037,85.65041,85.65046,85.65051,85.65053,85.65055,85.65056,85.65056,85.65056,85.65057,85.65057,85.65057,85.65057,85.65058,85.65058,85.65059,85.65058,85.65058,85.65059,85.65059,85.65059,85.65059,85.65059,85.65059,85.65059,85.65059,85.6506,85.65059,85.65059,85.6506,85.6506,85.65059,85.6506,85.6506,85.6506,85.6506,85.6506,85.6506,85.6506,85.65061,85.6506,85.6506,85.6506,85.65061,85.65061,85.6506,85.65061,85.65061,85.6506,85.6506,85.65061,85.65061,85.6506,85.65061,85.65061,85.65061,85.65061,85.65061,85.65061,85.65061,85.6506,85.65061,85.65061,85.65061,85.6506,85.6506,85.65061,85.65061,85.6506,85.65061,85.65061,85.65061,85.6506,85.6506,85.65061,85.65061,85.6506,85.65061,85.65061,85.65061,85.65061,85.65061,85.6506,85.65061,85.65061,85.6506,85.6506
127,,,,,,,,,85.78623,86.82359,87.37666,87.34592,87.18147,86.89769,86.59368,86.3299,86.12719,85.97887,85.89553,85.85335,85.83056,85.81904,85.81383,85.8122,85.8112,85.81092,85.81095,85.81099,85.81098,85.81105,85.8111,85.81118,85.81125,85.81132,85.81139,85.81145,85.81151,85.81155,85.81159,85.81162,85.81164,85.81167,85.81169,85.8117,85.81172,85.81173,85.81175,85.81176,85.81177,85.81178,85.81178,85.81179,85.8118,85.8118,85.81181,85.81181,85.81182,85.81182,85.81183,85.81183,85.81161,85.81138,85.81157,85.8116,85.81162,85.81164,85.81167,85.81171,85.81176,85.8118,85.81182,85.81183,85.81184,85.81184,85.81185,85.81185,85.81185,85.81185,85.81185,85.81185,85.81185,85.81185,85.81185,85.81185,85.81185,85.81185,85.81185,85.81185,85.81185,85.81185,85.81185,85.81185,85.81185,85.81185,85.81185,85.81185,85.81185,85.81184,85.81185,85.81185,85.81185,85.81184,85.81184,85.81184,85.81184,85.81184,85.81184,85.81184,85.81184,85.81184,85.81184,85.81184,85.81184,85.81184,85.81184,85.81184,85.81184,85.81184,85.81184,85.81184,85.81183,85.81183,85.81183,85.81183,85.81183,85.81183,85.81183,85.81183,85.81183,85.81183,85.81183,85.81183,85.81183,85.81183,85.81183,85.81183,85.81183,85.81183,85.81182,85.81182,85.81182,85.81182,85.81182,85.81182,85.81182,85.81182,85.81182,85.81182,85.81182,85.81182,85.81182,85.81182,85.81182
128,,,,,,,,,92.92546,92.81199,92.77151,92.75601,92.74723,92.74168,92.73859,92.73781,92.73862,92.74015,92.74172,92.74315,92.74434,92.74525,92.74593,92.74698,92.74751,92.74798,92.74852,92.74909,92.74948,92.75001,92.75047,92.75088,92.75126,92.7516,92.75192,92.75221,92.75248,92.75274,92.75298,92.75321,92.75342,92.75363,92.75382,92.754,92.75418,92.75434,92.7545,92.75466,92.7548,92.75494,92.75507,92.7552,92.75532,92.75544,92.75555,92.75566,92.75577,92.75587,92.75596,92.75606,92.75546,92.75549,92.7561,92.7565,92.75671,92.75684,92.75693,92.75701,92.75707,92.75713,92.75719,92.75725,92.7573,92.75735,92.75741,92.75746,92.7575,92.75755,92.7576,92.75764,92.75769,92.75773,92.75777,92.75781,92.75785,92.75789,92.75793,92.75796,92.758,92.75804,92.75807,92.7581,92.75814,92.75817,92.7582,92.75823,92.75826,92.75829,92.75832,92.75835,92.75838,92.75841,92.75843,92.75846,92.75848,92.75851,92.75853,92.75856,92.75858,92.75861,92.75863,92.75865,92.75867,92.7587,92.75872,92.75874,92.75876,92.75878,92.7588,92.75882,92.75884,92.75886,92.75888,92.7589,92.75891,92.75893,92.75895,92.75897,92.75898,92.759,92.75902,92.75903,92.75905,92.75907,92.75908,92.7591,92.75911,92.75913,92.75914,92.75916,92.75917,92.75918,92.7592,92.75921,92.75922,92.75924,92.75925,92.75926,92.75928,92.75929,92.7593,92.75931,92.75933
129,,,,,,,,,51.16075,32.70075,32.70075,32.70075,32.70075,32.70075,32.70075,32.70075,32.70075,32.70075,32.70075,32.70075,32.70075,32.70075,32.70075,32.70075,32.70075,32.70075,32.70075,32.70075,32.70075,32.70075,32.70075,32.70075,32.70075,32.70075,32.70075,32.70075,32.70075,32.70075,32.70075,32.70075,32.70075,32.70075,32.70075,32.70075,32.70075,32.70075,32.70075,32.70075,32.70075,32.70075,32.70075,32.70075,32.70075,32.70075,32.70075,32.70075,32.70075,32.70075,32.70075,32.70075,32.70075,32.70075,32.70075,32.70075,32.70075,32.70075,32.70075,32.70075,32.70075,32.70075,32.70075,32.70075,32.70075,32.70075,32.70075,32.70075,32.70075,32.70075,32.70075,32.70075,32.70075,32.70075,32.70075,32.70075,32.70075,32.70075,32.70075,32.70075,32.70075,32.70075,32.70075,32.70075,32.70075,32.70075,32.70075,32.70075,32.70075,32.70075,32.70075,32.70075,32.70075,32.70075,32.70075,32.70075,32.70075,32.70075,32.70075,32.70075,32.70075,32.70075,32.70075,32.70075,32.70075,32.70075,32.70075,32.70075,32.70075,32.70075,32.70075,32.70075,32.70075,32.70075,32.70075,32.70075,32.70075,32.70075,32.70075,32.70075,32.70075,32.70075,32.70075,32.70075,32.70075,32.70075,32.70075,32.70075,32.70075,32.70075,32.70075,32.70075,32.70075,32.70075,32.70075,32.70075,32.70075,32.70075,32.70075,32.70075,32.70075,32.70075,32.70075,32.70075,32.70075
130,,,,,,,,,88.00754,73.87878,73.87878,73.87878,73.87878,73.87878,73.87878,73.87878,73.87878,73.87878,73.87878,73.87878,73.87878,73.87878,73.87878,73.87878,73.87878,73.87878,73.87878,73.87878,73.87878,73.87878,73.87878,73.87878,73.87878,73.87878,73.87878,73.87878,73.87878,73.87878,73.87878,73.87878,73.87878,73.87878,73.87878,73.87878,73.87878,73.87878,73.87878,73.87878,73.87878,73.87878,73.87878,73.87878,73.87878,73.87878,73.87878,73.87878,73.87878,73.87878,73.87878,73.87878,73.87878,73.87878,73.87878,73.87878,73.87878,73.87878,73.87878,73.87878,73.87878,73.87878,73.87878,73.87878,73.87878,73.87878,73.87878,73.87878,73.87878,73.87878,73.87878,73.87878,73.87878,73.87878,73.87878,73.87878,73.87878,73.87878,73.87878,73.87878,73.87878,73.87878,73.87878,73.87878,73.87878,73.87878,73.87878,73.87878,73.87878,73.87878,73.87878,73.87878,73.87878,73.87878,73.87878,73.87878,73.87878,73.87878,73.87878,73.87878,73.87878,73.87878,73.87878,73.87878,73.87878,73.87878,73.87878,73.87878,73.87878,73.87878,73.87878,73.87878,73.87878,73.87878,73.87878,73.87878,73.87878,73.87878,73.87878,73.87878,73.87878,73.87878,73.87878,73.87878,73.87878,73.87878,73.87878,73.87878,73.87878,73.87878,73.87878,73.87878,73.87878,73.87878,73.87878,73.87878,73.87878,73.87878,73.87878,73.87878,73.87878,73.87878,73.87878,73.87878,73.87878
137,,,,,,,,,1.036962,0.8537125,0.8951998,0.9365152,0.9423188,0.9412672,0.9398279,0.939214,0.9397357,0.9410454,0.9426815,0.9445841,0.9465174,0.9483351,0.9500081,0.9520831,0.9534249,0.9546558,0.9558258,0.9569124,0.9578148,0.9587468,0.9596064,0.9604209,0.9611978,0.9619271,0.9626135,0.9632601,0.9638703,0.9644474,0.964994,0.9655124,0.9660045,0.9664728,0.9669187,0.9673436,0.9677495,0.9681375,0.9685086,0.9688641,0.9692048,0.9695317,0.9698457,0.9701477,0.9704376,0.9707169,0.9709858,0.971245,0.9714952,0.9717365,0.9719699,0.9721955,0.9725447,0.9729328,0.9731235,0.9733026,0.9734759,0.9736442,0.9738078,0.9739663,0.9741201,0.9742702,0.9744159,0.9745579,0.9746961,0.9748306,0.9749618,0.9750894,0.9752138,0.9753353,0.9754538,0.9755695,0.9756824,0.9757927,0.9759004,0.9760057,0.9761084,0.9762088,0.9763072,0.9764034,0.9764974,0.9765895,0.9766796,0.9767678,0.9768543,0.9769389,0.9770217,0.9771029,0.9771826,0.9772606,0.9773373,0.9774124,0.9774859,0.9775581,0.977629,0.9776986,0.9777669,0.9778338,0.9778997,0.9779644,0.9780278,0.9780904,0.9781516,0.978212,0.9782712,0.9783296,0.9783867,0.978443,0.9784985,0.9785529,0.9786064,0.9786593,0.978711,0.9787622,0.9788123,0.9788621,0.9789106,0.9789587,0.9790058,0.9790524,0.9790981,0.9791434,0.9791879,0.9792318,0.9792747,0.9793175,0.9793594,0.9794007,0.9794416,0.9794819,0.9795215,0.9795606,0.979599,0.9796372,0.9796748,0.9797118,0.9797482,0.9797843,0.9798197,0.9798549,0.9798895,0.9799238,0.9799576,0.9799909,0.9800238
138,,,,,,,,,0.0,2.412688e-05,2.386515e-05,2.36909e-05,2.352214e-05,2.335968e-05,2.32034e-05,2.305303e-05,2.290782e-05,2.276734e-05,2.263095e-05,2.24986e-05,2.237065e-05,2.224812e-05,2.213754e-05,0.002345756,0.002426125,0.003622557,0.004820672,0.00593566,0.006879765,0.007835847,0.008717756,0.009553106,0.01034957,0.01109715,0.01180072,0.01246353,0.01308897,0.01368047,0.01424074,0.01477206,0.01527652,0.01575643,0.01621354,0.01664905,0.01706518,0.01746286,0.0178433,0.01820773,0.018557,0.01889217,0.01921413,0.01952373,0.01982104,0.02010738,0.02038316,0.02064893,0.02090552,0.02115296,0.02139229,0.02162375,0.02220753,0.02299939,0.02323459,0.02340911,0.02357811,0.02374204,0.02390142,0.02405597,0.02420594,0.02435212,0.02449415,0.02463249,0.02476707,0.02489816,0.02502589,0.02515019,0.02527137,0.02538961,0.02550503,0.02561768,0.02572757,0.02583496,0.02593984,0.02604234,0.02614237,0.02624008,0.02633589,0.02642952,0.02652098,0.02661066,0.02669839,0.02678422,0.0268684,0.02695071,0.02703132,0.02711032,0.02718789,0.02726384,0.02733841,0.02741147,0.02748297,0.02755326,0.0276223,0.02768999,0.02775646,0.02782148,0.02788567,0.02794862,0.02801028,0.02807112,0.02813066,0.0281895,0.02824708,0.02830381,0.02835947,0.02841414,0.02846816,0.02852107,0.02857313,0.0286246,0.02867489,0.02872464,0.02877343,0.02882184,0.02886903,0.02891575,0.02896167,0.02900692,0.02905139,0.02909542,0.02913875,0.02918145,0.02922316,0.02926479,0.02930558,0.02934571,0.02938546,0.02942465,0.02946318,0.02950122,0.02953858,0.02957572,0.02961226,0.02964823,0.02968368,0.02971876,0.02975321,0.02978737,0.02982105,0.02985438,0.02988726,0.02991973,0.02995167
139,,,,,,,,,4.2,4.2,4.2,4.2,4.2,4.2,4.2,4.2,4.2,4.2,4.2,4.2,4.2,4.2,4.2,4.2,4.2,4.2,4.2,4.2,4.2,4.2,4.2,4.2,4.2,4.2,4.2,4.2,4.2,4.2,4.2,4.2,4.2,4.2,4.2,4.2,4.2,4.2,4.2,4.2,4.2,4.2,4.2,4.2,4.2,4.2,4.2,4.2,4.2,4.2,4.2,4.2,4.2,4.2,4.2,4.2,4.2,4.2,4.2,4.2,4.2,4.2,4.2,4.2,4.2,4.2,4.2,4.2,4.2,4.2,4.2,4.2,4.2,4.2,4.2,4.2,4.2,4.2,4.2,4.2,4.2,4.2,4.2,4.2,4.2,4.2,4.2,4.2,4.2,4.2,4.2,4.2,4.2,4.2,4.2,4.2,4.2,4.2,4.2,4.2,4.2,4.2,4.2,4.2,4.2,4.2,4.2,4.2,4.2,4.2,4.2,4.2,4.2,4.2,4.2,4.2,4.2,4.2,4.2,4.2,4.2,4.2,4.2,4.2,4.2,4.2,4.2,4.2,4.2,4.2,4.2,4.2,4.2,4.2,4.2,4.2,4.2,4.2,4.2,4.2,4.2,4.2,4.2,4.2,4.2
140,,,,,,,,,0.1667186,0.1594645,0.1599042,0.1623438,0.1641652,0.1652458,0.1657527,0.1659243,0.1659677,0.1659418,0.1658884,0.1658679,0.1658656,0.1658646,0.1658634,0.1658622,0.1658609,0.1658598,0.1658589,0.1658583,0.1658577,0.1658573,0.165857,0.1658568,0.1658565,0.1658563,0.1658561,0.1658559,0.1658558,0.1658556,0.1658555,0.1658553,0.1658552,0.1658551,0.165855,0.1658549,0.1658548,0.1658547,0.1658547,0.1658546,0.1658545,0.1658545,0.1658544,0.1658543,0.1658543,0.1658542,0.1658542,0.1658542,0.1658541,0.1658541,0.1658541,0.165854,0.165854,0.1658539,0.1658538,0.1658538,0.1658538,0.1658538,0.1658538,0.1658538,0.1658538,0.1658537,0.1658537,0.1658537,0.1658537,0.1658537,0.1658537,0.1658537,0.1658536,0.1658536,0.1658536,0.1658536,0.1658536,0.1658536,0.1658536,0.1658536,0.1658536,0.1658536,0.1658536,0.1658536,0.1658535,0.1658535,0.1658535,0.1658535,0.1658535,0.1658535,0.1658535,0.1658535,0.1658535,0.1658535,0.1658535,0.1658535,0.1658535,0.1658535,0.1658535,0.1658535,0.1658535,0.1658535,0.1658535,0.1658535,0.1658535,0.1658535,0.1658535,0.1658535,0.1658535,0.1658535,0.1658535,0.1658535,0.1658535,0.1658535,0.1658535,0.1658535,0.1658535,0.1658535,0.1658535,0.1658535,0.1658535,0.1658535,0.1658535,0.1658535,0.1658535,0.1658535,0.1658535,0.1658535,0.1658535,0.1658535,0.1658535,0.1658535,0.1658535,0.1658536,0.1658535,0.1658535,0.1658535,0.1658535,0.1658535,0.1658535,0.1658535,0.1658535,0.1658535,0.1658536,0.1658535,0.1658536,0.1658536,0.1658535,0.1658535
141,,,,,,,,,0.79727,0.79727,0.79727,0.79727,0.79727,0.79727,0.79727,0.79727,0.79727,0.79727,0.79727,0.79727,0.79727,0.79727,0.79727,0.79727,0.79727,0.79727,0.79727,0.79727,0.79727,0.79727,0.79727,0.79727,0.79727,0.79727,0.79727,0.79727,0.79727,0.79727,0.79727,0.79727,0.79727,0.79727,0.79727,0.79727,0.79727,0.79727,0.79727,0.79727,0.79727,0.79727,0.79727,0.79727,0.79727,0.79727,0.79727,0.79727,0.79727,0.79727,0.79727,0.79727,0.79727,0.79727,0.79727,0.79727,0.79727,0.79727,0.79727,0.79727,0.79727,0.79727,0.79727,0.79727,0.79727,0.79727,0.79727,0.79727,0.79727,0.79727,0.79727,0.79727,0.79727,0.79727,0.79727,0.79727,0.79727,0.79727,0.79727,0.79727,0.79727,0.79727,0.79727,0.79727,0.79727,0.79727,0.79727,0.79727,0.79727,0.79727,0.79727,0.79727,0.79727,0.79727,0.79727,0.79727,0.79727,0.79727,0.79727,0.79727,0.79727,0.79727,0.79727,0.79727,0.79727,0.79727,0.79727,0.79727,0.79727,0.79727,0.79727,0.79727,0.79727,0.79727,0.79727,0.79727,0.79727,0.79727,0.79727,0.79727,0.79727,0.79727,0.79727,0.79727,0.79727,0.79727,0.79727,0.79727,0.79727,0.79727,0.79727,0.79727,0.79727,0.79727,0.79727,0.79727,0.79727,0.79727,0.79727,0.79727,0.79727,0.79727,0.79727,0.79727,0.79727
142,,,,,,,,,0.6554826,0.6554826,0.6554826,0.6554826,0.6554826,0.6554826,0.6554826,0.6554826,0.6554826,0.6554826,0.6554826,0.6554826,0.6554826,0.6554826,0.6554826,0.6554826,0.6554826,0.6554826,0.6554826,0.6554826,0.6554826,0.6554826,0.6554826,0.6554826,0.6554826,0.6554826,0.6554826,0.6554826,0.6554826,0.6554826,0.6554826,0.6554826,0.6554826,0.6554826,0.6554826,0.6554826,0.6554826,0.6554826,0.6554826,0.6554826,0.6554826,0.6554826,0.6554826,0.6554826,0.6554826,0.6554826,0.6554826,0.6554826,0.6554826,0.6554826,0.6554826,0.6554826,0.6554826,0.6554826,0.6554826,0.6554826,0.6554826,0.6554826,0.6554826,0.6554826,0.6554826,0.6554826,0.6554826,0.6554826,0.6554826,0.6554826,0.6554826,0.6554826,0.6554826,0.6554826,0.6554826,0.6554826,0.6554826,0.6554826,0.6554826,0.6554826,0.6554826,0.6554826,0.6554826,0.6554826,0.6554826,0.6554826,0.6554826,0.6554826,0.6554826,0.6554826,0.6554826,0.6554826,0.6554826,0.6554826,0.6554826,0.6554826,0.6554826,0.6554826,0.6554826,0.6554826,0.6554826,0.6554826,0.6554826,0.6554826,0.6554826,0.6554826,0.6554826,0.6554826,0.6554826,0.6554826,0.6554826,0.6554826,0.6554826,0.6554826,0.6554826,0.6554826,0.6554826,0.6554826,0.6554826,0.6554826,0.6554826,0.6554826,0.6554826,0.6554826,0.6554826,0.6554826,0.6554826,0.6554826,0.6554826,0.6554826,0.6554826,0.6554826,0.6554826,0.6554826,0.6554826,0.6554826,0.6554826,0.6554826,0.6554826,0.6554826,0.6554826,0.6554826,0.6554826,0.6554826,0.6554826,0.6554826,0.6554826,0.6554826,0.6554826
143,,,,,,,,,0.0,0.0,0.0,0.0,0.0,0.0,0.0,0.0,0.0,0.0,0.0,0.0,0.0,0.0,0.0,0.0,0.0,0.0,0.0,0.0,0.0,0.0,0.0,0.0,0.0,0.0,0.0,0.0,1.106571e-19,0.0,0.0,0.0,0.0,0.0,0.0,0.0,0.0,0.0,0.0,0.0,0.0,0.0,0.0,0.0,0.0,0.0,0.0,0.0,0.0,0.0,0.0,0.0,0.0,0.0,0.0,0.0,0.0,0.0,0.0,0.0,0.0,0.0,0.0,0.0,0.0,0.0,0.0,0.0,0.0,0.0,0.0,0.0,0.0,0.0,0.0,0.0,0.0,0.0,0.0,0.0,0.0,0.0,0.0,0.0,0.0,0.0,0.0,0.0,0.0,0.0,0.0,0.0,0.0,0.0,0.0,0.0,0.0,0.0,0.0,0.0,0.0,0.0,0.0,0.0,0.0,0.0,0.0,0.0,0.0,0.0,0.0,0.0,0.0,0.0,0.0,0.0,0.0,0.0,0.0,0.0,0.0,0.0,0.0,0.0,0.0,0.0,0.0,0.0,0.0,0.0,0.0,0.0,0.0,0.0,0.0,0.0,0.0,0.0,0.0,0.0,0.0,0.0,0.0,0.0,0.0
144,,,,,,,,,0.0,0.0,0.0,0.0,0.0,0.0,0.0,0.0,0.0,0.0,0.0,0.0,0.0,0.0,0.0,0.0,0.0,0.0,0.0,0.0,0.0,0.0,0.0,0.0,0.0,0.0,0.0,0.0,0.0,0.0,0.0,0.0,0.0,0.0,0.0,0.0,0.0,0.0,0.0,0.0,0.0,0.0,0.0,0.0,0.0,0.0,0.0,0.0,0.0,0.0,0.0,0.0,0.0,0.0,0.0,0.0,0.0,0.0,0.0,0.0,0.0,0.0,0.0,0.0,0.0,0.0,0.0,0.0,0.0,0.0,0.0,0.0,0.0,0.0,0.0,0.0,0.0,0.0,0.0,0.0,0.0,0.0,0.0,0.0,0.0,0.0,0.0,0.0,0.0,0.0,0.0,0.0,0.0,0.0,0.0,0.0,0.0,0.0,0.0,0.0,0.0,0.0,0.0,0.0,0.0,0.0,0.0,0.0,0.0,0.0,0.0,0.0,0.0,0.0,0.0,0.0,0.0,0.0,0.0,0.0,0.0,0.0,0.0,0.0,0.0,0.0,0.0,0.0,0.0,0.0,0.0,0.0,0.0,0.0,0.0,0.0,0.0,0.0,0.0,0.0,0.0,0.0,0.0,0.0,0.0
145,,,,,,,,,88.00756,86.81753,87.37665,87.34615,87.18229,86.89871,86.59466,86.33067,86.12778,85.97925,85.89572,85.85345,85.83062,85.81906,85.81384,85.81221,85.81118,85.81092,85.81095,85.81099,85.81098,85.81105,85.8111,85.81118,85.81125,85.81132,85.81139,85.81145,85.81151,85.81155,85.81159,85.81162,85.81164,85.81167,85.81169,85.8117,85.81172,85.81173,85.81175,85.81176,85.81177,85.81178,85.81178,85.81179,85.8118,85.8118,85.81181,85.81181,85.81182,85.81182,85.81183,85.81183,85.81163,85.81138,85.81157,85.8116,85.81162,85.81164,85.81167,85.81171,85.81176,85.8118,85.81182,85.81183,85.81184,85.81184,85.81185,85.81185,85.81185,85.81185,85.81185,85.81185,85.81185,85.81185,85.81185,85.81185,85.81185,85.81185,85.81185,85.81185,85.81185,85.81185,85.81185,85.81185,85.81185,85.81185,85.81185,85.81185,85.81185,85.81184,85.81185,85.81185,85.81185,85.81184,85.81184,85.81184,85.81184,85.81184,85.81184,85.81184,85.81184,85.81184,85.81184,85.81184,85.81184,85.81184,85.81184,85.81184,85.81184,85.81184,85.81184,85.81184,85.81183,85.81183,85.81183,85.81183,85.81183,85.81183,85.81183,85.81183,85.81183,85.81183,85.81183,85.81183,85.81183,85.81183,85.81183,85.81183,85.81183,85.81183,85.81182,85.81182,85.81182,85.81182,85.81182,85.81182,85.81182,85.81182,85.81182,85.81182,85.81182,85.81182,85.81182,85.81182,85.81182
146,,,,,,,,,0.0,0.0,0.0,0.0,0.0,0.0,0.0,0.0,0.0,0.0,0.0,0.0,0.0,0.0,0.0,0.0,0.0,0.0,0.0,0.0,0.0,0.0,0.0,0.0,0.0,0.0,0.0,0.0,0.0,0.0,0.0,0.0,0.0,0.0,0.0,0.0,0.0,0.0,0.0,0.0,0.0,0.0,0.0,0.0,0.0,0.0,0.0,0.0,0.0,0.0,0.0,0.0,0.0,0.0,0.0,0.0,0.0,0.0,0.0,0.0,0.0,0.0,0.0,0.0,0.0,0.0,0.0,0.0,0.0,0.0,0.0,0.0,0.0,0.0,0.0,0.0,0.0,0.0,0.0,0.0,0.0,0.0,0.0,0.0,0.0,0.0,0.0,0.0,0.0,0.0,0.0,0.0,0.0,0.0,0.0,0.0,0.0,0.0,0.0,0.0,0.0,0.0,0.0,0.0,0.0,0.0,0.0,0.0,0.0,0.0,0.0,0.0,0.0,0.0,0.0,0.0,0.0,0.0,0.0,0.0,0.0,0.0,0.0,0.0,0.0,0.0,0.0,0.0,0.0,0.0,0.0,0.0,0.0,0.0,0.0,0.0,0.0,0.0,0.0,0.0,0.0,0.0,0.0,0.0,0.0
147,,,,,,,,,0.0,16.40309,34.82922,49.84776,62.20859,72.77891,82.30951,91.34533,100.1962,108.984,117.758,126.5404,135.3188,144.0916,152.8618,161.631,170.3996,179.168,187.9363,196.7044,205.4725,214.2406,223.0087,231.7768,240.5449,249.313,258.0812,266.8494,275.6177,284.386,293.1543,301.9227,310.691,319.4595,328.2279,336.9963,345.7648,354.5333,363.3018,372.0703,380.8389,389.6074,398.376,407.1446,415.9132,424.6818,433.4504,442.2191,450.9877,459.7564,468.525,477.2937,486.0624,494.8309,503.5994,512.3679,521.1364,529.9049,538.6734,547.442,556.2105,564.9791,573.7476,582.5162,591.2848,600.0533,608.8219,617.5905,626.3591,635.1277,643.8963,652.665,661.4336,670.2022,678.9708,687.7395,696.5081,705.2768,714.0455,722.8141,731.5828,740.3515,749.1202,757.8888,766.6575,775.4262,784.1949,792.9637,801.7324,810.5011,819.2698,828.0386,836.8073,845.576,854.3448,863.1135,871.8823,880.651,889.4198,898.1886,906.9574,915.7261,924.4949,933.2637,942.0325,950.8013,959.5701,968.3389,977.1077,985.8765,994.6454,1003.414,1012.183,1020.952,1029.721,1038.49,1047.258,1056.027,1064.796,1073.565,1082.334,1091.103,1099.872,1108.64,1117.409,1126.178,1134.947,1143.716,1152.485,1161.254,1170.023,1178.792,1187.56,1196.329,1205.098,1213.867,1222.636,1231.405,1240.174,1248.943,1257.712,1266.481,1275.25,1284.019,1292.788
148,,,,,,,,,0.0,16.33661,34.77687,49.80552,62.17468,72.75212,82.28913,91.33101,100.1878,108.9815,117.7614,126.5496,135.3339,144.1125,152.8885,161.6634,170.4378,179.2118,187.9858,196.7596,205.5334,214.3071,223.0809,231.8546,240.6284,249.4022,258.1761,266.9499,275.7239,284.4978,293.2717,302.0457,310.8197,319.5938,328.3678,337.1419,345.916,354.6901,363.4642,372.2383,381.0125,389.7866,398.5608,407.3349,416.1091,424.8833,433.6575,442.4317,451.2059,459.9801,468.7543,477.5285,486.3028,495.077,503.8512,512.6255,521.3997,530.174,538.9482,547.7225,556.4967,565.271,574.0452,582.8195,591.5938,600.368,609.1423,617.9166,626.6908,635.4651,644.2394,653.0137,661.788,670.5622,679.3365,688.1108,696.8851,705.6594,714.4337,723.208,731.9823,740.7566,749.5309,758.3052,767.0795,775.8538,784.6281,793.4024,802.1767,810.951,819.7253,828.4996,837.2739,846.0482,854.8225,863.5968,872.3711,881.1454,889.9197,898.694,907.4683,916.2426,925.017,933.7913,942.5656,951.3399,960.1142,968.8885,977.6628,986.4371,995.2115,1003.986,1012.76,1021.534,1030.309,1039.083,1047.857,1056.632,1065.406,1074.18,1082.955,1091.729,1100.503,1109.278,1118.052,1126.826,1135.601,1144.375,1153.149,1161.923,1170.698,1179.472,1188.246,1197.021,1205.795,1214.569,1223.344,1232.118,1240.892,1249.667,1258.441,1267.215,1275.99,1284.764,1293.538
149,,,,,,,,,0.0,15.73344,33.0128,47.36786,59.57909,70.11997,79.65316,88.70111,97.57018,106.3699,115.1573,123.9586,132.758,141.5522,150.3439,159.1343,167.924,176.7133,185.5024,194.2911,203.0797,211.8681,220.6564,229.4445,238.2325,247.0204,255.8082,264.5959,273.3835,282.171,290.9584,299.7458,308.533,317.3201,326.1072,334.8942,343.6811,352.468,361.2547,370.0414,378.828,387.6145,396.401,405.1874,413.9737,422.76,431.5462,440.3323,449.1184,457.9044,466.6904,475.4763,484.2622,493.0479,501.8337,510.6194,519.405,528.1906,536.9761,545.7616,554.547,563.3324,572.1178,580.9031,589.6883,598.4736,607.2587,616.0439,624.829,633.614,642.399,651.184,659.969,668.7539,677.5387,686.3236,695.1084,703.8931,712.6779,721.4626,730.2473,739.0319,747.8165,756.6011,765.3856,774.1701,782.9546,791.7391,800.5235,809.3079,818.0923,826.8767,835.661,844.4453,853.2296,862.0138,870.7981,879.5823,888.3665,897.1506,905.9348,914.7189,923.503,932.287,941.0711,949.8551,958.6391,967.4231,976.207,984.991,993.7749,1002.559,1011.343,1020.127,1028.91,1037.694,1046.478,1055.262,1064.046,1072.829,1081.613,1090.397,1099.181,1107.964,1116.748,1125.532,1134.315,1143.099,1151.882,1160.666,1169.45,1178.233,1187.017,1195.8,1204.584,1213.367,1222.151,1230.934,1239.718,1248.501,1257.285,1266.068,1274.851,1283.635,1292.418
150,,,,,,,,,0.0,18.63799,33.16677,46.86137,58.67185,69.18743,78.7744,87.84185,96.66105,105.3888,114.0771,122.7556,131.4431,140.1335,148.8229,157.5114,166.1994,174.8872,183.5749,192.2627,200.9507,209.6387,218.3268,227.0151,235.7035,244.392,253.0807,261.7694,270.4583,279.1472,287.8363,296.5255,305.2147,313.9041,322.5935,331.283,339.9726,348.6623,357.3521,366.0419,374.7318,383.4217,392.1117,400.8018,409.4919,418.1821,426.8724,435.5627,444.253,452.9434,461.6339,470.3243,479.0149,487.7055,496.3961,505.0867,513.7774,522.4682,531.1589,539.8498,548.5406,557.2315,565.9224,574.6134,583.3043,591.9954,600.6864,609.3775,618.0686,626.7597,635.4509,644.1421,652.8333,661.5245,670.2158,678.9071,687.5984,696.2897,704.9811,713.6725,722.3639,731.0553,739.7468,748.4382,757.1297,765.8212,774.5128,783.2043,791.8959,800.5875,809.2791,817.9707,826.6624,835.354,844.0457,852.7374,861.4291,870.1208,878.8126,887.5043,896.1961,904.8879,913.5797,922.2715,930.9634,939.6552,948.3471,957.039,965.7308,974.4227,983.1147,991.8066,1000.499,1009.19,1017.882,1026.574,1035.266,1043.958,1052.65,1061.342,1070.035,1078.727,1087.419,1096.111,1104.803,1113.495,1122.187,1130.879,1139.571,1148.263,1156.955,1165.648,1174.34,1183.032,1191.724,1200.416,1209.109,1217.801,1226.493,1235.185,1243.877,1252.57,1261.262,1269.954,1278.646
151,,,,,,,,,0.07206671,0.06209964,0.05255108,0.04252897,0.03564172,0.03127549,0.02899761,0.02804437,0.02772896,0.02761453,0.02763502,0.02764313,0.02762125,0.02761,0.02760504,0.02760225,0.02760117,0.02760108,0.02760078,0.02760046,0.02760012,0.0276003,0.02760057,0.02760029,0.02760034,0.02760074,0.0276008,0.02760077,0.02760054,0.02760066,0.02760085,0.02760099,0.02760046,0.02760127,0.02760105,0.02760129,0.02760104,0.02760167,0.02760144,0.02760182,0.02760116,0.02760137,0.02760183,0.02760157,0.02760155,0.02760205,0.0276021,0.02760183,0.02760168,0.02760188,0.02760217,0.02760216,0.02760169,0.027602,0.02760195,0.02760163,0.02760178,0.02760214,0.02760188,0.02760185,0.02760181,0.02760161,0.02760173,0.02760193,0.02760158,0.027602,0.02760211,0.02760206,0.02760167,0.02760214,0.0276021,0.02760222,0.02760172,0.02760174,0.02760178,0.02760217,0.02760148,0.027602,0.02760225,0.02760193,0.02760149,0.02760192,0.02760207,0.02760221,0.02760197,0.02760216,0.02760206,0.02760184,0.02760148,0.02760189,0.02760229,0.02760212,0.02760187,0.02760217,0.02760206,0.02760199,0.02760169,0.02760233,0.02760239,0.02760235,0.02760195,0.02760221,0.02760245,0.02760234,0.02760209,0.02760245,0.02760201,0.02760217,0.0276019,0.02760249,0.02760227,0.02760245,0.02760167,0.02760223,0.02760209,0.02760206,0.02760189,0.02760237,0.02760235,0.02760225,0.02760179,0.02760249,0.02760247,0.02760246,0.02760188,0.02760225,0.02760229,0.02760245,0.02760186,0.02760225,0.02760216,0.02760217,0.02760161,0.02760205,0.02760219,0.027602,0.02760169,0.02760208,0.0276023,0.02760209,0.02760202,0.0276024,0.02760246,0.02760206,0.02760172
152,,,,,,,,,0.07206671,0.06208218,0.05254145,0.04251896,0.035635,0.03127092,0.02899504,0.02804323,0.02772868,0.02761429,0.02763499,0.02764306,0.02762115,0.02760994,0.02760498,0.02760221,0.02760113,0.02760108,0.02760078,0.02760045,0.02760012,0.0276003,0.02760057,0.02760029,0.02760034,0.02760074,0.0276008,0.02760077,0.02760054,0.02760066,0.02760085,0.02760099,0.02760046,0.02760127,0.02760105,0.02760129,0.02760104,0.02760166,0.02760143,0.02760182,0.02760116,0.02760137,0.02760183,0.02760157,0.02760155,0.02760205,0.02760209,0.02760183,0.02760168,0.02760188,0.02760217,0.02760216,0.02760164,0.02760199,0.02760195,0.02760163,0.02760178,0.02760213,0.02760188,0.02760185,0.02760181,0.02760161,0.02760173,0.02760193,0.02760158,0.027602,0.0276021,0.02760206,0.02760167,0.02760214,0.0276021,0.02760222,0.02760172,0.02760174,0.02760178,0.02760217,0.02760148,0.027602,0.02760225,0.02760193,0.02760149,0.02760192,0.02760207,0.02760221,0.02760197,0.02760215,0.02760206,0.02760184,0.02760148,0.02760189,0.02760228,0.02760212,0.02760187,0.02760217,0.02760206,0.02760199,0.02760169,0.02760233,0.02760239,0.02760234,0.02760195,0.02760221,0.02760244,0.02760234,0.02760209,0.02760245,0.02760201,0.02760217,0.0276019,0.02760249,0.02760227,0.02760245,0.02760167,0.02760223,0.02760209,0.02760206,0.02760189,0.02760237,0.02760235,0.02760225,0.02760179,0.02760249,0.02760247,0.02760246,0.02760187,0.02760224,0.02760229,0.02760245,0.02760186,0.02760225,0.02760216,0.02760216,0.02760161,0.02760205,0.02760219,0.027602,0.02760169,0.02760208,0.0276023,0.02760209,0.02760202,0.0276024,0.02760246,0.02760206,0.02760172
153,,,,,,,,,0.07206671,0.05853309,0.04931808,0.04165052,0.03540972,0.03119053,0.02892166,0.02800004,0.02766828,0.02752632,0.02759832,0.02763097,0.02761585,0.02760663,0.02760226,0.02760015,0.0275993,0.02759928,0.02759885,0.02759902,0.02759945,0.02759972,0.02759948,0.02759922,0.02759975,0.02759976,0.02759965,0.02759987,0.02760008,0.02759978,0.02760005,0.02760026,0.02760075,0.02760053,0.02760057,0.02760045,0.02760066,0.02760067,0.0276,0.02760073,0.02760103,0.02760085,0.02760077,0.0276008,0.0276009,0.02760117,0.02760073,0.02760113,0.02760116,0.02760111,0.02760079,0.02760096,0.02760109,0.02760136,0.02760089,0.027601,0.02760117,0.02760112,0.027601,0.02760118,0.02760125,0.02760148,0.02760106,0.02760141,0.02760128,0.02760158,0.02760119,0.02760143,0.02760141,0.02760165,0.02760097,0.02760125,0.02760142,0.02760145,0.02760112,0.0276013,0.02760162,0.02760122,0.02760104,0.02760117,0.02760118,0.02760111,0.02760115,0.02760127,0.0276014,0.02760148,0.02760111,0.02760119,0.02760128,0.02760122,0.02760091,0.02760123,0.02760162,0.02760146,0.02760139,0.02760144,0.02760119,0.02760144,0.02760106,0.0276012,0.02760136,0.02760177,0.02760129,0.02760123,0.02760151,0.02760158,0.02760088,0.02760135,0.02760158,0.02760157,0.027601,0.02760132,0.02760149,0.02760171,0.02760144,0.0276016,0.02760135,0.02760138,0.02760119,0.02760115,0.02760151,0.02760162,0.02760133,0.02760142,0.02760146,0.02760143,0.0276014,0.02760146,0.02760143,0.02760164,0.027601,0.02760137,0.02760161,0.02760164,0.02760107,0.02760144,0.02760126,0.02760135,0.02760095,0.02760122,0.02760131,0.02760154,0.02760132,0.02760143,0.02760137
154,,,,,,,,,0.07206671,0.04274402,0.04716339,0.04012112,0.03544232,0.03175889,0.02948893,0.02830699,0.02781812,0.02763979,0.02753944,0.02757373,0.02760676,0.02760834,0.02760516,0.02760293,0.02760139,0.02760074,0.02760061,0.02760064,0.02760057,0.02760066,0.02760078,0.02760083,0.02760085,0.02760092,0.02760097,0.02760105,0.02760109,0.02760115,0.02760121,0.02760125,0.0276013,0.02760137,0.02760139,0.02760142,0.02760146,0.02760149,0.02760153,0.02760156,0.02760156,0.0276016,0.02760161,0.02760164,0.02760165,0.02760168,0.02760167,0.02760169,0.02760171,0.02760174,0.02760172,0.02760175,0.02760171,0.02760177,0.02760176,0.02760178,0.02760178,0.02760181,0.02760182,0.02760182,0.02760178,0.0276018,0.02760181,0.02760182,0.02760181,0.02760185,0.02760182,0.02760183,0.02760184,0.02760184,0.02760185,0.02760187,0.02760184,0.02760186,0.02760186,0.02760185,0.02760185,0.02760188,0.02760186,0.02760188,0.02760186,0.02760187,0.02760188,0.02760188,0.02760186,0.02760188,0.02760187,0.02760188,0.02760186,0.02760188,0.02760186,0.02760189,0.02760188,0.02760189,0.02760187,0.0276019,0.02760188,0.02760189,0.02760188,0.02760192,0.02760189,0.0276019,0.0276019,0.02760191,0.02760188,0.02760191,0.0276019,0.02760191,0.02760188,0.0276019,0.02760191,0.0276019,0.0276019,0.02760192,0.02760189,0.02760189,0.02760191,0.02760191,0.0276019,0.0276019,0.02760192,0.02760192,0.02760191,0.0276019,0.0276019,0.02760191,0.02760189,0.02760191,0.02760189,0.02760192,0.0276019,0.02760191,0.02760189,0.02760193,0.0276019,0.02760191,0.02760188,0.02760191,0.02760191,0.02760193,0.02760189,0.0276019,0.02760194,0.0276019,0.02760188
155,,,,,,,,,1.426034,0.6792705,0.5662052,0.4587608,0.3842243,0.3367354,0.3116446,0.3009589,0.2974682,0.2960778,0.296118,0.2961037,0.2956619,0.2954507,0.2953098,0.2952801,0.2951816,0.2951589,0.2951515,0.295145,0.295139,0.2951383,0.2951383,0.2951349,0.2951338,0.2951359,0.2951352,0.2951338,0.2951308,0.2951309,0.2951318,0.2951322,0.2951271,0.2951332,0.2951307,0.2951321,0.2951295,0.2951343,0.2951318,0.2951347,0.2951288,0.2951301,0.2951336,0.2951311,0.2951305,0.2951345,0.2951345,0.2951321,0.2951305,0.295132,0.2951341,0.2951338,0.2951177,0.2951212,0.2951339,0.2951308,0.2951315,0.295134,0.2951314,0.2951308,0.2951301,0.2951282,0.2951289,0.2951305,0.2951272,0.2951307,0.2951314,0.2951309,0.2951273,0.2951312,0.2951306,0.2951316,0.2951272,0.2951274,0.2951275,0.2951308,0.2951248,0.2951291,0.2951311,0.2951283,0.2951244,0.2951281,0.2951292,0.2951304,0.2951282,0.2951298,0.2951288,0.295127,0.2951238,0.2951273,0.2951306,0.2951291,0.295127,0.2951295,0.2951285,0.2951279,0.2951252,0.2951306,0.295131,0.2951307,0.2951272,0.2951296,0.2951314,0.2951305,0.2951283,0.2951314,0.2951275,0.2951289,0.2951266,0.2951315,0.2951296,0.2951311,0.2951245,0.2951294,0.2951281,0.2951278,0.2951262,0.2951303,0.2951301,0.2951292,0.2951253,0.2951312,0.295131,0.2951309,0.2951259,0.2951291,0.2951294,0.2951308,0.2951257,0.2951291,0.2951281,0.2951283,0.2951236,0.2951273,0.2951284,0.2951268,0.2951241,0.2951274,0.2951292,0.2951275,0.2951268,0.2951302,0.2951306,0.2951272,0.2951242
156,,,,,,,,,1.426034,0.6825539,0.5692885,0.4619474,0.3863784,0.3382004,0.3124708,0.3013262,0.2975556,0.2961539,0.2961263,0.2961261,0.2956937,0.2954715,0.2953286,0.2952924,0.2951931,0.2951606,0.2951522,0.2951458,0.2951383,0.2951388,0.2951387,0.2951349,0.295134,0.2951361,0.2951353,0.295134,0.295131,0.295131,0.2951319,0.2951324,0.2951272,0.2951333,0.2951309,0.2951321,0.2951296,0.2951343,0.2951318,0.2951348,0.2951288,0.2951301,0.2951337,0.2951312,0.2951305,0.2951345,0.2951345,0.2951321,0.2951305,0.295132,0.2951341,0.2951338,0.295119,0.2951218,0.295133,0.2951309,0.2951315,0.2951341,0.2951315,0.2951309,0.2951301,0.2951283,0.295129,0.2951305,0.2951272,0.2951307,0.2951314,0.2951309,0.2951273,0.2951312,0.2951306,0.2951316,0.2951272,0.2951274,0.2951275,0.2951308,0.2951248,0.295129,0.295131,0.2951283,0.2951244,0.295128,0.2951292,0.2951304,0.2951282,0.2951298,0.2951288,0.295127,0.2951238,0.2951273,0.2951305,0.2951292,0.295127,0.2951294,0.2951285,0.2951279,0.2951251,0.2951306,0.295131,0.2951306,0.2951272,0.2951295,0.2951314,0.2951305,0.2951283,0.2951313,0.2951274,0.2951289,0.2951266,0.2951315,0.2951296,0.2951311,0.2951245,0.2951293,0.295128,0.2951278,0.2951262,0.2951302,0.29513,0.2951292,0.2951253,0.2951312,0.295131,0.2951309,0.2951259,0.2951291,0.2951294,0.2951308,0.2951257,0.2951291,0.2951281,0.2951283,0.2951236,0.2951273,0.2951284,0.2951268,0.295124,0.2951274,0.2951292,0.2951274,0.2951267,0.2951301,0.2951305,0.2951272,0.2951243
157,,,,,,,,,1.426034,2.558817,1.507302,1.137282,1.018122,0.9755158,0.9695215,0.9638937,0.9683087,0.9720953,0.9593052,0.9531738,0.9514006,0.9508625,0.9507383,0.9507095,0.9506446,0.9505593,0.9504993,0.9504803,0.9504735,0.9504563,0.9504556,0.9504586,0.9504903,0.9504944,0.9505003,0.9505089,0.9505279,0.9505196,0.9505325,0.9505399,0.9505544,0.9505462,0.9505603,0.950548,0.9505668,0.9505588,0.9505466,0.9505619,0.9505772,0.9505712,0.9505686,0.95057,0.9505732,0.9505793,0.9505728,0.9505818,0.9505817,0.9505812,0.9505726,0.95058,0.9505849,0.9505821,0.9505676,0.9505739,0.9505795,0.9505743,0.9505761,0.9505884,0.9505902,0.9505949,0.9505875,0.950589,0.9505927,0.950596,0.9505928,0.9505883,0.9505983,0.9505951,0.9505817,0.9505834,0.9505957,0.9505898,0.9505906,0.9505859,0.950599,0.9505871,0.950577,0.9505835,0.9505868,0.9505869,0.950586,0.9505867,0.9505979,0.9505965,0.9505881,0.9505925,0.9505974,0.9505919,0.9505803,0.9505909,0.9506053,0.9505969,0.9505949,0.9505946,0.9505994,0.9505925,0.9505831,0.9505852,0.950591,0.9505983,0.9505847,0.9505919,0.9505973,0.9505924,0.9505801,0.9505883,0.9506033,0.9505921,0.9505866,0.950589,0.9505964,0.9505995,0.9505917,0.9505965,0.950593,0.950592,0.9505856,0.9505765,0.9505952,0.9505934,0.9505919,0.9505877,0.9505997,0.9505928,0.9505985,0.9505945,0.9506029,0.9505986,0.9505861,0.9505932,0.9505993,0.9505995,0.9505892,0.9505962,0.9505956,0.9505931,0.9505784,0.9505898,0.9505936,0.9505908,0.950589,0.9505957,0.9506021
158,,,,,,,,,1.426034,3.753625,1.570387,1.198334,0.9736561,0.915421,0.9192433,0.9426022,0.9557626,0.9646324,0.9722331,0.9612302,0.9532817,0.951312,0.9508523,0.9507498,0.9507428,0.9506904,0.9506122,0.9505582,0.9505352,0.9505122,0.9504949,0.950498,0.9505089,0.9505205,0.9505312,0.9505394,0.9505468,0.9505536,0.9505589,0.9505646,0.9505676,0.9505708,0.9505737,0.9505784,0.9505794,0.950583,0.9505833,0.9505861,0.9505879,0.9505883,0.9505909,0.9505913,0.9505916,0.9505932,0.9505949,0.9505956,0.9505961,0.9505959,0.950598,0.9505981,0.9505994,0.9505988,0.9506001,0.9505992,0.9505971,0.9505942,0.9505929,0.9505977,0.950603,0.9506042,0.9506032,0.9506044,0.9506039,0.950603,0.9506043,0.9506047,0.9506029,0.9506052,0.9506041,0.9506047,0.9506049,0.9506047,0.9506042,0.9506062,0.9506047,0.9506041,0.9506057,0.9506045,0.9506051,0.950605,0.9506045,0.9506057,0.9506057,0.9506058,0.9506056,0.9506051,0.9506053,0.9506059,0.9506071,0.9506054,0.9506052,0.9506061,0.9506063,0.9506053,0.9506052,0.9506071,0.9506071,0.9506055,0.950606,0.9506068,0.9506062,0.9506062,0.950607,0.9506063,0.9506056,0.9506065,0.9506063,0.9506071,0.9506054,0.9506071,0.9506058,0.9506062,0.9506073,0.9506076,0.950606,0.9506065,0.9506071,0.9506074,0.9506047,0.9506071,0.950607,0.950608,0.9506058,0.9506068,0.9506075,0.9506079,0.9506068,0.9506058,0.9506074,0.9506079,0.9506067,0.950605,0.9506068,0.9506076,0.9506078,0.9506071,0.9506073,0.950606,0.9506079,0.9506077,0.9506056,0.9506076,0.9506069
159,,,,,,,,,0.004431448,0.003899136,0.003256247,0.002638339,0.002209678,0.001936569,0.001792272,0.001730818,0.001710743,0.001702747,0.001702978,0.001702896,0.001700355,0.001699141,0.00169833,0.001698159,0.001697593,0.001697462,0.001697419,0.001697382,0.001697348,0.001697344,0.001697344,0.001697324,0.001697318,0.00169733,0.001697326,0.001697318,0.001697301,0.001697301,0.001697306,0.001697309,0.001697279,0.001697315,0.0016973,0.001697308,0.001697293,0.001697321,0.001697306,0.001697323,0.001697289,0.001697297,0.001697317,0.001697302,0.001697299,0.001697322,0.001697322,0.001697308,0.001697299,0.001697307,0.00169732,0.001697318,0.001697225,0.001697245,0.001697318,0.001697301,0.001697304,0.001697319,0.001697304,0.001697301,0.001697297,0.001697286,0.00169729,0.001697299,0.00169728,0.0016973,0.001697304,0.001697301,0.00169728,0.001697303,0.0016973,0.001697305,0.00169728,0.001697281,0.001697282,0.001697301,0.001697266,0.001697291,0.001697303,0.001697286,0.001697264,0.001697285,0.001697291,0.001697298,0.001697286,0.001697295,0.001697289,0.001697279,0.00169726,0.00169728,0.001697299,0.001697291,0.001697279,0.001697293,0.001697287,0.001697284,0.001697268,0.0016973,0.001697302,0.0016973,0.00169728,0.001697294,0.001697304,0.001697299,0.001697286,0.001697304,0.001697282,0.00169729,0.001697276,0.001697305,0.001697294,0.001697302,0.001697264,0.001697292,0.001697285,0.001697284,0.001697274,0.001697298,0.001697296,0.001697292,0.001697269,0.001697303,0.001697302,0.001697301,0.001697272,0.001697291,0.001697293,0.001697301,0.001697271,0.001697291,0.001697285,0.001697286,0.001697259,0.00169728,0.001697287,0.001697278,0.001697262,0.001697281,0.001697292,0.001697282,0.001697278,0.001697297,0.001697299,0.00169728,0.001697263
160,,,,,,,,,0.004431448,0.00389569,0.003273944,0.002656665,0.002222067,0.001944994,0.001797023,0.001732931,0.001711246,0.001703184,0.001703026,0.001703024,0.001700538,0.00169926,0.001698438,0.00169823,0.001697659,0.001697472,0.001697424,0.001697387,0.001697344,0.001697347,0.001697346,0.001697324,0.001697319,0.001697331,0.001697327,0.001697319,0.001697302,0.001697302,0.001697307,0.00169731,0.00169728,0.001697315,0.001697301,0.001697308,0.001697294,0.001697321,0.001697306,0.001697323,0.001697289,0.001697297,0.001697317,0.001697303,0.001697299,0.001697322,0.001697322,0.001697308,0.001697299,0.001697308,0.00169732,0.001697318,0.001697233,0.001697249,0.001697313,0.001697301,0.001697305,0.001697319,0.001697304,0.001697301,0.001697297,0.001697286,0.00169729,0.001697299,0.00169728,0.0016973,0.001697304,0.001697301,0.001697281,0.001697303,0.001697299,0.001697305,0.00169728,0.001697281,0.001697282,0.0016973,0.001697266,0.00169729,0.001697302,0.001697286,0.001697264,0.001697285,0.001697291,0.001697298,0.001697286,0.001697295,0.001697289,0.001697279,0.00169726,0.00169728,0.001697299,0.001697291,0.001697279,0.001697293,0.001697287,0.001697284,0.001697268,0.001697299,0.001697302,0.0016973,0.00169728,0.001697293,0.001697304,0.001697299,0.001697286,0.001697304,0.001697281,0.001697289,0.001697276,0.001697305,0.001697294,0.001697302,0.001697264,0.001697292,0.001697285,0.001697283,0.001697274,0.001697297,0.001697296,0.001697291,0.001697269,0.001697303,0.001697302,0.001697301,0.001697272,0.001697291,0.001697292,0.001697301,0.001697271,0.001697291,0.001697285,0.001697286,0.001697259,0.00169728,0.001697287,0.001697278,0.001697262,0.001697281,0.001697291,0.001697281,0.001697277,0.001697297,0.001697299,0.00169728,0.001697263
161,,,,,,,,,0.004431447,0.003400111,0.002978049,0.002559791,0.002304136,0.002043525,0.001924676,0.001833461,0.00182962,0.001829352,0.001751099,0.001718721,0.001707748,0.001703291,0.001701564,0.001700664,0.001699679,0.001698881,0.001698318,0.001697996,0.001697701,0.00169751,0.001697404,0.001697338,0.001697332,0.001697334,0.001697318,0.001697331,0.001697323,0.001697301,0.001697294,0.001697307,0.001697346,0.001697318,0.001697296,0.001697293,0.001697284,0.001697295,0.001697243,0.001697281,0.001697283,0.001697278,0.001697266,0.001697281,0.001697296,0.001697291,0.001697254,0.001697285,0.001697298,0.001697275,0.001697254,0.001697256,0.00169728,0.001697303,0.001697281,0.001697261,0.001697237,0.001697228,0.001697261,0.001697268,0.001697287,0.001697297,0.001697261,0.001697284,0.001697279,0.001697297,0.001697257,0.00169729,0.00169728,0.001697297,0.001697245,0.001697265,0.001697271,0.001697276,0.001697245,0.001697267,0.001697288,0.001697247,0.001697249,0.00169726,0.00169726,0.001697247,0.001697245,0.001697252,0.001697268,0.001697266,0.00169724,0.001697239,0.001697253,0.001697237,0.001697225,0.001697255,0.001697267,0.001697252,0.00169726,0.001697262,0.001697231,0.001697248,0.001697238,0.001697251,0.001697259,0.00169728,0.001697248,0.001697228,0.001697265,0.001697284,0.001697228,0.001697247,0.001697266,0.001697278,0.001697227,0.001697261,0.001697266,0.001697266,0.001697256,0.001697266,0.001697253,0.00169725,0.00169724,0.001697254,0.001697266,0.00169727,0.00169724,0.001697266,0.001697255,0.001697245,0.001697238,0.001697247,0.001697246,0.001697265,0.001697222,0.001697241,0.001697282,0.001697271,0.001697218,0.001697247,0.001697239,0.001697243,0.001697225,0.001697238,0.001697246,0.001697269,0.001697243,0.001697247,0.001697247
162,,,,,,,,,0.004431447,0.002251842,0.002824502,0.002433824,0.002195657,0.002050879,0.001932601,0.001878328,0.001828919,0.001819846,0.001834402,0.001765478,0.001722369,0.00170888,0.001703807,0.001701836,0.001700884,0.001699957,0.001699109,0.001698516,0.001698139,0.001697832,0.001697595,0.001697487,0.001697433,0.00169741,0.001697405,0.001697401,0.001697391,0.001697384,0.001697379,0.001697367,0.001697367,0.001697362,0.001697357,0.001697351,0.001697346,0.001697343,0.001697345,0.001697341,0.001697329,0.001697334,0.001697328,0.001697327,0.001697328,0.001697325,0.001697318,0.001697318,0.001697318,0.00169732,0.00169731,0.001697315,0.001697303,0.001697317,0.001697309,0.001697308,0.001697299,0.001697269,0.001697263,0.001697291,0.001697301,0.001697309,0.001697311,0.001697307,0.001697303,0.001697308,0.001697297,0.001697298,0.001697304,0.001697292,0.001697299,0.001697296,0.001697292,0.001697293,0.001697294,0.001697287,0.00169729,0.001697295,0.001697287,0.001697294,0.001697288,0.001697287,0.001697289,0.001697285,0.001697286,0.001697287,0.001697281,0.001697285,0.001697283,0.001697283,0.001697274,0.001697286,0.001697285,0.001697284,0.001697278,0.001697285,0.001697282,0.001697281,0.001697276,0.001697287,0.00169728,0.00169728,0.00169728,0.001697281,0.001697276,0.001697282,0.001697279,0.00169728,0.001697274,0.001697278,0.001697282,0.001697276,0.001697281,0.00169728,0.001697275,0.001697273,0.001697281,0.00169728,0.001697274,0.001697275,0.001697284,0.001697276,0.001697275,0.001697273,0.001697279,0.001697273,0.001697274,0.001697272,0.001697275,0.00169728,0.001697275,0.001697271,0.001697271,0.001697285,0.001697274,0.001697272,0.001697269,0.001697273,0.001697276,0.00169728,0.00169727,0.001697272,0.001697283,0.001697272,0.001697268
163,,,,,,,,,0.06763526,0.0582005,0.04929483,0.03989063,0.03343204,0.02933892,0.02720534,0.02631355,0.02601822,0.02591178,0.02593205,0.02594024,0.0259209,0.02591086,0.0259067,0.02590409,0.02590357,0.02590362,0.02590336,0.02590307,0.02590277,0.02590296,0.02590323,0.02590296,0.02590302,0.02590341,0.02590347,0.02590346,0.02590324,0.02590336,0.02590355,0.02590368,0.02590318,0.02590395,0.02590375,0.02590398,0.02590375,0.02590434,0.02590413,0.0259045,0.02590387,0.02590408,0.02590451,0.02590427,0.02590425,0.02590473,0.02590477,0.02590452,0.02590438,0.02590458,0.02590485,0.02590484,0.02590447,0.02590475,0.02590463,0.02590433,0.02590448,0.02590482,0.02590458,0.02590455,0.02590452,0.02590432,0.02590444,0.02590463,0.0259043,0.0259047,0.0259048,0.02590476,0.02590439,0.02590484,0.0259048,0.02590491,0.02590444,0.02590446,0.0259045,0.02590487,0.02590422,0.02590471,0.02590495,0.02590464,0.02590422,0.02590464,0.02590478,0.02590491,0.02590469,0.02590486,0.02590477,0.02590456,0.02590422,0.02590461,0.02590499,0.02590483,0.02590459,0.02590488,0.02590477,0.02590471,0.02590442,0.02590503,0.02590509,0.02590505,0.02590467,0.02590492,0.02590514,0.02590505,0.02590481,0.02590515,0.02590473,0.02590488,0.02590462,0.02590518,0.02590498,0.02590515,0.0259044,0.02590494,0.02590481,0.02590477,0.02590462,0.02590507,0.02590506,0.02590496,0.02590452,0.02590518,0.02590517,0.02590516,0.0259046,0.02590495,0.025905,0.02590515,0.02590459,0.02590496,0.02590487,0.02590488,0.02590435,0.02590477,0.02590491,0.02590472,0.02590442,0.0259048,0.02590501,0.02590481,0.02590474,0.02590511,0.02590516,0.02590478,0.02590446
164,,,,,,,,,0.06763526,0.05818649,0.04926751,0.03986229,0.03341293,0.02932593,0.02719801,0.0263103,0.02601744,0.0259111,0.02593196,0.02594003,0.02592062,0.02591068,0.02590654,0.02590398,0.02590347,0.02590361,0.02590335,0.02590307,0.02590278,0.02590296,0.02590323,0.02590296,0.02590302,0.02590341,0.02590347,0.02590345,0.02590324,0.02590335,0.02590354,0.02590368,0.02590318,0.02590395,0.02590375,0.02590398,0.02590375,0.02590434,0.02590413,0.0259045,0.02590387,0.02590408,0.02590451,0.02590427,0.02590425,0.02590473,0.02590477,0.02590452,0.02590438,0.02590458,0.02590485,0.02590484,0.02590441,0.02590474,0.02590464,0.02590433,0.02590448,0.02590481,0.02590457,0.02590455,0.02590452,0.02590432,0.02590444,0.02590463,0.0259043,0.0259047,0.0259048,0.02590476,0.02590439,0.02590484,0.0259048,0.02590491,0.02590444,0.02590446,0.0259045,0.02590487,0.02590422,0.02590471,0.02590495,0.02590464,0.02590422,0.02590464,0.02590477,0.02590491,0.02590468,0.02590486,0.02590477,0.02590456,0.02590422,0.02590461,0.02590499,0.02590483,0.02590459,0.02590488,0.02590477,0.02590471,0.02590442,0.02590503,0.02590509,0.02590504,0.02590467,0.02590492,0.02590514,0.02590504,0.02590481,0.02590515,0.02590473,0.02590488,0.02590462,0.02590518,0.02590498,0.02590515,0.0259044,0.02590494,0.02590481,0.02590477,0.02590461,0.02590507,0.02590505,0.02590496,0.02590452,0.02590518,0.02590516,0.02590515,0.0259046,0.02590495,0.025905,0.02590515,0.02590459,0.02590496,0.02590487,0.02590488,0.02590435,0.02590477,0.02590491,0.02590472,0.02590442,0.0259048,0.02590501,0.02590481,0.02590474,0.02590511,0.02590516,0.02590478,0.02590445
165,,,,,,,,,0.06763526,0.05513298,0.04634003,0.03909072,0.03310558,0.02914701,0.02699698,0.02616658,0.02583866,0.02569697,0.02584722,0.02591225,0.0259081,0.02590334,0.0259007,0.02589949,0.02589962,0.0259004,0.02590053,0.02590102,0.02590175,0.02590221,0.02590208,0.02590189,0.02590242,0.02590242,0.02590233,0.02590254,0.02590276,0.02590248,0.02590275,0.02590295,0.0259034,0.02590322,0.02590327,0.02590316,0.02590337,0.02590337,0.02590276,0.02590345,0.02590375,0.02590357,0.02590351,0.02590352,0.02590361,0.02590387,0.02590348,0.02590384,0.02590386,0.02590383,0.02590354,0.0259037,0.02590381,0.02590406,0.02590361,0.02590374,0.02590394,0.02590389,0.02590374,0.02590392,0.02590396,0.02590418,0.0259038,0.02590413,0.025904,0.02590429,0.02590393,0.02590414,0.02590413,0.02590435,0.02590372,0.02590398,0.02590415,0.02590417,0.02590388,0.02590403,0.02590433,0.02590397,0.02590379,0.02590391,0.02590392,0.02590386,0.02590391,0.02590402,0.02590414,0.02590421,0.02590387,0.02590395,0.02590403,0.02590399,0.02590368,0.02590398,0.02590435,0.02590421,0.02590413,0.02590418,0.02590396,0.02590419,0.02590382,0.02590395,0.0259041,0.02590449,0.02590404,0.025904,0.02590425,0.0259043,0.02590365,0.0259041,0.02590431,0.0259043,0.02590377,0.02590406,0.02590422,0.02590445,0.02590418,0.02590433,0.02590409,0.02590413,0.02590395,0.02590389,0.02590425,0.02590435,0.02590409,0.02590415,0.0259042,0.02590419,0.02590416,0.02590422,0.02590419,0.02590438,0.02590378,0.02590413,0.02590433,0.02590437,0.02590385,0.02590419,0.02590402,0.02590411,0.02590373,0.02590398,0.02590406,0.02590427,0.02590408,0.02590419,0.02590412
166,,,,,,,,,0.06763526,0.04049218,0.04433888,0.0376873,0.03324666,0.02970801,0.02755633,0.02642866,0.0259892,0.02581994,0.02570504,0.02580825,0.0258844,0.02589946,0.02590135,0.02590109,0.0259005,0.02590078,0.0259015,0.02590212,0.02590244,0.02590283,0.02590318,0.02590334,0.02590342,0.02590351,0.02590356,0.02590364,0.0259037,0.02590377,0.02590383,0.02590389,0.02590393,0.025904,0.02590404,0.02590407,0.02590411,0.02590415,0.02590418,0.02590422,0.02590423,0.02590427,0.02590428,0.02590431,0.02590432,0.02590435,0.02590436,0.02590438,0.02590439,0.02590442,0.02590441,0.02590444,0.02590441,0.02590445,0.02590445,0.02590448,0.02590448,0.02590454,0.02590456,0.02590453,0.02590448,0.02590449,0.0259045,0.02590452,0.02590451,0.02590454,0.02590452,0.02590453,0.02590454,0.02590454,0.02590455,0.02590457,0.02590455,0.02590456,0.02590456,0.02590456,0.02590456,0.02590459,0.02590457,0.02590459,0.02590457,0.02590459,0.02590459,0.02590459,0.02590458,0.02590459,0.02590459,0.0259046,0.02590458,0.0259046,0.02590459,0.0259046,0.0259046,0.0259046,0.02590459,0.02590461,0.0259046,0.02590461,0.0259046,0.02590463,0.02590461,0.02590462,0.02590463,0.02590463,0.0259046,0.02590462,0.02590462,0.02590463,0.02590461,0.02590462,0.02590463,0.02590462,0.02590462,0.02590464,0.02590462,0.02590462,0.02590463,0.02590463,0.02590463,0.02590463,0.02590464,0.02590464,0.02590463,0.02590463,0.02590463,0.02590464,0.02590462,0.02590464,0.02590461,0.02590464,0.02590462,0.02590464,0.02590462,0.02590464,0.02590463,0.02590464,0.02590461,0.02590463,0.02590463,0.02590465,0.02590462,0.02590463,0.02590465,0.02590463,0.02590461
167,,,,,,,,,0.06763526,0.0582005,0.04929483,0.03989063,0.03343204,0.02933892,0.02720534,0.02631355,0.02601822,0.02591178,0.02593205,0.02594024,0.0259209,0.02591086,0.0259067,0.02590409,0.02590357,0.02590362,0.02590336,0.02590307,0.02590277,0.02590296,0.02590323,0.02590296,0.02590302,0.02590341,0.02590347,0.02590346,0.02590324,0.02590336,0.02590355,0.02590368,0.02590318,0.02590395,0.02590375,0.02590398,0.02590375,0.02590434,0.02590413,0.0259045,0.02590387,0.02590408,0.02590451,0.02590427,0.02590425,0.02590473,0.02590477,0.02590452,0.02590438,0.02590458,0.02590485,0.02590484,0.02590447,0.02590475,0.02590463,0.02590433,0.02590448,0.02590482,0.02590458,0.02590455,0.02590452,0.02590432,0.02590444,0.02590463,0.0259043,0.0259047,0.0259048,0.02590476,0.02590439,0.02590484,0.0259048,0.02590491,0.02590444,0.02590446,0.0259045,0.02590487,0.02590422,0.02590471,0.02590495,0.02590464,0.02590422,0.02590464,0.02590478,0.02590491,0.02590469,0.02590486,0.02590477,0.02590456,0.02590422,0.02590461,0.02590499,0.02590483,0.02590459,0.02590488,0.02590477,0.02590471,0.02590442,0.02590503,0.02590509,0.02590505,0.02590467,0.02590492,0.02590514,0.02590505,0.02590481,0.02590515,0.02590473,0.02590488,0.02590462,0.02590518,0.02590498,0.02590515,0.0259044,0.02590494,0.02590481,0.02590477,0.02590462,0.02590507,0.02590506,0.02590496,0.02590452,0.02590518,0.02590517,0.02590516,0.0259046,0.02590495,0.025905,0.02590515,0.02590459,0.02590496,0.02590487,0.02590488,0.02590435,0.02590477,0.02590491,0.02590472,0.02590442,0.0259048,0.02590501,0.02590481,0.02590474,0.02590511,0.02590516,0.02590478,0.02590446
168,,,,,,,,,0.06763526,0.05818649,0.04926751,0.03986229,0.03341293,0.02932593,0.02719801,0.0263103,0.02601744,0.0259111,0.02593196,0.02594003,0.02592062,0.02591068,0.02590654,0.02590398,0.02590347,0.02590361,0.02590335,0.02590307,0.02590278,0.02590296,0.02590323,0.02590296,0.02590302,0.02590341,0.02590347,0.02590345,0.02590324,0.02590335,0.02590354,0.02590368,0.02590318,0.02590395,0.02590375,0.02590398,0.02590375,0.02590434,0.02590413,0.0259045,0.02590387,0.02590408,0.02590451,0.02590427,0.02590425,0.02590473,0.02590477,0.02590452,0.02590438,0.02590458,0.02590485,0.02590484,0.02590441,0.02590474,0.02590464,0.02590433,0.02590448,0.02590481,0.02590457,0.02590455,0.02590452,0.02590432,0.02590444,0.02590463,0.0259043,0.0259047,0.0259048,0.02590476,0.02590439,0.02590484,0.0259048,0.02590491,0.02590444,0.02590446,0.0259045,0.02590487,0.02590422,0.02590471,0.02590495,0.02590464,0.02590422,0.02590464,0.02590477,0.02590491,0.02590468,0.02590486,0.02590477,0.02590456,0.02590422,0.02590461,0.02590499,0.02590483,0.02590459,0.02590488,0.02590477,0.02590471,0.02590442,0.02590503,0.02590509,0.02590504,0.02590467,0.02590492,0.02590514,0.02590504,0.02590481,0.02590515,0.02590473,0.02590488,0.02590462,0.02590518,0.02590498,0.02590515,0.0259044,0.02590494,0.02590481,0.02590477,0.02590461,0.02590507,0.02590505,0.02590496,0.02590452,0.02590518,0.02590516,0.02590515,0.0259046,0.02590495,0.025905,0.02590515,0.02590459,0.02590496,0.02590487,0.02590488,0.02590435,0.02590477,0.02590491,0.02590472,0.02590442,0.0259048,0.02590501,0.02590481,0.02590474,0.02590511,0.02590516,0.02590478,0.02590445
169,,,,,,,,,0.06763526,0.05513298,0.04634003,0.03909072,0.03310558,0.02914701,0.02699698,0.02616658,0.02583866,0.02569697,0.02584722,0.02591225,0.0259081,0.02590334,0.0259007,0.02589949,0.02589962,0.0259004,0.02590053,0.02590102,0.02590175,0.02590221,0.02590208,0.02590189,0.02590242,0.02590242,0.02590233,0.02590254,0.02590276,0.02590248,0.02590275,0.02590295,0.0259034,0.02590322,0.02590327,0.02590316,0.02590337,0.02590337,0.02590276,0.02590345,0.02590375,0.02590357,0.02590351,0.02590352,0.02590361,0.02590387,0.02590348,0.02590384,0.02590386,0.02590383,0.02590354,0.0259037,0.02590381,0.02590406,0.02590361,0.02590374,0.02590394,0.02590389,0.02590374,0.02590392,0.02590396,0.02590418,0.0259038,0.02590413,0.025904,0.02590429,0.02590393,0.02590414,0.02590413,0.02590435,0.02590372,0.02590398,0.02590415,0.02590417,0.02590388,0.02590403,0.02590433,0.02590397,0.02590379,0.02590391,0.02590392,0.02590386,0.02590391,0.02590402,0.02590414,0.02590421,0.02590387,0.02590395,0.02590403,0.02590399,0.02590368,0.02590398,0.02590435,0.02590421,0.02590413,0.02590418,0.02590396,0.02590419,0.02590382,0.02590395,0.0259041,0.02590449,0.02590404,0.025904,0.02590425,0.0259043,0.02590365,0.0259041,0.02590431,0.0259043,0.02590377,0.02590406,0.02590422,0.02590445,0.02590418,0.02590433,0.02590409,0.02590413,0.02590395,0.02590389,0.02590425,0.02590435,0.02590409,0.02590415,0.0259042,0.02590419,0.02590416,0.02590422,0.02590419,0.02590438,0.02590378,0.02590413,0.02590433,0.02590437,0.02590385,0.02590419,0.02590402,0.02590411,0.02590373,0.02590398,0.02590406,0.02590427,0.02590408,0.02590419,0.02590412
170,,,,,,,,,0.06763526,0.04049218,0.04433888,0.0376873,0.03324666,0.02970801,0.02755633,0.02642866,0.0259892,0.02581994,0.02570504,0.02580825,0.0258844,0.02589946,0.02590135,0.02590109,0.0259005,0.02590078,0.0259015,0.02590212,0.02590244,0.02590283,0.02590318,0.02590334,0.02590342,0.02590351,0.02590356,0.02590364,0.0259037,0.02590377,0.02590383,0.02590389,0.02590393,0.025904,0.02590404,0.02590407,0.02590411,0.02590415,0.02590418,0.02590422,0.02590423,0.02590427,0.02590428,0.02590431,0.02590432,0.02590435,0.02590436,0.02590438,0.02590439,0.02590442,0.02590441,0.02590444,0.02590441,0.02590445,0.02590445,0.02590448,0.02590448,0.02590454,0.02590456,0.02590453,0.02590448,0.02590449,0.0259045,0.02590452,0.02590451,0.02590454,0.02590452,0.02590453,0.02590454,0.02590454,0.02590455,0.02590457,0.02590455,0.02590456,0.02590456,0.02590456,0.02590456,0.02590459,0.02590457,0.02590459,0.02590457,0.02590459,0.02590459,0.02590459,0.02590458,0.02590459,0.02590459,0.0259046,0.02590458,0.0259046,0.02590459,0.0259046,0.0259046,0.0259046,0.02590459,0.02590461,0.0259046,0.02590461,0.0259046,0.02590463,0.02590461,0.02590462,0.02590463,0.02590463,0.0259046,0.02590462,0.02590462,0.02590463,0.02590461,0.02590462,0.02590463,0.02590462,0.02590462,0.02590464,0.02590462,0.02590462,0.02590463,0.02590463,0.02590463,0.02590463,0.02590464,0.02590464,0.02590463,0.02590463,0.02590463,0.02590464,0.02590462,0.02590464,0.02590461,0.02590464,0.02590462,0.02590464,0.02590462,0.02590464,0.02590463,0.02590464,0.02590461,0.02590463,0.02590463,0.02590465,0.02590462,0.02590463,0.02590465,0.02590463,0.02590461
171,,,,,,,,,0.6305514,0.001230421,1.025234e-06,2.939999e-10,0.0,0.0,0.0,0.0,0.0,0.0,0.0,0.0,0.0,0.0,0.0,0.0,0.0,0.0,0.0,0.0,0.0,0.0,0.0,0.0,0.0,0.0,0.0,0.0,0.0,0.0,0.0,0.0,0.0,0.0,0.0,0.0,0.0,0.0,0.0,0.0,0.0,0.0,0.0,0.0,0.0,0.0,0.0,0.0,0.0,0.0,0.0,0.0,0.0,0.0,0.0,0.0,0.0,0.0,0.0,0.0,0.0,0.0,0.0,0.0,0.0,0.0,0.0,0.0,0.0,0.0,0.0,0.0,0.0,0.0,0.0,0.0,0.0,0.0,0.0,0.0,0.0,0.0,0.0,0.0,0.0,0.0,0.0,0.0,0.0,0.0,0.0,0.0,0.0,0.0,0.0,0.0,0.0,0.0,0.0,0.0,0.0,0.0,0.0,0.0,0.0,0.0,0.0,0.0,0.0,0.0,0.0,0.0,0.0,0.0,0.0,0.0,0.0,0.0,0.0,0.0,0.0,0.0,0.0,0.0,0.0,0.0,0.0,0.0,0.0,0.0,0.0,0.0,0.0,0.0,0.0,0.0,0.0,0.0,0.0,0.0,0.0,0.0,0.0,0.0,0.0
172,,,,,,,,,0.6305514,0.0049654,6.833144e-06,9.265741e-09,0.0,0.0,0.0,0.0,0.0,0.0,0.0,0.0,0.0,0.0,0.0,0.0,0.0,0.0,0.0,0.0,0.0,0.0,0.0,0.0,0.0,0.0,0.0,0.0,0.0,0.0,0.0,0.0,0.0,0.0,0.0,0.0,0.0,0.0,0.0,0.0,0.0,0.0,0.0,0.0,0.0,0.0,0.0,0.0,0.0,0.0,0.0,0.0,0.0,0.0,0.0,0.0,0.0,0.0,0.0,0.0,0.0,0.0,0.0,0.0,0.0,0.0,0.0,0.0,0.0,0.0,0.0,0.0,0.0,0.0,0.0,0.0,0.0,0.0,0.0,0.0,0.0,0.0,0.0,0.0,0.0,0.0,0.0,0.0,0.0,0.0,0.0,0.0,0.0,0.0,0.0,0.0,0.0,0.0,0.0,0.0,0.0,0.0,0.0,0.0,0.0,0.0,0.0,0.0,0.0,0.0,0.0,0.0,0.0,0.0,0.0,0.0,0.0,0.0,0.0,0.0,0.0,0.0,0.0,0.0,0.0,0.0,0.0,0.0,0.0,0.0,0.0,0.0,0.0,0.0,0.0,0.0,0.0,0.0,0.0,0.0,0.0,0.0,0.0,0.0,0.0
173,,,,,,,,,1.022455,2.282881,1.222393,0.8750727,0.7742372,0.7571093,0.7630906,0.7674533,0.7719948,0.7757918,0.7723055,0.7699741,0.7694697,0.7694488,0.7695279,0.7696086,0.7696644,0.7696766,0.7696855,0.7697065,0.7697364,0.7697425,0.7697552,0.7697667,0.7698001,0.7698043,0.7698126,0.7698201,0.7698407,0.7698352,0.7698494,0.7698556,0.7698657,0.7698609,0.7698781,0.769866,0.7698865,0.769877,0.769871,0.769882,0.7698974,0.7698918,0.7698908,0.7698905,0.7698919,0.7698987,0.7698967,0.7699022,0.7699005,0.7699028,0.7698966,0.7699039,0.7699059,0.7699002,0.769888,0.769897,0.7699056,0.7699014,0.7698992,0.769911,0.7699105,0.769914,0.7699111,0.7699097,0.769914,0.7699153,0.7699169,0.7699082,0.7699197,0.7699143,0.769907,0.7699063,0.7699181,0.7699113,0.769916,0.7699084,0.7699191,0.769912,0.7699014,0.7699068,0.7699101,0.7699119,0.7699111,0.769911,0.7699205,0.7699191,0.7699138,0.7699184,0.7699215,0.7699179,0.7699076,0.7699148,0.7699278,0.7699211,0.769918,0.7699174,0.7699262,0.769917,0.7699087,0.7699092,0.7699139,0.7699188,0.7699088,0.7699187,0.7699195,0.7699122,0.7699065,0.7699125,0.7699254,0.7699126,0.7699133,0.7699116,0.7699184,0.7699215,0.7699147,0.7699183,0.7699163,0.7699157,0.7699104,0.7698993,0.7699169,0.7699145,0.7699169,0.7699093,0.7699228,0.769917,0.7699237,0.7699185,0.7699271,0.7699204,0.769913,0.7699178,0.7699189,0.7699204,0.7699164,0.7699201,0.7699204,0.7699173,0.7699044,0.7699146,0.7699174,0.7699116,0.7699131,0.7699194,0.7699259
174,,,,,,,,,1.318272,3.874009,1.492044,1.106191,0.8729351,0.8140469,0.8230328,0.8499194,0.8670289,0.8765853,0.8833184,0.8778621,0.8732228,0.8722859,0.8722227,0.8722751,0.8723465,0.8723713,0.8723623,0.8723559,0.8723635,0.8723645,0.8723652,0.8723759,0.8723904,0.8724028,0.872413,0.8724205,0.8724278,0.8724341,0.8724388,0.8724445,0.8724465,0.872449,0.8724514,0.8724557,0.8724561,0.8724591,0.8724581,0.8724604,0.8724626,0.8724615,0.8724638,0.8724635,0.8724629,0.872464,0.8724656,0.8724655,0.8724653,0.8724642,0.8724666,0.8724654,0.8724673,0.8724648,0.8724661,0.8724646,0.8724626,0.8724615,0.87246,0.8724619,0.8724663,0.8724664,0.8724647,0.8724658,0.8724652,0.8724633,0.8724652,0.8724651,0.8724621,0.8724652,0.8724629,0.8724634,0.8724636,0.8724629,0.8724618,0.8724642,0.872462,0.8724603,0.8724624,0.8724602,0.8724611,0.8724607,0.8724596,0.8724608,0.8724605,0.8724601,0.87246,0.8724589,0.872459,0.8724593,0.8724611,0.8724579,0.8724575,0.8724582,0.8724587,0.8724567,0.8724566,0.8724583,0.8724586,0.8724557,0.8724565,0.8724572,0.8724563,0.8724559,0.872457,0.8724554,0.8724547,0.8724554,0.8724555,0.8724557,0.8724533,0.8724554,0.8724535,0.8724537,0.8724551,0.8724555,0.8724529,0.8724531,0.8724541,0.8724542,0.8724504,0.8724535,0.8724533,0.8724544,0.8724514,0.8724527,0.8724531,0.8724536,0.8724521,0.8724504,0.8724523,0.872453,0.8724517,0.8724484,0.872451,0.872452,0.8724523,0.8724511,0.8724508,0.872449,0.8724517,0.8724512,0.8724478,0.8724509,0.8724504
175,,,,,,,,,71.43326,62.08702,52.53959,42.51971,35.63394,31.26864,28.99122,28.03815,27.72281,27.60839,27.62887,27.63696,27.61508,27.60382,27.59885,27.59607,27.59498,27.59489,27.59459,27.59426,27.59393,27.59411,27.59438,27.59409,27.59414,27.59454,27.59461,27.59458,27.59435,27.59446,27.59466,27.5948,27.59427,27.59507,27.59485,27.59509,27.59485,27.59547,27.59524,27.59563,27.59497,27.59518,27.59564,27.59538,27.59535,27.59585,27.5959,27.59563,27.59548,27.59569,27.59598,27.59596,27.5955,27.5958,27.59575,27.59543,27.59559,27.59594,27.59569,27.59565,27.59562,27.59541,27.59554,27.59573,27.59538,27.5958,27.59591,27.59587,27.59548,27.59595,27.5959,27.59602,27.59553,27.59555,27.59559,27.59598,27.59529,27.5958,27.59606,27.59574,27.59529,27.59573,27.59587,27.59602,27.59578,27.59596,27.59587,27.59565,27.59529,27.5957,27.59609,27.59593,27.59568,27.59597,27.59586,27.5958,27.5955,27.59613,27.5962,27.59615,27.59576,27.59602,27.59625,27.59615,27.5959,27.59626,27.59582,27.59597,27.5957,27.59629,27.59608,27.59625,27.59547,27.59604,27.5959,27.59586,27.5957,27.59617,27.59616,27.59606,27.5956,27.59629,27.59627,27.59626,27.59568,27.59605,27.59609,27.59626,27.59567,27.59605,27.59596,27.59597,27.59542,27.59585,27.596,27.5958,27.59549,27.59588,27.5961,27.59589,27.59582,27.59621,27.59626,27.59586,27.59552
176,,,,,,,,,71.41714,62.07053,52.53019,42.50993,35.62738,31.26418,28.9887,28.03704,27.72254,27.60815,27.62883,27.63689,27.61498,27.60376,27.59879,27.59603,27.59494,27.59489,27.59459,27.59426,27.59393,27.59411,27.59438,27.59409,27.59414,27.59454,27.5946,27.59458,27.59435,27.59446,27.59466,27.5948,27.59427,27.59507,27.59485,27.59509,27.59485,27.59547,27.59524,27.59563,27.59497,27.59518,27.59563,27.59538,27.59535,27.59585,27.5959,27.59563,27.59548,27.59569,27.59598,27.59596,27.59545,27.5958,27.59575,27.59543,27.59559,27.59594,27.59568,27.59565,27.59562,27.59541,27.59554,27.59573,27.59538,27.5958,27.59591,27.59587,27.59548,27.59595,27.5959,27.59602,27.59553,27.59555,27.59558,27.59598,27.59529,27.5958,27.59606,27.59573,27.59529,27.59572,27.59587,27.59602,27.59577,27.59596,27.59586,27.59565,27.59528,27.59569,27.59609,27.59593,27.59568,27.59597,27.59586,27.59579,27.5955,27.59613,27.59619,27.59615,27.59575,27.59602,27.59625,27.59615,27.5959,27.59625,27.59582,27.59597,27.5957,27.59629,27.59608,27.59625,27.59547,27.59604,27.5959,27.59586,27.59569,27.59617,27.59615,27.59606,27.5956,27.59629,27.59627,27.59626,27.59568,27.59605,27.59609,27.59626,27.59567,27.59605,27.59596,27.59597,27.59542,27.59585,27.596,27.5958,27.59549,27.59588,27.5961,27.59589,27.59582,27.59621,27.59626,27.59586,27.59552
177,,,,,,,,,71.82535,58.62782,49.28744,41.60798,35.38014,31.18231,28.92606,28.01231,27.68247,27.54151,27.61695,27.65089,27.63632,27.62736,27.62311,27.62107,27.62028,27.6203,27.6199,27.62009,27.62054,27.62082,27.62059,27.62034,27.62087,27.62088,27.62077,27.62099,27.62121,27.62091,27.62118,27.62139,27.62188,27.62166,27.6217,27.62158,27.62179,27.6218,27.62114,27.62187,27.62217,27.62198,27.62191,27.62194,27.62204,27.6223,27.62187,27.62226,27.62229,27.62225,27.62193,27.6221,27.62223,27.6225,27.62203,27.62214,27.62232,27.62226,27.62214,27.62233,27.62238,27.62262,27.6222,27.62255,27.62242,27.62272,27.62233,27.62257,27.62255,27.62279,27.62211,27.62239,27.62256,27.62259,27.62226,27.62244,27.62276,27.62236,27.62218,27.62231,27.62232,27.62225,27.6223,27.62241,27.62255,27.62262,27.62225,27.62234,27.62243,27.62237,27.62205,27.62237,27.62276,27.62261,27.62253,27.62258,27.62234,27.62258,27.62221,27.62235,27.6225,27.62291,27.62243,27.62237,27.62266,27.62272,27.62202,27.62249,27.62272,27.62272,27.62214,27.62246,27.62263,27.62286,27.62258,27.62274,27.62249,27.62252,27.62234,27.62229,27.62265,27.62276,27.62247,27.62256,27.6226,27.62258,27.62255,27.62261,27.62258,27.62279,27.62215,27.62251,27.62276,27.62279,27.62222,27.62258,27.6224,27.6225,27.6221,27.62237,27.62245,27.62268,27.62246,27.62258,27.62252
178,,,,,,,,,71.52953,42.94508,46.97253,39.94832,35.28153,31.61861,29.37011,28.20166,27.72201,27.54689,27.44626,27.48631,27.52287,27.52567,27.523,27.52099,27.51956,27.519,27.51896,27.51905,27.51903,27.51914,27.51929,27.51935,27.51938,27.51946,27.51951,27.51959,27.51964,27.5197,27.51976,27.51981,27.51986,27.51993,27.51996,27.51999,27.52002,27.52006,27.5201,27.52014,27.52013,27.52018,27.52019,27.52022,27.52023,27.52026,27.52026,27.52028,27.52029,27.52032,27.52031,27.52034,27.5203,27.52036,27.52035,27.52038,27.52038,27.52041,27.52042,27.52042,27.52038,27.5204,27.52041,27.52042,27.52041,27.52044,27.52042,27.52043,27.52044,27.52044,27.52045,27.52047,27.52044,27.52046,27.52046,27.52046,27.52045,27.52049,27.52047,27.52049,27.52047,27.52048,27.52048,27.52049,27.52047,27.52048,27.52048,27.52049,27.52047,27.52049,27.52047,27.5205,27.52049,27.5205,27.52048,27.52051,27.52049,27.52051,27.52049,27.52053,27.52051,27.52051,27.52052,27.52052,27.52049,27.52052,27.52051,27.52052,27.5205,27.52052,27.52053,27.52051,27.52052,27.52054,27.52051,27.52051,27.52052,27.52053,27.52052,27.52052,27.52054,27.52053,27.52053,27.52052,27.52052,27.52053,27.52051,27.52053,27.52051,27.52054,27.52052,27.52053,27.52051,27.52055,27.52052,27.52053,27.5205,27.52053,27.52053,27.52055,27.52051,27.52053,27.52056,27.52053,27.52051
179,,,,,,,,,4.553147,3.943898,3.293357,2.668407,2.234861,1.95864,1.812697,1.750544,1.73024,1.722152,1.722386,1.722303,1.719733,1.718505,1.717685,1.717513,1.716939,1.716807,1.716764,1.716726,1.716692,1.716688,1.716688,1.716668,1.716662,1.716674,1.716669,1.716661,1.716644,1.716645,1.71665,1.716652,1.716622,1.716658,1.716644,1.716651,1.716636,1.716664,1.71665,1.716667,1.716632,1.71664,1.71666,1.716646,1.716642,1.716665,1.716666,1.716651,1.716642,1.716651,1.716663,1.716661,1.716568,1.716588,1.716662,1.716644,1.716648,1.716663,1.716648,1.716644,1.71664,1.716629,1.716633,1.716642,1.716623,1.716643,1.716647,1.716644,1.716624,1.716646,1.716643,1.716649,1.716623,1.716624,1.716625,1.716644,1.716609,1.716634,1.716646,1.716629,1.716607,1.716628,1.716635,1.716642,1.716629,1.716638,1.716633,1.716622,1.716603,1.716624,1.716643,1.716634,1.716622,1.716636,1.71663,1.716627,1.716611,1.716643,1.716645,1.716643,1.716623,1.716637,1.716647,1.716642,1.71663,1.716647,1.716625,1.716633,1.716619,1.716648,1.716637,1.716646,1.716607,1.716636,1.716628,1.716627,1.716617,1.716641,1.71664,1.716635,1.716612,1.716647,1.716645,1.716645,1.716615,1.716634,1.716636,1.716644,1.716614,1.716634,1.716628,1.71663,1.716602,1.716623,1.71663,1.716621,1.716605,1.716624,1.716635,1.716625,1.716621,1.71664,1.716643,1.716623,1.716606
180,,,,,,,,,4.551785,3.941401,3.311258,2.686941,2.247391,1.967161,1.817503,1.75268,1.730748,1.722595,1.722434,1.722433,1.719918,1.718626,1.717795,1.717584,1.717006,1.716818,1.716768,1.716731,1.716687,1.716691,1.71669,1.716668,1.716663,1.716675,1.71667,1.716663,1.716645,1.716645,1.716651,1.716653,1.716623,1.716659,1.716644,1.716652,1.716637,1.716664,1.71665,1.716667,1.716632,1.71664,1.716661,1.716646,1.716642,1.716665,1.716666,1.716652,1.716642,1.716651,1.716663,1.716662,1.716576,1.716592,1.716657,1.716645,1.716648,1.716663,1.716648,1.716644,1.71664,1.716629,1.716633,1.716642,1.716623,1.716644,1.716647,1.716645,1.716624,1.716647,1.716643,1.716648,1.716623,1.716624,1.716625,1.716644,1.716609,1.716634,1.716645,1.716629,1.716607,1.716628,1.716634,1.716641,1.716629,1.716638,1.716632,1.716622,1.716603,1.716624,1.716642,1.716634,1.716622,1.716636,1.71663,1.716627,1.716611,1.716643,1.716645,1.716643,1.716623,1.716637,1.716647,1.716642,1.716629,1.716647,1.716624,1.716633,1.716619,1.716648,1.716637,1.716646,1.716607,1.716635,1.716628,1.716627,1.716617,1.716641,1.716639,1.716635,1.716612,1.716646,1.716645,1.716644,1.716615,1.716634,1.716636,1.716644,1.716614,1.716634,1.716628,1.71663,1.716602,1.716623,1.71663,1.716621,1.716605,1.716624,1.716634,1.716624,1.71662,1.71664,1.716642,1.716623,1.716606
181,,,,,,,,,4.256766,3.549187,2.9931,2.555795,2.307198,2.064039,1.955699,1.871528,1.869285,1.869879,1.795214,1.764189,1.753759,1.74956,1.747948,1.747113,1.74619,1.745435,1.744904,1.744602,1.744327,1.744148,1.74405,1.743989,1.74399,1.743992,1.743978,1.743991,1.743987,1.743965,1.743961,1.743974,1.744013,1.743985,1.743968,1.743962,1.743957,1.743966,1.743916,1.743954,1.743959,1.743953,1.743941,1.743955,1.743969,1.743966,1.74393,1.743961,1.743973,1.743952,1.74393,1.743934,1.743957,1.743977,1.743955,1.743937,1.743916,1.743907,1.743937,1.743946,1.743964,1.743975,1.74394,1.743961,1.743958,1.743974,1.743937,1.743967,1.74396,1.743974,1.743924,1.743943,1.743951,1.743954,1.743926,1.743946,1.743968,1.743927,1.743927,1.743938,1.743939,1.743927,1.743925,1.743931,1.743948,1.743947,1.743921,1.743921,1.743935,1.743919,1.743905,1.743935,1.74395,1.743934,1.743941,1.743943,1.743915,1.743929,1.743918,1.743931,1.74394,1.743961,1.743928,1.743911,1.743947,1.743963,1.743909,1.743928,1.743949,1.743957,1.743909,1.743941,1.743947,1.743948,1.743937,1.743948,1.743935,1.743932,1.743921,1.743933,1.743947,1.743951,1.743922,1.743946,1.743938,1.743927,1.743922,1.743929,1.743931,1.743947,1.743905,1.743924,1.743963,1.743953,1.743902,1.74393,1.743923,1.743926,1.743907,1.74392,1.743929,1.74395,1.743925,1.74393,1.743932
182,,,,,,,,,3.960949,2.492815,2.677356,2.298175,2.067642,1.93989,1.840942,1.799054,1.75843,1.752404,1.76656,1.7035,1.663989,1.65174,1.647187,1.645432,1.644591,1.643761,1.642996,1.642463,1.642126,1.641852,1.64164,1.641547,1.641502,1.641486,1.641485,1.641484,1.641477,1.641474,1.641471,1.641463,1.641465,1.641463,1.641459,1.641456,1.641453,1.641452,1.641454,1.641453,1.641443,1.641448,1.641445,1.641445,1.641446,1.641445,1.64144,1.641441,1.641442,1.641444,1.641436,1.641441,1.641432,1.641444,1.641439,1.641438,1.64143,1.641404,1.641399,1.641426,1.641435,1.641443,1.641445,1.641442,1.641439,1.641444,1.641435,1.641436,1.641442,1.641432,1.641439,1.641436,1.641433,1.641434,1.641436,1.64143,1.641433,1.641438,1.641431,1.641438,1.641432,1.641432,1.641434,1.641431,1.641432,1.641434,1.641429,1.641432,1.641431,1.641431,1.641424,1.641435,1.641434,1.641434,1.641429,1.641435,1.641432,1.641432,1.641428,1.641438,1.641432,1.641432,1.641432,1.641433,1.64143,1.641435,1.641433,1.641434,1.641429,1.641433,1.641436,1.641431,1.641436,1.641435,1.641431,1.64143,1.641436,1.641436,1.641431,1.641432,1.64144,1.641433,1.641432,1.641431,1.641436,1.641431,1.641432,1.641431,1.641433,1.641438,1.641434,1.641431,1.641431,1.641443,1.641434,1.641432,1.64143,1.641433,1.641436,1.64144,1.641431,1.641433,1.641442,1.641433,1.64143
183,,,,,,,,,72.21725,62.08702,52.53959,42.51971,35.63394,31.26864,28.99122,28.03815,27.72281,27.60839,27.62887,27.63696,27.61508,27.60382,27.59885,27.59607,27.59498,27.59489,27.59459,27.59426,27.59393,27.59411,27.59438,27.59409,27.59414,27.59454,27.59461,27.59458,27.59435,27.59446,27.59466,27.5948,27.59427,27.59507,27.59485,27.59509,27.59485,27.59547,27.59524,27.59563,27.59497,27.59518,27.59564,27.59538,27.59535,27.59585,27.5959,27.59563,27.59548,27.59569,27.59598,27.59596,27.5955,27.5958,27.59575,27.59543,27.59559,27.59594,27.59569,27.59565,27.59562,27.59541,27.59554,27.59573,27.59538,27.5958,27.59591,27.59587,27.59548,27.59595,27.5959,27.59602,27.59553,27.59555,27.59559,27.59598,27.59529,27.5958,27.59606,27.59574,27.59529,27.59573,27.59587,27.59602,27.59578,27.59596,27.59587,27.59565,27.59529,27.5957,27.59609,27.59593,27.59568,27.59597,27.59586,27.5958,27.5955,27.59613,27.5962,27.59615,27.59576,27.59602,27.59625,27.59615,27.5959,27.59626,27.59582,27.59597,27.5957,27.59629,27.59608,27.59625,27.59547,27.59604,27.5959,27.59586,27.5957,27.59617,27.59616,27.59606,27.5956,27.59629,27.59627,27.59626,27.59568,27.59605,27.59609,27.59626,27.59567,27.59605,27.59596,27.59597,27.59542,27.59585,27.596,27.5958,27.59549,27.59588,27.5961,27.59589,27.59582,27.59621,27.59626,27.59586,27.59552
184,,,,,,,,,72.21725,62.07053,52.53019,42.50993,35.62738,31.26418,28.9887,28.03704,27.72254,27.60815,27.62883,27.63689,27.61498,27.60376,27.59879,27.59603,27.59494,27.59489,27.59459,27.59426,27.59393,27.59411,27.59438,27.59409,27.59414,27.59454,27.5946,27.59458,27.59435,27.59446,27.59466,27.5948,27.59427,27.59507,27.59485,27.59509,27.59485,27.59547,27.59524,27.59563,27.59497,27.59518,27.59563,27.59538,27.59535,27.59585,27.5959,27.59563,27.59548,27.59569,27.59598,27.59596,27.59545,27.5958,27.59575,27.59543,27.59559,27.59594,27.59568,27.59565,27.59562,27.59541,27.59554,27.59573,27.59538,27.5958,27.59591,27.59587,27.59548,27.59595,27.5959,27.59602,27.59553,27.59555,27.59558,27.59598,27.59529,27.5958,27.59606,27.59573,27.59529,27.59572,27.59587,27.59602,27.59577,27.59596,27.59586,27.59565,27.59528,27.59569,27.59609,27.59593,27.59568,27.59597,27.59586,27.59579,27.5955,27.59613,27.59619,27.59615,27.59575,27.59602,27.59625,27.59615,27.5959,27.59625,27.59582,27.59597,27.5957,27.59629,27.59608,27.59625,27.59547,27.59604,27.5959,27.59586,27.59569,27.59617,27.59615,27.59606,27.5956,27.59629,27.59627,27.59626,27.59568,27.59605,27.59609,27.59626,27.59567,27.59605,27.59596,27.59597,27.59542,27.59585,27.596,27.5958,27.59549,27.59588,27.5961,27.59589,27.59582,27.59621,27.59626,27.59586,27.59552
185,,,,,,,,,71.82535,58.62782,49.28744,41.60798,35.38014,31.18231,28.92606,28.01231,27.68247,27.54151,27.61695,27.65089,27.63632,27.62736,27.62311,27.62107,27.62028,27.6203,27.6199,27.62009,27.62054,27.62082,27.62059,27.62034,27.62087,27.62088,27.62077,27.62099,27.62121,27.62091,27.62118,27.62139,27.62188,27.62166,27.6217,27.62158,27.62179,27.6218,27.62114,27.62187,27.62217,27.62198,27.62191,27.62194,27.62204,27.6223,27.62187,27.62226,27.62229,27.62225,27.62193,27.6221,27.62223,27.6225,27.62203,27.62214,27.62232,27.62226,27.62214,27.62233,27.62239,27.62262,27.6222,27.62255,27.62242,27.62272,27.62233,27.62257,27.62256,27.62279,27.62211,27.62239,27.62256,27.62259,27.62226,27.62244,27.62276,27.62236,27.62218,27.62231,27.62232,27.62225,27.6223,27.62241,27.62255,27.62262,27.62225,27.62234,27.62243,27.62237,27.62205,27.62237,27.62276,27.62261,27.62253,27.62258,27.62234,27.62258,27.62221,27.62235,27.6225,27.62291,27.62243,27.62237,27.62266,27.62272,27.62202,27.62249,27.62272,27.62272,27.62214,27.62246,27.62263,27.62286,27.62258,27.62274,27.62249,27.62252,27.62234,27.62229,27.62266,27.62277,27.62247,27.62256,27.6226,27.62258,27.62255,27.62261,27.62258,27.62279,27.62215,27.62251,27.62276,27.62279,27.62222,27.62258,27.6224,27.6225,27.6221,27.62237,27.62245,27.62268,27.62246,27.62258,27.62252
186,,,,,,,,,71.52953,42.94508,46.97253,39.94832,35.28153,31.61861,29.37011,28.20166,27.72201,27.54689,27.44626,27.48631,27.52287,27.52567,27.523,27.52099,27.51956,27.519,27.51896,27.51905,27.51903,27.51914,27.51929,27.51935,27.51938,27.51946,27.51951,27.51959,27.51964,27.5197,27.51976,27.51981,27.51986,27.51993,27.51996,27.51999,27.52002,27.52006,27.5201,27.52014,27.52013,27.52018,27.52019,27.52022,27.52023,27.52026,27.52026,27.52028,27.52029,27.52032,27.52031,27.52034,27.5203,27.52036,27.52035,27.52038,27.52038,27.52041,27.52042,27.52042,27.52038,27.5204,27.52041,27.52042,27.52041,27.52044,27.52042,27.52043,27.52044,27.52044,27.52045,27.52047,27.52044,27.52046,27.52046,27.52046,27.52045,27.52049,27.52047,27.52049,27.52047,27.52048,27.52048,27.52049,27.52047,27.52048,27.52048,27.52049,27.52047,27.52049,27.52047,27.5205,27.52049,27.5205,27.52048,27.52051,27.52049,27.52051,27.52049,27.52053,27.52051,27.52051,27.52052,27.52052,27.52049,27.52052,27.52051,27.52052,27.5205,27.52052,27.52053,27.52051,27.52052,27.52054,27.52051,27.52051,27.52052,27.52053,27.52052,27.52052,27.52054,27.52053,27.52053,27.52052,27.52052,27.52053,27.52051,27.52053,27.52051,27.52054,27.52052,27.52053,27.52051,27.52055,27.52052,27.52053,27.5205,27.52053,27.52053,27.52055,27.52051,27.52053,27.52056,27.52053,27.52051
187,,,,,,,,,0.0,0.0,0.0,0.0,0.0,0.0,0.0,0.0,0.0,0.0,0.0,0.0,0.0,0.0,0.0,0.0,0.0,0.0,0.0,0.0,0.0,0.0,0.0,0.0,0.0,0.0,0.0,0.0,0.0,0.0,0.0,0.0,0.0,0.0,0.0,0.0,0.0,0.0,0.0,0.0,0.0,0.0,0.0,0.0,0.0,0.0,0.0,0.0,0.0,0.0,0.0,0.0,0.0,0.0,0.0,0.0,0.0,0.0,0.0,0.0,0.0,0.0,0.0,0.0,0.0,0.0,0.0,0.0,0.0,0.0,0.0,0.0,0.0,0.0,0.0,0.0,0.0,0.0,0.0,0.0,0.0,0.0,0.0,0.0,0.0,0.0,0.0,0.0,0.0,0.0,0.0,0.0,0.0,0.0,0.0,0.0,0.0,0.0,0.0,0.0,0.0,0.0,0.0,0.0,0.0,0.0,0.0,0.0,0.0,0.0,0.0,0.0,0.0,0.0,0.0,0.0,0.0,0.0,0.0,0.0,0.0,0.0,0.0,0.0,0.0,0.0,0.0,0.0,0.0,0.0,0.0,0.0,0.0,0.0,0.0,0.0,0.0,0.0,0.0,0.0,0.0,0.0,0.0,0.0,0.0
188,,,,,,,,,0.0,0.0,0.0,0.0,0.0,0.0,0.0,0.0,0.0,0.0,0.0,0.0,0.0,0.0,0.0,0.0,0.0,0.0,0.0,0.0,0.0,0.0,0.0,0.0,0.0,0.0,0.0,0.0,0.0,0.0,0.0,0.0,0.0,0.0,0.0,0.0,0.0,0.0,0.0,0.0,0.0,0.0,0.0,0.0,0.0,0.0,0.0,0.0,0.0,0.0,0.0,0.0,0.0,0.0,0.0,0.0,0.0,0.0,0.0,0.0,0.0,0.0,0.0,0.0,0.0,0.0,0.0,0.0,0.0,0.0,0.0,0.0,0.0,0.0,0.0,0.0,0.0,0.0,0.0,0.0,0.0,0.0,0.0,0.0,0.0,0.0,0.0,0.0,0.0,0.0,0.0,0.0,0.0,0.0,0.0,0.0,0.0,0.0,0.0,0.0,0.0,0.0,0.0,0.0,0.0,0.0,0.0,0.0,0.0,0.0,0.0,0.0,0.0,0.0,0.0,0.0,0.0,0.0,0.0,0.0,0.0,0.0,0.0,0.0,0.0,0.0,0.0,0.0,0.0,0.0,0.0,0.0,0.0,0.0,0.0,0.0,0.0,0.0,0.0,0.0,0.0,0.0,0.0,0.0,0.0
189,,,,,,,,,0.0,0.0,0.0,0.0,0.0,0.0,0.0,0.0,0.0,0.0,0.0,0.0,0.0,0.0,0.0,0.0,0.0,0.0,0.0,0.0,0.0,0.0,0.0,0.0,0.0,0.0,0.0,0.0,0.0,0.0,0.0,0.0,0.0,0.0,0.0,0.0,0.0,0.0,0.0,0.0,0.0,0.0,0.0,0.0,0.0,0.0,0.0,0.0,0.0,0.0,0.0,0.0,0.0,0.0,0.0,0.0,0.0,0.0,0.0,0.0,0.0,0.0,0.0,0.0,0.0,0.0,0.0,0.0,0.0,0.0,0.0,0.0,0.0,0.0,0.0,0.0,0.0,0.0,0.0,0.0,0.0,0.0,0.0,0.0,0.0,0.0,0.0,0.0,0.0,0.0,0.0,0.0,0.0,0.0,0.0,0.0,0.0,0.0,0.0,0.0,0.0,0.0,0.0,0.0,0.0,0.0,0.0,0.0,0.0,0.0,0.0,0.0,0.0,0.0,0.0,0.0,0.0,0.0,0.0,0.0,0.0,0.0,0.0,0.0,0.0,0.0,0.0,0.0,0.0,0.0,0.0,0.0,0.0,0.0,0.0,0.0,0.0,0.0,0.0,0.0,0.0,0.0,0.0,0.0,0.0
190,,,,,,,,,0.0,0.0,0.0,0.0,0.0,0.0,0.0,0.0,0.0,0.0,0.0,0.0,0.0,0.0,0.0,0.0,0.0,0.0,0.0,0.0,0.0,0.0,0.0,0.0,0.0,0.0,0.0,0.0,0.0,0.0,0.0,0.0,0.0,0.0,0.0,0.0,0.0,0.0,0.0,0.0,0.0,0.0,0.0,0.0,0.0,0.0,0.0,0.0,0.0,0.0,0.0,0.0,0.0,0.0,0.0,0.0,0.0,0.0,0.0,0.0,0.0,0.0,0.0,0.0,0.0,0.0,0.0,0.0,0.0,0.0,0.0,0.0,0.0,0.0,0.0,0.0,0.0,0.0,0.0,0.0,0.0,0.0,0.0,0.0,0.0,0.0,0.0,0.0,0.0,0.0,0.0,0.0,0.0,0.0,0.0,0.0,0.0,0.0,0.0,0.0,0.0,0.0,0.0,0.0,0.0,0.0,0.0,0.0,0.0,0.0,0.0,0.0,0.0,0.0,0.0,0.0,0.0,0.0,0.0,0.0,0.0,0.0,0.0,0.0,0.0,0.0,0.0,0.0,0.0,0.0,0.0,0.0,0.0,0.0,0.0,0.0,0.0,0.0,0.0,0.0,0.0,0.0,0.0,0.0,0.0
191,,,,,,,,,5.156002,4.052806,5.079439,3.234804,2.808238,2.526828,2.37655,2.312837,2.291657,2.283919,2.285153,2.285639,2.284047,2.283238,2.282854,2.282691,2.282568,2.282549,2.282527,2.282506,2.282473,2.282485,2.282502,2.282483,2.282487,2.282513,2.282517,2.282515,2.2825,2.282508,2.282522,2.282532,2.282498,2.28255,2.282537,2.282552,2.282537,2.282578,2.282562,2.28259,2.282547,2.282561,2.282592,2.282576,2.282574,2.282608,2.282611,2.282595,2.282585,2.2826,2.282619,2.282619,2.282573,2.282565,2.282567,2.282548,2.282558,2.282582,2.282566,2.282565,2.282563,2.282551,2.282559,2.282574,2.282551,2.28258,2.282587,2.282586,2.28256,2.282592,2.282589,2.282599,2.282567,2.282569,2.282572,2.282599,2.282554,2.282589,2.282606,2.282586,2.282557,2.282587,2.282597,2.282608,2.282593,2.282606,2.2826,2.282587,2.282563,2.282592,2.282618,2.282608,2.282593,2.282613,2.282607,2.282603,2.282583,2.282626,2.282631,2.282629,2.282604,2.282623,2.282638,2.282632,2.282616,2.282641,2.282612,2.282624,2.282607,2.282646,2.282632,2.282645,2.282594,2.282633,2.282624,2.282623,2.282612,2.282644,2.282643,2.282638,2.282608,2.282655,2.282654,2.282654,2.282616,2.282642,2.282645,2.282657,2.282618,2.282645,2.282639,2.282641,2.282605,2.282635,2.282644,2.282633,2.282612,2.282639,2.282654,2.282641,2.282637,2.282663,2.282667,2.282643,2.28262
192,,,,,,,,,5.162655,2.987804,3.065099,3.236162,2.811389,2.5298,2.379251,2.315313,2.293992,2.286238,2.28744,2.287924,2.286344,2.285525,2.285137,2.284942,2.284819,2.284791,2.284766,2.284743,2.284718,2.28473,2.284746,2.284726,2.284729,2.284754,2.284757,2.284755,2.284738,2.284745,2.284758,2.284767,2.284733,2.284784,2.28477,2.284784,2.284768,2.284808,2.284792,2.284818,2.284775,2.284788,2.284818,2.284801,2.284798,2.284832,2.284834,2.284817,2.284807,2.28482,2.284838,2.284838,2.284798,2.28482,2.284823,2.284803,2.284812,2.284836,2.284819,2.284817,2.284813,2.284801,2.284808,2.284821,2.284798,2.284826,2.284832,2.28483,2.284803,2.284835,2.284831,2.284839,2.284806,2.284808,2.28481,2.284836,2.284791,2.284824,2.28484,2.28482,2.28479,2.284818,2.284828,2.284838,2.284822,2.284834,2.284827,2.284813,2.284789,2.284817,2.284842,2.284832,2.284815,2.284835,2.284827,2.284823,2.284802,2.284845,2.284848,2.284846,2.28482,2.284838,2.284852,2.284846,2.284829,2.284853,2.284823,2.284834,2.284816,2.284855,2.28484,2.284852,2.284801,2.284839,2.284829,2.284827,2.284815,2.284847,2.284845,2.284839,2.284809,2.284855,2.284853,2.284853,2.284814,2.284839,2.284842,2.284853,2.284813,2.284839,2.284832,2.284834,2.284797,2.284826,2.284835,2.284822,2.284801,2.284827,2.284841,2.284828,2.284823,2.284849,2.284852,2.284827,2.284804
193,,,,,,,,,5.887219,5.784627,4.360065,3.56924,3.059565,2.747839,2.590825,2.52736,2.507304,2.500205,2.501243,2.501271,2.499604,2.498792,2.498447,2.498279,2.498183,2.49812,2.498036,2.498007,2.498006,2.49798,2.497928,2.497876,2.497895,2.497861,2.497824,2.49781,2.497806,2.497748,2.497745,2.497733,2.497746,2.497699,2.497685,2.497644,2.497646,2.497616,2.497542,2.497576,2.497586,2.497547,2.49752,2.497501,2.49749,2.497492,2.497442,2.497454,2.497439,2.497418,2.497375,2.497374,2.497371,2.49737,2.497314,2.497312,2.497315,2.497293,2.49727,2.497276,2.497268,2.497273,2.497229,2.49724,2.497223,2.497231,2.497193,2.497193,2.497189,2.49719,2.497128,2.497135,2.497146,2.497133,2.497103,2.4971,2.497122,2.497078,2.49705,2.497054,2.497049,2.497035,2.49703,2.497029,2.497037,2.497033,2.496996,2.496996,2.496999,2.496983,2.496947,2.496967,2.496996,2.496973,2.49696,2.496956,2.496938,2.496941,2.496904,2.496908,2.496916,2.496941,2.496895,2.49689,2.496906,2.4969,2.496842,2.496872,2.496892,2.496877,2.496832,2.496848,2.49686,2.496871,2.496843,2.49685,2.496828,2.496824,2.496803,2.496788,2.496821,2.496821,2.496797,2.496794,2.496803,2.496791,2.496789,2.496785,2.496786,2.496791,2.496738,2.496762,2.496777,2.496775,2.496728,2.496752,2.496737,2.496737,2.496697,2.496719,2.496723,2.496731,2.496713,2.496722,2.496719
194,,,,,,,,,4.669008,4.789181,3.303398,2.652538,2.249589,2.026382,1.920438,1.880443,1.867934,1.865594,1.866847,1.865258,1.863563,1.862949,1.862747,1.862684,1.862678,1.862683,1.862687,1.862698,1.862715,1.862734,1.862752,1.862773,1.862796,1.862819,1.86284,1.86286,1.862878,1.862896,1.862912,1.862928,1.862942,1.862956,1.862969,1.862982,1.862993,1.863004,1.863014,1.863025,1.863034,1.863043,1.863052,1.86306,1.863068,1.863076,1.863083,1.863091,1.863097,1.863104,1.863111,1.863117,1.863122,1.863129,1.863135,1.863141,1.863145,1.863149,1.863153,1.863159,1.863165,1.86317,1.863174,1.863179,1.863182,1.863187,1.863191,1.863195,1.863198,1.863203,1.863206,1.86321,1.863213,1.863216,1.863219,1.863223,1.863225,1.863229,1.863232,1.863234,1.863237,1.86324,1.863243,1.863246,1.863248,1.863251,1.863253,1.863256,1.863258,1.863261,1.863264,1.863265,1.863267,1.86327,1.863272,1.863274,1.863275,1.863279,1.863281,1.863283,1.863284,1.863287,1.863289,1.86329,1.863292,1.863294,1.863295,1.863297,1.863298,1.863301,1.863302,1.863304,1.863305,1.863307,1.863309,1.863311,1.863311,1.863313,1.863315,1.863316,1.863317,1.863319,1.863321,1.863322,1.863322,1.863325,1.863326,1.863328,1.863328,1.863329,1.86333,1.863333,1.863333,1.863334,1.863335,1.863337,1.863338,1.863339,1.86334,1.863341,1.863342,1.863344,1.863344,1.863346,1.863346
195,,,,,,,,,5.193215,4.292868,3.631564,2.939259,2.463175,2.161307,2.003727,1.937725,1.915884,1.907945,1.90932,1.909863,1.908311,1.907516,1.907157,1.906991,1.9069,1.90689,1.906869,1.906847,1.906819,1.906833,1.906852,1.906833,1.906837,1.906865,1.90687,1.906869,1.906854,1.906863,1.906877,1.906887,1.906852,1.906908,1.906893,1.906911,1.906895,1.906938,1.906923,1.906951,1.906906,1.906922,1.906954,1.906937,1.906936,1.906971,1.906975,1.906958,1.906948,1.906963,1.906984,1.906984,1.906932,1.90693,1.906927,1.906906,1.906918,1.906943,1.906926,1.906925,1.906924,1.90691,1.90692,1.906934,1.906911,1.906941,1.90695,1.906948,1.906922,1.906955,1.906953,1.906962,1.906929,1.906931,1.906935,1.906963,1.906916,1.906953,1.906971,1.90695,1.90692,1.906951,1.906962,1.906973,1.906957,1.906971,1.906965,1.906951,1.906927,1.906956,1.906985,1.906974,1.906958,1.906979,1.906972,1.906969,1.906949,1.906994,1.906999,1.906997,1.90697,1.906989,1.907006,1.907,1.906984,1.907009,1.90698,1.906992,1.906974,1.907015,1.907001,1.907014,1.906961,1.907001,1.906992,1.906991,1.90698,1.907014,1.907013,1.907007,1.906976,1.907025,1.907024,1.907025,1.906985,1.907012,1.907015,1.907028,1.906988,1.907015,1.90701,1.907011,1.906974,1.907004,1.907015,1.907002,1.906982,1.90701,1.907026,1.907012,1.907008,1.907035,1.907039,1.907013,1.90699
196,,,,,,,,,5.200204,4.297387,3.633894,2.94096,2.464827,2.162763,2.005079,1.939027,1.917166,1.909218,1.910591,1.911131,1.909578,1.90878,1.908418,1.908224,1.908133,1.908121,1.908099,1.908076,1.908052,1.908064,1.908082,1.908062,1.908066,1.908093,1.908097,1.908095,1.908079,1.908086,1.9081,1.908109,1.908073,1.908128,1.908112,1.908129,1.908112,1.908154,1.908138,1.908165,1.90812,1.908134,1.908165,1.908148,1.908146,1.90818,1.908183,1.908165,1.908154,1.908169,1.908188,1.908187,1.90815,1.908173,1.908172,1.90815,1.908161,1.908185,1.908167,1.908165,1.908163,1.908148,1.908157,1.90817,1.908146,1.908175,1.908182,1.908179,1.908153,1.908185,1.908181,1.90819,1.908156,1.908157,1.90816,1.908187,1.908139,1.908175,1.908192,1.90817,1.908139,1.908169,1.908179,1.908189,1.908172,1.908185,1.908178,1.908164,1.908139,1.908167,1.908194,1.908183,1.908165,1.908186,1.908178,1.908174,1.908153,1.908197,1.908201,1.908198,1.908171,1.908189,1.908205,1.908198,1.90818,1.908205,1.908175,1.908186,1.908167,1.908207,1.908193,1.908205,1.908151,1.90819,1.90818,1.908178,1.908166,1.908199,1.908198,1.908191,1.908159,1.908207,1.908206,1.908205,1.908165,1.908191,1.908194,1.908205,1.908164,1.908191,1.908184,1.908185,1.908147,1.908177,1.908187,1.908173,1.908152,1.908179,1.908194,1.90818,1.908175,1.908201,1.908205,1.908177,1.908154
197,,,,,,,,,5.733228,5.634109,4.221123,3.436026,2.930336,2.621572,2.466308,2.40365,2.383865,2.376903,2.377922,2.377922,2.376263,2.37546,2.375117,2.37495,2.374852,2.374789,2.374704,2.374674,2.374669,2.374643,2.374589,2.374537,2.374553,2.37452,2.374481,2.374465,2.374458,2.374402,2.374397,2.374385,2.374395,2.374349,2.374333,2.374292,2.374292,2.374262,2.374188,2.374221,2.374228,2.374189,2.374162,2.374143,2.37413,2.374132,2.374082,2.374093,2.374076,2.374056,2.374013,2.374012,2.374005,2.374005,2.37395,2.373947,2.373948,2.373927,2.373904,2.37391,2.3739,2.373905,2.37386,2.373872,2.373852,2.373862,2.373823,2.373824,2.373817,2.373819,2.373756,2.373765,2.373773,2.373761,2.373731,2.373729,2.373747,2.373705,2.373677,2.373681,2.373674,2.373661,2.373655,2.373655,2.373661,2.373657,2.37362,2.373621,2.373621,2.373607,2.373571,2.373591,2.373618,2.373596,2.373582,2.373578,2.373559,2.373564,2.373527,2.37353,2.373537,2.373562,2.373517,2.373512,2.373526,2.373521,2.373463,2.373493,2.373511,2.373498,2.373453,2.373469,2.373478,2.37349,2.373462,2.37347,2.373446,2.373443,2.373423,2.373408,2.373439,2.37344,2.373416,2.373414,2.373419,2.37341,2.373407,2.373404,2.373402,2.373409,2.373356,2.37338,2.373393,2.373392,2.373346,2.373369,2.373353,2.373354,2.373315,2.373335,2.373339,2.373348,2.37333,2.373338,2.373334
198,,,,,,,,,4.482302,4.580807,3.140396,2.499195,2.101361,1.881662,1.778024,1.73932,1.72739,1.725274,1.726626,1.725031,1.723325,1.72272,1.722527,1.722469,1.722467,1.722474,1.722481,1.722494,1.722512,1.722532,1.722552,1.722575,1.722599,1.722623,1.722645,1.722666,1.722685,1.722704,1.722721,1.722738,1.722753,1.722768,1.722781,1.722794,1.722806,1.722819,1.722829,1.72284,1.72285,1.72286,1.72287,1.722878,1.722886,1.722895,1.722903,1.722911,1.722918,1.722925,1.722932,1.722939,1.722945,1.722952,1.722959,1.722965,1.722969,1.722974,1.722978,1.722984,1.722991,1.722996,1.723001,1.723006,1.72301,1.723015,1.723019,1.723023,1.723026,1.723032,1.723035,1.723039,1.723042,1.723046,1.723049,1.723054,1.723056,1.72306,1.723063,1.723066,1.723069,1.723072,1.723075,1.723079,1.723081,1.723084,1.723086,1.723089,1.723091,1.723095,1.723098,1.7231,1.723102,1.723104,1.723107,1.723109,1.72311,1.723114,1.723116,1.723118,1.72312,1.723123,1.723125,1.723126,1.723128,1.72313,1.723132,1.723134,1.723135,1.723138,1.723139,1.723141,1.723143,1.723145,1.723147,1.723149,1.723149,1.723151,1.723153,1.723155,1.723155,1.723158,1.723159,1.723161,1.723161,1.723164,1.723165,1.723167,1.723167,1.723169,1.72317,1.723173,1.723173,1.723174,1.723175,1.723177,1.723178,1.723179,1.723181,1.723182,1.723183,1.723185,1.723185,1.723187,1.723187
199,,,,,,,,,72.8478,62.08825,52.53959,42.51971,35.63394,31.26864,28.99122,28.03815,27.72281,27.60839,27.62887,27.63696,27.61508,27.60382,27.59885,27.59607,27.59498,27.59489,27.59459,27.59426,27.59393,27.59411,27.59438,27.59409,27.59414,27.59454,27.59461,27.59458,27.59435,27.59446,27.59466,27.5948,27.59427,27.59507,27.59485,27.59509,27.59485,27.59547,27.59524,27.59563,27.59497,27.59518,27.59564,27.59538,27.59535,27.59585,27.5959,27.59563,27.59548,27.59569,27.59598,27.59596,27.5955,27.5958,27.59575,27.59543,27.59559,27.59594,27.59569,27.59565,27.59562,27.59541,27.59554,27.59573,27.59538,27.5958,27.59591,27.59587,27.59548,27.59595,27.5959,27.59602,27.59553,27.59555,27.59559,27.59598,27.59529,27.5958,27.59606,27.59574,27.59529,27.59573,27.59587,27.59602,27.59578,27.59596,27.59587,27.59565,27.59529,27.5957,27.59609,27.59593,27.59568,27.59597,27.59586,27.5958,27.5955,27.59613,27.5962,27.59615,27.59576,27.59602,27.59625,27.59615,27.5959,27.59626,27.59582,27.59597,27.5957,27.59629,27.59608,27.59625,27.59547,27.59604,27.5959,27.59586,27.5957,27.59617,27.59616,27.59606,27.5956,27.59629,27.59627,27.59626,27.59568,27.59605,27.59609,27.59626,27.59567,27.59605,27.59596,27.59597,27.59542,27.59585,27.596,27.5958,27.59549,27.59588,27.5961,27.59589,27.59582,27.59621,27.59626,27.59586,27.59552
200,,,,,,,,,72.8478,62.07549,52.5302,42.50993,35.62738,31.26418,28.9887,28.03704,27.72254,27.60815,27.62883,27.63689,27.61498,27.60376,27.59879,27.59603,27.59494,27.59489,27.59459,27.59426,27.59393,27.59411,27.59438,27.59409,27.59414,27.59454,27.5946,27.59458,27.59435,27.59446,27.59466,27.5948,27.59427,27.59507,27.59485,27.59509,27.59485,27.59547,27.59524,27.59563,27.59497,27.59518,27.59563,27.59538,27.59535,27.59585,27.5959,27.59563,27.59548,27.59569,27.59598,27.59596,27.59545,27.5958,27.59575,27.59543,27.59559,27.59594,27.59568,27.59565,27.59562,27.59541,27.59554,27.59573,27.59538,27.5958,27.59591,27.59587,27.59548,27.59595,27.5959,27.59602,27.59553,27.59555,27.59558,27.59598,27.59529,27.5958,27.59606,27.59573,27.59529,27.59572,27.59587,27.59602,27.59577,27.59596,27.59586,27.59565,27.59528,27.59569,27.59609,27.59593,27.59568,27.59597,27.59586,27.59579,27.5955,27.59613,27.59619,27.59615,27.59575,27.59602,27.59625,27.59615,27.5959,27.59625,27.59582,27.59597,27.5957,27.59629,27.59608,27.59625,27.59547,27.59604,27.5959,27.59586,27.59569,27.59617,27.59615,27.59606,27.5956,27.59629,27.59627,27.59626,27.59568,27.59605,27.59609,27.59626,27.59567,27.59605,27.59596,27.59597,27.59542,27.59585,27.596,27.5958,27.59549,27.59588,27.5961,27.59589,27.59582,27.59621,27.59626,27.59586,27.59552
201,,,,,,,,,72.8478,60.9107,50.50984,42.48305,36.15438,31.93942,29.68916,28.77976,28.45446,28.3173,28.38926,28.42086,28.40579,28.39681,28.39264,28.39068,28.38995,28.38998,28.38959,28.38979,28.39028,28.39057,28.39035,28.39011,28.39067,28.39068,28.39059,28.39081,28.39105,28.39074,28.39103,28.39125,28.39174,28.39152,28.39158,28.39145,28.39168,28.39168,28.39101,28.39175,28.39207,28.39187,28.3918,28.39183,28.39193,28.3922,28.39177,28.39217,28.39219,28.39215,28.39183,28.392,28.39213,28.3924,28.39192,28.39204,28.39222,28.39216,28.39204,28.39224,28.3923,28.39253,28.39211,28.39246,28.39234,28.39264,28.39225,28.39248,28.39247,28.3927,28.39201,28.39229,28.39248,28.3925,28.39218,28.39234,28.39268,28.39227,28.39208,28.39221,28.39223,28.39216,28.39221,28.39232,28.39247,28.39254,28.39217,28.39225,28.39235,28.39229,28.39196,28.39229,28.39269,28.39253,28.39245,28.3925,28.39227,28.3925,28.39211,28.39226,28.39242,28.39283,28.39234,28.39229,28.39258,28.39264,28.39193,28.3924,28.39265,28.39263,28.39206,28.39238,28.39255,28.39278,28.3925,28.39266,28.39241,28.39244,28.39225,28.39219,28.39257,28.39268,28.39239,28.39247,28.39253,28.39249,28.39247,28.39253,28.39251,28.39271,28.39206,28.39243,28.39267,28.39271,28.39213,28.3925,28.39232,28.39241,28.392,28.39228,28.39237,28.39259,28.39238,28.3925,28.39244
202,,,,,,,,,72.8478,46.81909,48.46457,41.05451,36.15447,32.43266,30.19314,29.05158,28.58904,28.42348,28.32958,28.36417,28.39609,28.39795,28.39523,28.39326,28.39191,28.39138,28.39132,28.3914,28.39139,28.39151,28.39165,28.39173,28.39177,28.39186,28.39192,28.39201,28.39207,28.39214,28.3922,28.39226,28.3923,28.39238,28.39241,28.39245,28.39248,28.39252,28.39256,28.3926,28.39259,28.39264,28.39265,28.39268,28.39269,28.39272,28.39272,28.39274,28.39276,28.39279,28.39278,28.3928,28.39277,28.39282,28.39282,28.39284,28.39284,28.39287,28.39288,28.39288,28.39285,28.39286,28.39287,28.39289,28.39287,28.39291,28.39288,28.3929,28.39291,28.3929,28.39291,28.39293,28.39291,28.39292,28.39292,28.39292,28.39291,28.39295,28.39293,28.39295,28.39293,28.39294,28.39294,28.39295,28.39293,28.39294,28.39294,28.39295,28.39293,28.39295,28.39293,28.39296,28.39295,28.39296,28.39294,28.39296,28.39295,28.39296,28.39295,28.39298,28.39296,28.39297,28.39298,28.39298,28.39295,28.39298,28.39297,28.39298,28.39295,28.39297,28.39298,28.39297,28.39297,28.39299,28.39297,28.39297,28.39298,28.39299,28.39298,28.39297,28.39299,28.39299,28.39298,28.39297,28.39297,28.39298,28.39297,28.39298,28.39296,28.39299,28.39297,28.39298,28.39296,28.393,28.39298,28.39298,28.39296,28.39298,28.39298,28.393,28.39296,28.39298,28.39301,28.39298,28.39296
203,,,,,,,,,67.56858,58.14312,49.24623,39.8513,33.39908,29.31,27.17852,26.28761,25.99257,25.88624,25.90648,25.91466,25.89534,25.88532,25.88116,25.87855,25.87804,25.87808,25.87783,25.87754,25.87723,25.87742,25.87769,25.87743,25.87748,25.87787,25.87794,25.87792,25.8777,25.87782,25.87801,25.87814,25.87765,25.87842,25.87821,25.87844,25.87821,25.87881,25.87859,25.87896,25.87834,25.87854,25.87898,25.87873,25.87871,25.87919,25.87923,25.87898,25.87884,25.87904,25.87931,25.8793,25.87893,25.87921,25.87909,25.87879,25.87894,25.87928,25.87904,25.87901,25.87898,25.87878,25.87891,25.87909,25.87876,25.87916,25.87926,25.87922,25.87886,25.8793,25.87926,25.87938,25.8789,25.87892,25.87896,25.87933,25.87868,25.87917,25.87941,25.87911,25.87868,25.8791,25.87924,25.87938,25.87915,25.87932,25.87923,25.87903,25.87868,25.87907,25.87945,25.87929,25.87905,25.87934,25.87923,25.87917,25.87889,25.87949,25.87955,25.87951,25.87913,25.87938,25.8796,25.87951,25.87927,25.87961,25.87919,25.87934,25.87908,25.87964,25.87944,25.87961,25.87887,25.8794,25.87927,25.87923,25.87908,25.87953,25.87952,25.87942,25.87898,25.87964,25.87963,25.87962,25.87906,25.87942,25.87946,25.87962,25.87905,25.87942,25.87934,25.87934,25.87882,25.87923,25.87937,25.87918,25.87889,25.87926,25.87947,25.87927,25.8792,25.87957,25.87962,25.87924,25.87892
204,,,,,,,,,67.56858,58.12913,49.21893,39.82299,33.37999,29.29702,27.1712,26.28436,25.99179,25.88556,25.9064,25.91446,25.89506,25.88513,25.881,25.87844,25.87793,25.87807,25.87782,25.87753,25.87724,25.87742,25.87769,25.87742,25.87748,25.87787,25.87793,25.87791,25.8777,25.87782,25.87801,25.87814,25.87765,25.87841,25.87821,25.87844,25.87821,25.8788,25.87859,25.87896,25.87834,25.87854,25.87897,25.87873,25.87871,25.87919,25.87923,25.87898,25.87884,25.87904,25.87931,25.8793,25.87887,25.8792,25.8791,25.87879,25.87894,25.87928,25.87904,25.87901,25.87898,25.87878,25.8789,25.87909,25.87876,25.87916,25.87926,25.87922,25.87885,25.8793,25.87926,25.87937,25.8789,25.87893,25.87896,25.87933,25.87868,25.87917,25.87941,25.8791,25.87868,25.8791,25.87924,25.87937,25.87915,25.87932,25.87923,25.87902,25.87868,25.87907,25.87945,25.87929,25.87905,25.87934,25.87923,25.87917,25.87888,25.87949,25.87955,25.87951,25.87913,25.87938,25.8796,25.87951,25.87927,25.87961,25.87919,25.87934,25.87908,25.87964,25.87944,25.87961,25.87887,25.8794,25.87927,25.87923,25.87908,25.87953,25.87951,25.87942,25.87898,25.87964,25.87963,25.87962,25.87906,25.87941,25.87946,25.87961,25.87905,25.87942,25.87933,25.87934,25.87881,25.87923,25.87937,25.87918,25.87889,25.87926,25.87947,25.87927,25.8792,25.87957,25.87962,25.87924,25.87892
205,,,,,,,,,67.56858,55.07863,46.29434,39.05219,33.07295,29.11828,26.97037,26.14078,25.81318,25.67163,25.82174,25.8867,25.88256,25.8778,25.87517,25.87396,25.87409,25.87486,25.875,25.87549,25.87621,25.87668,25.87654,25.87635,25.87688,25.87689,25.8768,25.877,25.87723,25.87694,25.87722,25.87742,25.87787,25.87768,25.87773,25.87762,25.87784,25.87784,25.87722,25.87791,25.87821,25.87803,25.87797,25.87798,25.87807,25.87834,25.87794,25.8783,25.87832,25.8783,25.878,25.87817,25.87827,25.87852,25.87807,25.8782,25.8784,25.87836,25.8782,25.87838,25.87842,25.87864,25.87826,25.87859,25.87846,25.87875,25.87839,25.8786,25.8786,25.87881,25.87818,25.87845,25.87861,25.87864,25.87834,25.87849,25.87879,25.87843,25.87825,25.87837,25.87838,25.87832,25.87837,25.87848,25.8786,25.87868,25.87833,25.87841,25.87849,25.87845,25.87814,25.87844,25.87881,25.87867,25.87859,25.87864,25.87842,25.87865,25.87829,25.87842,25.87856,25.87895,25.87851,25.87846,25.87871,25.87876,25.87811,25.87856,25.87877,25.87876,25.87823,25.87852,25.87869,25.87891,25.87864,25.87879,25.87855,25.87859,25.87842,25.87835,25.87871,25.87881,25.87855,25.87861,25.87867,25.87865,25.87862,25.87868,25.87865,25.87884,25.87824,25.87859,25.87879,25.87883,25.87831,25.87865,25.87848,25.87857,25.87819,25.87845,25.87852,25.87873,25.87854,25.87865,25.87859
206,,,,,,,,,67.56858,40.45226,44.29517,37.65014,33.21389,29.67872,27.52917,26.40261,25.96358,25.79449,25.6797,25.78281,25.85888,25.87393,25.87582,25.87556,25.87497,25.87524,25.87596,25.87659,25.8769,25.87729,25.87765,25.87781,25.87788,25.87797,25.87802,25.87811,25.87816,25.87823,25.87829,25.87835,25.87839,25.87847,25.8785,25.87854,25.87857,25.87861,25.87865,25.87868,25.87869,25.87873,25.87875,25.87877,25.87878,25.87881,25.87882,25.87884,25.87885,25.87888,25.87887,25.8789,25.87887,25.87891,25.87891,25.87894,25.87895,25.879,25.87902,25.87899,25.87894,25.87895,25.87896,25.87898,25.87897,25.879,25.87898,25.87899,25.879,25.87901,25.87901,25.87903,25.87901,25.87903,25.87903,25.87903,25.87902,25.87905,25.87904,25.87905,25.87903,25.87905,25.87905,25.87906,25.87904,25.87905,25.87905,25.87906,25.87904,25.87906,25.87905,25.87907,25.87906,25.87907,25.87906,25.87907,25.87906,25.87907,25.87907,25.87909,25.87907,25.87908,25.87909,25.87909,25.87906,25.87909,25.87908,25.87909,25.87907,25.87908,25.87909,25.87908,25.87908,25.8791,25.87908,25.87908,25.87909,25.8791,25.87909,25.87909,25.8791,25.8791,25.87909,25.87909,25.87909,25.8791,25.87908,25.8791,25.87907,25.8791,25.87908,25.8791,25.87908,25.87911,25.87909,25.8791,25.87907,25.87909,25.87909,25.87911,25.87908,25.87909,25.87911,25.87909,25.87908
207,,,,,,,,,19.78769,10.9384,10.77438,10.78702,10.78018,10.76675,10.74725,10.73153,10.72771,10.72181,10.71532,10.71165,10.70414,10.70086,10.69768,10.69768,10.69453,10.69374,10.69359,10.69348,10.6934,10.6933,10.69319,10.69318,10.69312,10.69304,10.69299,10.69295,10.69294,10.69289,10.69285,10.69281,10.69283,10.69274,10.69274,10.69269,10.69269,10.69263,10.69262,10.69258,10.69262,10.69259,10.69254,10.69255,10.69253,10.69248,10.69247,10.69248,10.69248,10.69246,10.69242,10.69242,10.69202,10.69202,10.6925,10.69251,10.69248,10.69243,10.69244,10.69243,10.69242,10.69243,10.69241,10.69239,10.69241,10.69237,10.69235,10.69235,10.69237,10.69233,10.69233,10.69231,10.69235,10.69235,10.69234,10.6923,10.69235,10.69231,10.69228,10.69231,10.69234,10.6923,10.69229,10.69227,10.69229,10.69227,10.69228,10.69229,10.69232,10.69229,10.69225,10.69226,10.69228,10.69226,10.69226,10.69227,10.69228,10.69224,10.69223,10.69223,10.69226,10.69224,10.69222,10.69223,10.69224,10.69222,10.69224,10.69224,10.69226,10.69221,10.69222,10.69221,10.69227,10.69223,10.69223,10.69224,10.69225,10.69221,10.69221,10.69222,10.69225,10.6922,10.6922,10.6922,10.69224,10.69221,10.69221,10.69219,10.69224,10.69221,10.69221,10.69222,10.69226,10.69222,10.69221,10.69223,10.69225,10.69222,10.6922,10.69221,10.69222,10.69219,10.69219,10.69222,10.69224
208,,,,,,,,,19.78769,10.99436,10.83504,10.8645,10.84267,10.81517,10.7767,10.74506,10.73097,10.72466,10.71563,10.71249,10.70533,10.70164,10.69838,10.69814,10.69497,10.69381,10.69362,10.69351,10.69337,10.69332,10.69321,10.69318,10.69313,10.69305,10.693,10.69296,10.69294,10.6929,10.69286,10.69282,10.69284,10.69275,10.69274,10.6927,10.6927,10.69263,10.69263,10.69258,10.69262,10.69259,10.69254,10.69255,10.69254,10.69249,10.69247,10.69249,10.69248,10.69246,10.69242,10.69242,10.69208,10.69205,10.69247,10.69252,10.69248,10.69244,10.69244,10.69243,10.69242,10.69243,10.69241,10.69239,10.69241,10.69237,10.69235,10.69235,10.69237,10.69233,10.69233,10.69231,10.69235,10.69235,10.69234,10.6923,10.69235,10.69231,10.69228,10.69231,10.69234,10.6923,10.69229,10.69227,10.69229,10.69227,10.69228,10.69229,10.69232,10.69229,10.69225,10.69226,10.69228,10.69226,10.69226,10.69227,10.69228,10.69223,10.69223,10.69223,10.69226,10.69224,10.69222,10.69223,10.69224,10.69221,10.69224,10.69223,10.69226,10.69221,10.69222,10.69221,10.69227,10.69223,10.69223,10.69224,10.69225,10.69221,10.69221,10.69221,10.69225,10.6922,10.6922,10.6922,10.69224,10.69221,10.69221,10.6922,10.69224,10.69221,10.69221,10.69222,10.69226,10.69222,10.69221,10.69223,10.69225,10.69222,10.6922,10.69221,10.69222,10.69219,10.69218,10.69222,10.69224
209,,,,,,,,,19.78769,43.71573,30.56286,27.30535,28.75262,31.27602,33.52234,34.42473,34.99707,35.31512,34.75956,34.49658,34.45125,34.44327,34.44421,34.4458,34.44451,34.44145,34.43982,34.43892,34.43813,34.43717,34.43744,34.43788,34.43837,34.4385,34.43885,34.43889,34.43931,34.43939,34.43952,34.43953,34.43944,34.43942,34.43989,34.43958,34.44001,34.4397,34.44009,34.43974,34.43991,34.43993,34.43993,34.43994,34.43993,34.43982,34.44013,34.43997,34.43992,34.43997,34.44005,34.44011,34.44012,34.43968,34.43974,34.43983,34.43982,34.4397,34.43991,34.44013,34.44012,34.44,34.44026,34.43987,34.44016,34.43991,34.44029,34.43982,34.4402,34.43979,34.44016,34.43987,34.4401,34.43985,34.44029,34.4399,34.43997,34.44004,34.4399,34.43997,34.44008,34.44017,34.44008,34.43996,34.4402,34.44005,34.44021,34.44027,34.44033,34.44021,34.44018,34.44016,34.4402,34.44009,34.44011,34.44004,34.44052,34.43996,34.44009,34.43999,34.44,34.43976,34.43986,34.4402,34.44004,34.43978,34.44021,34.43992,34.44018,34.43978,34.4403,34.43998,34.44004,34.43987,34.43993,34.43991,34.44009,34.44002,34.44002,34.43975,34.43997,34.43976,34.44008,34.43982,34.4402,34.43998,34.44023,34.44,34.44035,34.43993,34.44028,34.44008,34.43999,34.43996,34.4403,34.4401,34.4403,34.44009,34.44006,34.44014,34.44017,34.43977,34.43999,34.44008,34.44039
210,,,,,,,,,19.78769,87.81637,33.29674,29.86791,27.47157,28.82409,31.17248,33.29927,34.35755,34.90014,35.30329,34.86036,34.53073,34.45742,34.44473,34.4438,34.44547,34.44439,34.44171,34.43972,34.43897,34.43802,34.43725,34.4373,34.43767,34.438,34.43833,34.43853,34.43874,34.43891,34.43903,34.43918,34.43924,34.43927,34.43934,34.43947,34.43946,34.43955,34.43951,34.43958,34.43965,34.43961,34.43969,34.43967,34.43966,34.43969,34.43976,34.43975,34.43976,34.43971,34.43981,34.43978,34.43987,34.43978,34.43984,34.43977,34.4397,34.43956,34.4395,34.43967,34.43991,34.43993,34.43988,34.43991,34.43991,34.43984,34.43992,34.43992,34.43983,34.43993,34.43987,34.43987,34.43991,34.43988,34.43986,34.43994,34.43989,34.43983,34.43991,34.43984,34.4399,34.43987,34.43985,34.43989,34.43991,34.4399,34.4399,34.43986,34.4399,34.4399,34.43997,34.43987,34.43987,34.4399,34.43992,34.43985,34.43987,34.43992,34.43994,34.43984,34.43989,34.43991,34.43988,34.43987,34.43994,34.43988,34.43986,34.43989,34.43991,34.43991,34.43984,34.43992,34.43987,34.43986,34.43993,34.43994,34.43987,34.43987,34.43991,34.43992,34.4398,34.4399,34.4399,34.43995,34.43986,34.43989,34.43994,34.43993,34.43992,34.43984,34.43993,34.43993,34.43991,34.4398,34.4399,34.43993,34.43996,34.43991,34.43991,34.43984,34.43996,34.43993,34.43982,34.43993,34.43993
211,,,,,,,,,4.648669,3.943898,3.293357,2.668407,2.234861,1.95864,1.812697,1.750544,1.73024,1.722152,1.722386,1.722303,1.719733,1.718505,1.717685,1.717513,1.716939,1.716807,1.716764,1.716726,1.716692,1.716688,1.716688,1.716668,1.716662,1.716674,1.716669,1.716661,1.716644,1.716645,1.71665,1.716652,1.716622,1.716658,1.716644,1.716651,1.716636,1.716664,1.71665,1.716667,1.716632,1.71664,1.71666,1.716646,1.716642,1.716665,1.716666,1.716651,1.716642,1.716651,1.716663,1.716661,1.716568,1.716588,1.716662,1.716644,1.716648,1.716663,1.716648,1.716644,1.71664,1.716629,1.716633,1.716642,1.716623,1.716643,1.716647,1.716644,1.716624,1.716647,1.716643,1.716649,1.716623,1.716624,1.716625,1.716644,1.716609,1.716634,1.716646,1.716629,1.716607,1.716628,1.716635,1.716642,1.716629,1.716638,1.716633,1.716622,1.716603,1.716624,1.716643,1.716634,1.716622,1.716636,1.71663,1.716627,1.716611,1.716643,1.716645,1.716643,1.716623,1.716637,1.716647,1.716642,1.71663,1.716647,1.716625,1.716633,1.716619,1.716648,1.716637,1.716646,1.716607,1.716636,1.716628,1.716627,1.716617,1.716641,1.71664,1.716635,1.716612,1.716647,1.716645,1.716645,1.716615,1.716634,1.716636,1.716644,1.716614,1.716634,1.716628,1.71663,1.716602,1.716623,1.71663,1.716621,1.716605,1.716624,1.716635,1.716625,1.716621,1.71664,1.716643,1.716623,1.716606
212,,,,,,,,,4.648669,3.941401,3.311258,2.686941,2.247391,1.967161,1.817503,1.75268,1.730748,1.722595,1.722434,1.722433,1.719918,1.718626,1.717795,1.717584,1.717006,1.716818,1.716768,1.716731,1.716687,1.716691,1.71669,1.716668,1.716663,1.716675,1.71667,1.716663,1.716645,1.716645,1.716651,1.716653,1.716623,1.716659,1.716644,1.716652,1.716637,1.716664,1.71665,1.716667,1.716632,1.71664,1.716661,1.716646,1.716642,1.716665,1.716666,1.716652,1.716642,1.716651,1.716663,1.716662,1.716576,1.716592,1.716657,1.716645,1.716648,1.716663,1.716648,1.716644,1.71664,1.716629,1.716633,1.716642,1.716623,1.716644,1.716647,1.716645,1.716624,1.716647,1.716643,1.716648,1.716623,1.716624,1.716625,1.716644,1.716609,1.716634,1.716645,1.716629,1.716607,1.716628,1.716634,1.716642,1.716629,1.716638,1.716633,1.716622,1.716603,1.716624,1.716642,1.716634,1.716622,1.716636,1.71663,1.716627,1.716611,1.716643,1.716645,1.716643,1.716623,1.716637,1.716647,1.716642,1.716629,1.716647,1.716624,1.716633,1.716619,1.716648,1.716637,1.716646,1.716607,1.716635,1.716628,1.716627,1.716617,1.716641,1.716639,1.716635,1.716612,1.716646,1.716645,1.716644,1.716615,1.716634,1.716636,1.716644,1.716614,1.716634,1.716628,1.71663,1.716602,1.716623,1.71663,1.716621,1.716605,1.716624,1.716634,1.716624,1.71662,1.71664,1.716642,1.716623,1.716606
213,,,,,,,,,4.256766,3.549187,2.9931,2.555795,2.307198,2.064039,1.955699,1.871528,1.869285,1.869879,1.795214,1.764189,1.753759,1.74956,1.747949,1.747113,1.74619,1.745435,1.744904,1.744602,1.744328,1.744148,1.74405,1.743989,1.74399,1.743992,1.743978,1.743991,1.743987,1.743965,1.743961,1.743974,1.744013,1.743986,1.743968,1.743962,1.743957,1.743966,1.743916,1.743954,1.743959,1.743953,1.743941,1.743955,1.743969,1.743966,1.74393,1.743961,1.743973,1.743952,1.74393,1.743934,1.743957,1.743978,1.743955,1.743937,1.743916,1.743907,1.743938,1.743946,1.743965,1.743975,1.74394,1.743961,1.743958,1.743974,1.743937,1.743967,1.74396,1.743974,1.743924,1.743943,1.743951,1.743954,1.743926,1.743946,1.743968,1.743927,1.743927,1.743938,1.743939,1.743927,1.743925,1.743931,1.743948,1.743947,1.743921,1.743921,1.743935,1.743919,1.743905,1.743935,1.74395,1.743934,1.743941,1.743943,1.743915,1.743929,1.743918,1.743931,1.74394,1.743961,1.743928,1.743911,1.743947,1.743963,1.743909,1.743928,1.743949,1.743957,1.743909,1.743941,1.743947,1.743948,1.743937,1.743948,1.743935,1.743932,1.743921,1.743933,1.743947,1.743951,1.743922,1.743946,1.743938,1.743927,1.743922,1.74393,1.743931,1.743947,1.743905,1.743924,1.743963,1.743953,1.743902,1.74393,1.743923,1.743926,1.743907,1.74392,1.743929,1.74395,1.743925,1.743931,1.743932
214,,,,,,,,,3.960949,2.492815,2.677356,2.298175,2.067642,1.93989,1.840942,1.799054,1.75843,1.752404,1.76656,1.7035,1.663989,1.65174,1.647187,1.645432,1.644591,1.643761,1.642996,1.642463,1.642126,1.641852,1.64164,1.641547,1.641502,1.641486,1.641485,1.641484,1.641477,1.641474,1.641471,1.641463,1.641465,1.641463,1.641459,1.641456,1.641453,1.641452,1.641454,1.641453,1.641443,1.641448,1.641445,1.641445,1.641446,1.641445,1.64144,1.641441,1.641442,1.641444,1.641436,1.641442,1.641432,1.641444,1.641439,1.641438,1.64143,1.641404,1.641399,1.641426,1.641435,1.641443,1.641445,1.641442,1.641439,1.641444,1.641435,1.641436,1.641442,1.641432,1.641439,1.641436,1.641433,1.641434,1.641436,1.64143,1.641433,1.641438,1.641431,1.641438,1.641432,1.641432,1.641434,1.641431,1.641432,1.641434,1.641429,1.641432,1.641431,1.641431,1.641424,1.641435,1.641434,1.641434,1.641429,1.641435,1.641432,1.641432,1.641428,1.641438,1.641432,1.641432,1.641432,1.641433,1.64143,1.641435,1.641433,1.641434,1.641429,1.641433,1.641436,1.641431,1.641436,1.641435,1.641431,1.64143,1.641436,1.641436,1.641431,1.641432,1.64144,1.641433,1.641432,1.641431,1.641436,1.641431,1.641432,1.641431,1.641433,1.641438,1.641434,1.641431,1.641431,1.641443,1.641434,1.641432,1.64143,1.641433,1.641436,1.64144,1.641431,1.641433,1.641442,1.641433,1.64143
215,,,,,,,,,67.56858,58.14312,49.24623,39.8513,33.39908,29.31,27.17852,26.28761,25.99257,25.88624,25.90648,25.91466,25.89534,25.88532,25.88116,25.87855,25.87804,25.87808,25.87783,25.87754,25.87723,25.87742,25.87769,25.87743,25.87748,25.87787,25.87794,25.87792,25.8777,25.87782,25.87801,25.87814,25.87765,25.87842,25.87821,25.87844,25.87821,25.87881,25.87859,25.87896,25.87834,25.87854,25.87898,25.87873,25.87871,25.87919,25.87923,25.87898,25.87884,25.87904,25.87931,25.8793,25.87893,25.87921,25.87909,25.87879,25.87894,25.87928,25.87904,25.87901,25.87898,25.87878,25.87891,25.87909,25.87876,25.87916,25.87926,25.87922,25.87886,25.8793,25.87926,25.87938,25.8789,25.87892,25.87896,25.87933,25.87868,25.87917,25.87941,25.87911,25.87868,25.8791,25.87924,25.87938,25.87915,25.87932,25.87923,25.87903,25.87868,25.87907,25.87945,25.87929,25.87905,25.87934,25.87923,25.87917,25.87889,25.87949,25.87955,25.87951,25.87913,25.87938,25.8796,25.87951,25.87927,25.87961,25.87919,25.87934,25.87908,25.87964,25.87944,25.87961,25.87887,25.8794,25.87927,25.87923,25.87908,25.87953,25.87952,25.87942,25.87898,25.87964,25.87963,25.87962,25.87906,25.87942,25.87946,25.87962,25.87905,25.87942,25.87934,25.87934,25.87882,25.87923,25.87937,25.87918,25.87889,25.87926,25.87947,25.87927,25.8792,25.87957,25.87962,25.87924,25.87892
216,,,,,,,,,67.56858,58.12913,49.21893,39.82299,33.37999,29.29702,27.1712,26.28436,25.99179,25.88556,25.9064,25.91446,25.89506,25.88513,25.881,25.87844,25.87793,25.87807,25.87782,25.87753,25.87724,25.87742,25.87769,25.87742,25.87748,25.87787,25.87793,25.87791,25.8777,25.87782,25.87801,25.87814,25.87765,25.87841,25.87821,25.87844,25.87821,25.8788,25.87859,25.87896,25.87834,25.87854,25.87897,25.87873,25.87871,25.87919,25.87923,25.87898,25.87884,25.87904,25.87931,25.8793,25.87887,25.8792,25.8791,25.87879,25.87894,25.87928,25.87904,25.87901,25.87898,25.87878,25.8789,25.87909,25.87876,25.87916,25.87926,25.87922,25.87885,25.8793,25.87926,25.87937,25.8789,25.87893,25.87896,25.87933,25.87868,25.87917,25.87941,25.8791,25.87868,25.8791,25.87924,25.87937,25.87915,25.87932,25.87923,25.87902,25.87868,25.87907,25.87945,25.87929,25.87905,25.87934,25.87923,25.87917,25.87888,25.87949,25.87955,25.87951,25.87913,25.87938,25.8796,25.87951,25.87927,25.87961,25.87919,25.87934,25.87908,25.87964,25.87944,25.87961,25.87887,25.8794,25.87927,25.87923,25.87908,25.87953,25.87951,25.87942,25.87898,25.87964,25.87963,25.87962,25.87906,25.87941,25.87946,25.87961,25.87905,25.87942,25.87933,25.87934,25.87881,25.87923,25.87937,25.87918,25.87889,25.87926,25.87947,25.87927,25.8792,25.87957,25.87962,25.87924,25.87892
217,,,,,,,,,67.56858,55.07863,46.29434,39.05219,33.07295,29.11828,26.97037,26.14078,25.81318,25.67163,25.82174,25.8867,25.88256,25.8778,25.87517,25.87396,25.87409,25.87486,25.875,25.87549,25.87621,25.87668,25.87654,25.87635,25.87688,25.87689,25.8768,25.877,25.87723,25.87694,25.87722,25.87742,25.87787,25.87768,25.87773,25.87762,25.87784,25.87784,25.87722,25.87791,25.87821,25.87803,25.87797,25.87798,25.87807,25.87834,25.87794,25.8783,25.87832,25.8783,25.878,25.87817,25.87827,25.87852,25.87807,25.8782,25.8784,25.87836,25.8782,25.87838,25.87842,25.87864,25.87826,25.87859,25.87846,25.87875,25.87839,25.8786,25.8786,25.87881,25.87818,25.87845,25.87861,25.87864,25.87834,25.87849,25.87879,25.87843,25.87825,25.87837,25.87838,25.87832,25.87837,25.87848,25.8786,25.87868,25.87833,25.87841,25.87849,25.87845,25.87814,25.87844,25.87881,25.87867,25.87859,25.87864,25.87842,25.87865,25.87829,25.87842,25.87856,25.87895,25.87851,25.87846,25.87871,25.87876,25.87811,25.87856,25.87877,25.87876,25.87823,25.87852,25.87869,25.87891,25.87864,25.87879,25.87855,25.87859,25.87842,25.87835,25.87871,25.87881,25.87855,25.87861,25.87867,25.87865,25.87862,25.87868,25.87865,25.87884,25.87824,25.87859,25.87879,25.87883,25.87831,25.87865,25.87848,25.87857,25.87819,25.87845,25.87852,25.87873,25.87854,25.87865,25.87859
218,,,,,,,,,67.56858,40.45226,44.29517,37.65014,33.21389,29.67872,27.52917,26.40261,25.96358,25.79449,25.6797,25.78281,25.85888,25.87393,25.87582,25.87556,25.87497,25.87524,25.87596,25.87659,25.8769,25.87729,25.87765,25.87781,25.87788,25.87797,25.87802,25.87811,25.87816,25.87823,25.87829,25.87835,25.87839,25.87847,25.8785,25.87854,25.87857,25.87861,25.87865,25.87868,25.87869,25.87873,25.87875,25.87877,25.87878,25.87881,25.87882,25.87884,25.87885,25.87888,25.87887,25.8789,25.87887,25.87891,25.87891,25.87894,25.87895,25.879,25.87902,25.87899,25.87894,25.87895,25.87896,25.87898,25.87897,25.879,25.87898,25.87899,25.879,25.87901,25.87901,25.87903,25.87901,25.87903,25.87903,25.87903,25.87902,25.87905,25.87904,25.87905,25.87903,25.87905,25.87905,25.87906,25.87904,25.87905,25.87905,25.87906,25.87904,25.87906,25.87905,25.87907,25.87906,25.87907,25.87906,25.87907,25.87906,25.87907,25.87907,25.87909,25.87907,25.87908,25.87909,25.87909,25.87906,25.87909,25.87908,25.87909,25.87907,25.87908,25.87909,25.87908,25.87908,25.8791,25.87908,25.87908,25.87909,25.8791,25.87909,25.87909,25.8791,25.8791,25.87909,25.87909,25.87909,25.8791,25.87908,25.8791,25.87907,25.8791,25.87908,25.8791,25.87908,25.87911,25.87909,25.8791,25.87907,25.87909,25.87909,25.87911,25.87908,25.87909,25.87911,25.87909,25.87908
219,,,,,,,,,321.7986,174.2105,173.8828,173.8825,173.8825,173.8825,173.8825,173.8825,173.8825,173.8825,173.8825,173.8825,173.8825,173.8825,173.8825,173.8825,173.8825,173.8825,173.8825,173.8825,173.8825,173.8825,173.8825,173.8825,173.8825,173.8825,173.8825,173.8825,173.8825,173.8825,173.8825,173.8825,173.8825,173.8825,173.8825,173.8825,173.8825,173.8825,173.8825,173.8825,173.8825,173.8825,173.8825,173.8825,173.8825,173.8825,173.8825,173.8825,173.8825,173.8825,173.8825,173.8825,173.8825,173.8825,173.8825,173.8825,173.8825,173.8825,173.8825,173.8825,173.8825,173.8825,173.8825,173.8825,173.8825,173.8825,173.8825,173.8825,173.8825,173.8825,173.8825,173.8825,173.8825,173.8825,173.8825,173.8825,173.8825,173.8825,173.8825,173.8825,173.8825,173.8825,173.8825,173.8825,173.8825,173.8825,173.8825,173.8825,173.8825,173.8825,173.8825,173.8825,173.8825,173.8825,173.8825,173.8825,173.8825,173.8825,173.8825,173.8825,173.8825,173.8825,173.8825,173.8825,173.8825,173.8825,173.8825,173.8825,173.8825,173.8825,173.8825,173.8825,173.8825,173.8825,173.8825,173.8825,173.8825,173.8825,173.8825,173.8825,173.8825,173.8825,173.8825,173.8825,173.8825,173.8825,173.8825,173.8825,173.8825,173.8825,173.8825,173.8825,173.8825,173.8825,173.8825,173.8825,173.8825,173.8825,173.8825,173.8825,173.8825,173.8825,173.8825,173.8825,173.8825
220,,,,,,,,,321.7986,175.2074,173.8846,173.8825,173.8825,173.8825,173.8825,173.8825,173.8825,173.8825,173.8825,173.8825,173.8825,173.8825,173.8825,173.8825,173.8825,173.8825,173.8825,173.8825,173.8825,173.8825,173.8825,173.8825,173.8825,173.8825,173.8825,173.8825,173.8825,173.8825,173.8825,173.8825,173.8825,173.8825,173.8825,173.8825,173.8825,173.8825,173.8825,173.8825,173.8825,173.8825,173.8825,173.8825,173.8825,173.8825,173.8825,173.8825,173.8825,173.8825,173.8825,173.8825,173.8825,173.8825,173.8825,173.8825,173.8825,173.8825,173.8825,173.8825,173.8825,173.8825,173.8825,173.8825,173.8825,173.8825,173.8825,173.8825,173.8825,173.8825,173.8825,173.8825,173.8825,173.8825,173.8825,173.8825,173.8825,173.8825,173.8825,173.8825,173.8825,173.8825,173.8825,173.8825,173.8825,173.8825,173.8825,173.8825,173.8825,173.8825,173.8825,173.8825,173.8825,173.8825,173.8825,173.8825,173.8825,173.8825,173.8825,173.8825,173.8825,173.8825,173.8825,173.8825,173.8825,173.8825,173.8825,173.8825,173.8825,173.8825,173.8825,173.8825,173.8825,173.8825,173.8825,173.8825,173.8825,173.8825,173.8825,173.8825,173.8825,173.8825,173.8825,173.8825,173.8825,173.8825,173.8825,173.8825,173.8825,173.8825,173.8825,173.8825,173.8825,173.8825,173.8825,173.8825,173.8825,173.8825,173.8825,173.8825,173.8825,173.8825,173.8825,173.8825,173.8825
221,,,,,,,,,321.7986,752.5687,506.1373,444.287,441.8672,477.3693,503.7323,525.7236,529.2403,531.3879,547.8302,554.5831,557.1084,558.2503,558.7437,559.0225,559.3083,559.5209,559.6709,559.766,559.8593,559.912,559.9466,559.9702,559.9907,559.9925,560.0012,560.0019,560.0159,560.0184,560.0281,560.0282,560.024,560.0283,560.0438,560.0377,560.0518,560.0434,560.0532,560.0498,560.0582,560.0561,560.0586,560.0545,560.0516,560.0567,560.0652,560.0602,560.0559,560.0631,560.065,560.0686,560.0636,560.0546,560.0531,560.0635,560.0746,560.0747,560.0649,560.0698,560.0645,560.0639,560.0715,560.0648,560.0685,560.0647,560.0759,560.0624,560.0716,560.0642,560.0734,560.0678,560.073,560.068,560.0786,560.0684,560.0692,560.076,560.0692,560.0696,560.0714,560.0758,560.076,560.0741,560.0754,560.075,560.0787,560.0817,560.0799,560.0818,560.0792,560.0756,560.0798,560.0801,560.0762,560.0753,560.0885,560.0789,560.0766,560.0735,560.074,560.0714,560.0742,560.085,560.0758,560.0668,560.078,560.0765,560.079,560.0687,560.0823,560.0725,560.0752,560.0771,560.0757,560.075,560.0772,560.0777,560.0773,560.0672,560.0744,560.072,560.0812,560.0699,560.0807,560.0799,560.0856,560.0803,560.0855,560.0768,560.0837,560.0813,560.0715,560.0752,560.0866,560.0813,560.0836,560.0806,560.0779,560.0806,560.08,560.0708,560.0784,560.0808,560.0846
222,,,,,,,,,321.7987,1666.913,555.9873,492.3668,443.4463,446.3555,475.6509,501.8305,522.5832,530.0628,529.9999,544.4589,553.4712,556.6874,558.075,558.6614,558.9699,559.2437,559.477,559.6404,559.7511,559.8387,559.9067,559.9441,559.9685,559.9827,559.9907,559.9971,560.0047,560.011,560.0158,560.0229,560.0247,560.0282,560.0317,560.0366,560.0386,560.0419,560.0414,560.0443,560.0493,560.048,560.0512,560.0518,560.0518,560.0538,560.0571,560.0573,560.0576,560.057,560.0616,560.0599,560.0645,560.0597,560.0629,560.0628,560.0647,560.0727,560.0741,560.0675,560.0675,560.0654,560.0643,560.0664,560.0673,560.0652,560.0694,560.0694,560.0663,560.0717,560.0687,560.0701,560.0716,560.0711,560.0704,560.0741,560.0719,560.0699,560.0736,560.0707,560.0731,560.0732,560.0723,560.0742,560.0741,560.0735,560.0755,560.074,560.0748,560.0752,560.0789,560.0738,560.0741,560.0749,560.077,560.0741,560.0751,560.0764,560.078,560.0736,560.0761,560.0766,560.0764,560.0761,560.078,560.0756,560.0761,560.0765,560.0781,560.0773,560.0751,560.078,560.0755,560.0763,560.0784,560.0793,560.0758,560.0762,560.0786,560.0786,560.074,560.0783,560.0785,560.0797,560.0765,560.0789,560.079,560.08,560.0783,560.0762,560.0786,560.0801,560.0794,560.0739,560.0786,560.0797,560.0807,560.079,560.078,560.0761,560.0806,560.0798,560.075,560.0798,560.0805
223,,,,,,,,,0.9385091,0.9372116,0.9380365,0.9379637,0.938003,0.9380803,0.9381924,0.9382829,0.9383048,0.9383387,0.9383761,0.9383972,0.9384403,0.9384592,0.9384775,0.9384775,0.9384956,0.9385002,0.938501,0.9385017,0.9385022,0.9385027,0.9385033,0.9385034,0.9385037,0.9385042,0.9385045,0.9385047,0.9385048,0.938505,0.9385053,0.9385055,0.9385054,0.9385059,0.9385059,0.9385062,0.9385062,0.9385066,0.9385066,0.9385068,0.9385066,0.9385068,0.9385071,0.938507,0.9385071,0.9385074,0.9385075,0.9385074,0.9385074,0.9385076,0.9385077,0.9385078,0.9385101,0.9385101,0.9385073,0.9385072,0.9385074,0.9385077,0.9385077,0.9385077,0.9385078,0.9385077,0.9385078,0.938508,0.9385079,0.9385081,0.9385082,0.9385082,0.9385081,0.9385083,0.9385083,0.9385084,0.9385082,0.9385082,0.9385083,0.9385084,0.9385081,0.9385084,0.9385086,0.9385084,0.9385082,0.9385085,0.9385085,0.9385086,0.9385085,0.9385086,0.9385086,0.9385085,0.9385084,0.9385085,0.9385087,0.9385087,0.9385086,0.9385087,0.9385087,0.9385086,0.9385085,0.9385088,0.9385089,0.9385089,0.9385087,0.9385088,0.9385089,0.9385089,0.9385088,0.9385089,0.9385088,0.9385088,0.9385087,0.938509,0.9385089,0.938509,0.9385086,0.9385089,0.9385088,0.9385088,0.9385088,0.938509,0.938509,0.9385089,0.9385087,0.938509,0.9385091,0.9385091,0.9385088,0.938509,0.938509,0.9385091,0.9385088,0.938509,0.938509,0.9385089,0.9385087,0.9385089,0.938509,0.9385089,0.9385088,0.9385089,0.938509,0.9385089,0.9385089,0.9385091,0.9385091,0.9385089,0.9385088
224,,,,,,,,,0.9385091,0.9372495,0.9376884,0.9375181,0.9376437,0.9378018,0.9380231,0.938205,0.9382861,0.9383224,0.9383743,0.9383923,0.9384335,0.9384548,0.9384735,0.9384749,0.9384931,0.9384998,0.9385009,0.9385015,0.9385023,0.9385026,0.9385032,0.9385034,0.9385037,0.9385041,0.9385044,0.9385047,0.9385048,0.938505,0.9385053,0.9385055,0.9385054,0.9385059,0.9385059,0.9385062,0.9385062,0.9385066,0.9385066,0.9385068,0.9385066,0.9385068,0.9385071,0.938507,0.9385071,0.9385074,0.9385075,0.9385074,0.9385074,0.9385075,0.9385077,0.9385078,0.9385097,0.9385099,0.9385075,0.9385072,0.9385074,0.9385077,0.9385076,0.9385077,0.9385078,0.9385077,0.9385078,0.938508,0.9385079,0.9385081,0.9385082,0.9385082,0.9385081,0.9385083,0.9385083,0.9385084,0.9385082,0.9385082,0.9385083,0.9385084,0.9385081,0.9385084,0.9385086,0.9385084,0.9385082,0.9385085,0.9385085,0.9385086,0.9385085,0.9385086,0.9385086,0.9385085,0.9385084,0.9385085,0.9385088,0.9385087,0.9385086,0.9385087,0.9385087,0.9385086,0.9385085,0.9385088,0.9385089,0.9385089,0.9385087,0.9385088,0.9385089,0.9385089,0.9385088,0.9385089,0.9385088,0.9385088,0.9385087,0.938509,0.9385089,0.938509,0.9385086,0.9385089,0.9385088,0.9385088,0.9385088,0.938509,0.938509,0.938509,0.9385087,0.9385091,0.9385091,0.9385091,0.9385088,0.938509,0.938509,0.9385091,0.9385088,0.938509,0.938509,0.9385089,0.9385087,0.9385089,0.938509,0.9385089,0.9385088,0.9385089,0.9385091,0.938509,0.9385089,0.9385091,0.9385091,0.9385089,0.9385088
225,,,,,,,,,0.9385091,0.9419113,0.9396155,0.9385412,0.9349293,0.9344825,0.9334521,0.9345193,0.933873,0.9335417,0.9365505,0.9377973,0.9381606,0.9383014,0.9383542,0.9383821,0.9384159,0.9384447,0.9384642,0.9384762,0.9384879,0.9384954,0.9384987,0.9385005,0.9385019,0.9385018,0.9385022,0.9385022,0.938503,0.9385031,0.9385039,0.9385039,0.9385036,0.9385042,0.938505,0.9385049,0.9385057,0.9385053,0.9385057,0.9385059,0.9385065,0.9385063,0.9385066,0.9385061,0.9385058,0.9385065,0.9385069,0.9385067,0.9385063,0.938507,0.9385071,0.9385073,0.9385068,0.9385066,0.9385063,0.9385073,0.9385085,0.9385087,0.9385073,0.9385074,0.9385069,0.938507,0.9385074,0.9385074,0.9385072,0.9385073,0.9385078,0.9385072,0.9385075,0.9385074,0.9385078,0.9385077,0.9385078,0.9385077,0.9385081,0.9385077,0.9385077,0.9385083,0.9385078,0.9385077,0.9385077,0.938508,0.9385082,0.9385082,0.9385079,0.9385081,0.9385083,0.9385085,0.9385082,0.9385086,0.9385084,0.938508,0.9385084,0.9385086,0.9385082,0.9385082,0.9385088,0.9385087,0.9385082,0.9385081,0.9385081,0.9385083,0.9385084,0.938509,0.9385082,0.9385077,0.9385082,0.9385085,0.9385084,0.9385079,0.9385085,0.938508,0.9385082,0.9385087,0.9385084,0.9385084,0.9385083,0.9385085,0.9385085,0.9385078,0.9385082,0.9385083,0.9385088,0.938508,0.9385085,0.9385088,0.938509,0.9385088,0.9385088,0.9385086,0.9385087,0.9385088,0.9385079,0.9385083,0.938509,0.9385088,0.9385086,0.9385087,0.9385085,0.9385086,0.9385085,0.9385082,0.9385086,0.9385087,0.9385086
226,,,,,,,,,0.9385091,0.947318,0.9401124,0.9393381,0.9380498,0.9354235,0.9344635,0.9336444,0.9342544,0.9341585,0.93339,0.9359725,0.9376106,0.9381028,0.9382794,0.9383458,0.9383769,0.938409,0.9384394,0.938461,0.9384745,0.9384858,0.9384947,0.9384987,0.9385007,0.9385017,0.938502,0.9385023,0.9385028,0.9385032,0.9385035,0.938504,0.9385041,0.9385044,0.9385047,0.938505,0.9385052,0.9385054,0.9385054,0.9385056,0.938506,0.938506,0.9385062,0.9385063,0.9385063,0.9385065,0.9385067,0.9385067,0.9385068,0.9385068,0.9385071,0.938507,0.9385073,0.938507,0.9385072,0.9385073,0.9385076,0.9385088,0.938509,0.938508,0.9385076,0.9385073,0.9385073,0.9385074,0.9385076,0.9385075,0.9385078,0.9385078,0.9385076,0.938508,0.9385078,0.9385079,0.938508,0.938508,0.938508,0.9385082,0.9385081,0.938508,0.9385082,0.938508,0.9385082,0.9385083,0.9385082,0.9385083,0.9385083,0.9385083,0.9385085,0.9385084,0.9385084,0.9385084,0.9385087,0.9385083,0.9385084,0.9385084,0.9385086,0.9385084,0.9385085,0.9385085,0.9385087,0.9385084,0.9385086,0.9385086,0.9385086,0.9385086,0.9385087,0.9385085,0.9385086,0.9385086,0.9385087,0.9385086,0.9385085,0.9385087,0.9385085,0.9385086,0.9385087,0.9385088,0.9385086,0.9385086,0.9385088,0.9385088,0.9385085,0.9385088,0.9385088,0.9385088,0.9385086,0.9385089,0.9385088,0.9385089,0.9385087,0.9385086,0.9385088,0.9385089,0.9385089,0.9385085,0.9385088,0.9385089,0.9385089,0.9385088,0.9385087,0.9385086,0.9385089,0.9385089,0.9385086,0.9385089,0.938509
227,,,,,,,,,0.002963455,5.778249e-06,4.815867e-09,1.380775e-12,0.0,0.0,0.0,0.0,0.0,0.0,0.0,0.0,0.0,0.0,0.0,0.0,0.0,0.0,0.0,0.0,0.0,0.0,0.0,0.0,0.0,0.0,0.0,0.0,0.0,0.0,0.0,0.0,0.0,0.0,0.0,0.0,0.0,0.0,0.0,0.0,0.0,0.0,0.0,0.0,0.0,0.0,0.0,0.0,0.0,0.0,0.0,0.0,0.0,0.0,0.0,0.0,0.0,0.0,0.0,0.0,0.0,0.0,0.0,0.0,0.0,0.0,0.0,0.0,0.0,0.0,0.0,0.0,0.0,0.0,0.0,0.0,0.0,0.0,0.0,0.0,0.0,0.0,0.0,0.0,0.0,0.0,0.0,0.0,0.0,0.0,0.0,0.0,0.0,0.0,0.0,0.0,0.0,0.0,0.0,0.0,0.0,0.0,0.0,0.0,0.0,0.0,0.0,0.0,0.0,0.0,0.0,0.0,0.0,0.0,0.0,0.0,0.0,0.0,0.0,0.0,0.0,0.0,0.0,0.0,0.0,0.0,0.0,0.0,0.0,0.0,0.0,0.0,0.0,0.0,0.0,0.0,0.0,0.0,0.0,0.0,0.0,0.0,0.0,0.0,0.0
228,,,,,,,,,0.003033312,2.386812e-05,3.280173e-08,4.442575e-11,0.0,0.0,0.0,0.0,0.0,0.0,0.0,0.0,0.0,0.0,0.0,0.0,0.0,0.0,0.0,0.0,0.0,0.0,0.0,0.0,0.0,0.0,0.0,0.0,0.0,0.0,0.0,0.0,0.0,0.0,0.0,0.0,0.0,0.0,0.0,0.0,0.0,0.0,0.0,0.0,0.0,0.0,0.0,0.0,0.0,0.0,0.0,0.0,0.0,0.0,0.0,0.0,0.0,0.0,0.0,0.0,0.0,0.0,0.0,0.0,0.0,0.0,0.0,0.0,0.0,0.0,0.0,0.0,0.0,0.0,0.0,0.0,0.0,0.0,0.0,0.0,0.0,0.0,0.0,0.0,0.0,0.0,0.0,0.0,0.0,0.0,0.0,0.0,0.0,0.0,0.0,0.0,0.0,0.0,0.0,0.0,0.0,0.0,0.0,0.0,0.0,0.0,0.0,0.0,0.0,0.0,0.0,0.0,0.0,0.0,0.0,0.0,0.0,0.0,0.0,0.0,0.0,0.0,0.0,0.0,0.0,0.0,0.0,0.0,0.0,0.0,0.0,0.0,0.0,0.0,0.0,0.0,0.0,0.0,0.0,0.0,0.0,0.0,0.0,0.0,0.0
229,,,,,,,,,0.01216908,0.02491578,0.0129292,0.008931696,0.007701697,0.007418006,0.007424124,0.007448465,0.007487365,0.007526478,0.007497634,0.007476534,0.007471478,0.007471055,0.007471661,0.00747232,0.007472765,0.007472787,0.007472764,0.007472847,0.007473013,0.007472947,0.007472946,0.007472938,0.007473139,0.007473068,0.007473041,0.007473009,0.007473103,0.007472956,0.007472997,0.007472965,0.007472968,0.007472838,0.00747292,0.007472724,0.00747284,0.007472672,0.007472544,0.007472576,0.007472649,0.007472528,0.007472454,0.007472387,0.007472336,0.007472339,0.007472263,0.007472256,0.007472182,0.007472149,0.007472036,0.007472055,0.00747202,0.007471917,0.007471757,0.007471797,0.007471829,0.007471742,0.007471674,0.007471744,0.007471695,0.007471685,0.007471619,0.007471565,0.007471567,0.00747154,0.007471521,0.007471399,0.007471472,0.007471383,0.007471283,0.007471242,0.007471319,0.007471221,0.007471237,0.007471133,0.007471201,0.007471105,0.007470974,0.007470998,0.007470998,0.007470989,0.007470953,0.007470926,0.007470988,0.007470949,0.007470874,0.007470892,0.007470895,0.007470838,0.007470717,0.007470761,0.007470858,0.007470772,0.007470721,0.007470693,0.007470756,0.007470645,0.007470547,0.00747053,0.007470552,0.007470576,0.007470463,0.007470541,0.007470524,0.007470436,0.007470367,0.007470403,0.007470507,0.007470367,0.00747036,0.007470323,0.007470367,0.00747038,0.0074703,0.007470319,0.007470282,0.007470261,0.007470196,0.007470073,0.007470223,0.007470184,0.007470195,0.007470108,0.00747022,0.007470149,0.0074702,0.007470138,0.007470204,0.007470123,0.007470046,0.007470077,0.007470068,0.007470069,0.007470023,0.007470043,0.007470034,0.00746999,0.007469857,0.007469941,0.007469955,0.007469885,0.007469889,0.007469939,0.007469989
230,,,,,,,,,0.03745758,0.07172597,0.03003972,0.02129456,0.01616333,0.01450561,0.01430488,0.01458746,0.01481189,0.01494518,0.01507842,0.01501507,0.014945,0.01493007,0.01492897,0.0149297,0.01493094,0.01493153,0.01493154,0.0149315,0.01493169,0.01493174,0.01493175,0.01493191,0.01493213,0.01493231,0.01493247,0.01493259,0.01493272,0.01493281,0.0149329,0.014933,0.01493303,0.01493308,0.01493313,0.01493319,0.01493322,0.01493326,0.01493326,0.01493329,0.01493335,0.01493333,0.01493338,0.01493338,0.01493338,0.0149334,0.01493344,0.01493344,0.01493345,0.01493343,0.01493348,0.01493346,0.01493351,0.01493348,0.01493351,0.01493351,0.01493349,0.01493347,0.01493344,0.01493346,0.01493354,0.01493355,0.01493353,0.01493355,0.01493355,0.01493352,0.01493356,0.01493356,0.01493351,0.01493357,0.01493353,0.01493354,0.01493356,0.01493355,0.01493353,0.01493357,0.01493355,0.01493352,0.01493356,0.01493352,0.01493354,0.01493354,0.01493353,0.01493354,0.01493355,0.01493354,0.01493354,0.01493353,0.01493354,0.01493354,0.01493357,0.01493353,0.01493352,0.01493353,0.01493355,0.01493352,0.01493352,0.01493354,0.01493355,0.0149335,0.01493352,0.01493353,0.01493352,0.01493351,0.01493354,0.01493351,0.0149335,0.01493351,0.01493352,0.01493352,0.01493349,0.01493352,0.0149335,0.0149335,0.01493352,0.01493354,0.01493349,0.01493349,0.01493351,0.01493352,0.01493346,0.0149335,0.01493351,0.01493352,0.01493348,0.0149335,0.01493351,0.01493352,0.0149335,0.01493347,0.0149335,0.01493352,0.0149335,0.01493345,0.01493348,0.0149335,0.01493352,0.01493349,0.01493349,0.01493346,0.01493351,0.0149335,0.01493344,0.0149335,0.0149335
231,,,,,,,,,0.06936981,0.05965568,0.0505472,0.04090306,0.03427995,0.03008271,0.0278949,0.02698047,0.02667766,0.02656855,0.02658936,0.02659779,0.02657798,0.02656772,0.02656348,0.02656119,0.02656068,0.02656074,0.02656049,0.02656021,0.02655984,0.02656005,0.02656034,0.02656008,0.02656015,0.02656057,0.02656065,0.02656064,0.02656043,0.02656057,0.02656078,0.02656093,0.02656043,0.02656123,0.02656103,0.02656129,0.02656106,0.02656169,0.02656148,0.02656187,0.02656124,0.02656147,0.02656193,0.02656169,0.02656168,0.02656218,0.02656224,0.026562,0.02656186,0.02656208,0.02656238,0.02656238,0.02656175,0.02656171,0.02656156,0.02656127,0.02656144,0.0265618,0.02656157,0.02656155,0.02656153,0.02656135,0.02656149,0.02656169,0.02656136,0.02656179,0.02656191,0.02656188,0.02656152,0.02656199,0.02656196,0.0265621,0.02656163,0.02656166,0.02656171,0.02656211,0.02656145,0.02656197,0.02656223,0.02656193,0.02656151,0.02656195,0.0265621,0.02656226,0.02656204,0.02656223,0.02656215,0.02656195,0.02656161,0.02656202,0.02656242,0.02656228,0.02656204,0.02656235,0.02656225,0.0265622,0.02656192,0.02656256,0.02656263,0.0265626,0.02656223,0.02656249,0.02656273,0.02656265,0.02656241,0.02656277,0.02656236,0.02656253,0.02656227,0.02656286,0.02656266,0.02656285,0.0265621,0.02656266,0.02656254,0.02656251,0.02656236,0.02656284,0.02656284,0.02656275,0.02656231,0.026563,0.02656299,0.026563,0.02656244,0.02656281,0.02656287,0.02656304,0.02656247,0.02656286,0.02656279,0.0265628,0.02656227,0.02656271,0.02656286,0.02656268,0.02656239,0.02656278,0.02656301,0.02656282,0.02656276,0.02656314,0.02656321,0.02656283,0.02656251
232,,,,,,,,,0.06939107,0.05969752,0.05054612,0.04089594,0.03427886,0.03008566,0.02790247,0.02699169,0.02669122,0.02658213,0.02660353,0.02661181,0.02659189,0.02658169,0.02657744,0.02657482,0.0265743,0.02657444,0.02657418,0.02657388,0.02657359,0.02657377,0.02657405,0.02657377,0.02657383,0.02657423,0.0265743,0.02657428,0.02657406,0.02657418,0.02657437,0.02657451,0.026574,0.02657479,0.02657458,0.02657481,0.02657458,0.02657519,0.02657497,0.02657535,0.02657471,0.02657492,0.02657536,0.02657511,0.02657509,0.02657558,0.02657563,0.02657537,0.02657522,0.02657543,0.02657571,0.0265757,0.02657525,0.02657559,0.02657548,0.02657516,0.02657531,0.02657566,0.02657541,0.02657538,0.02657535,0.02657515,0.02657528,0.02657547,0.02657513,0.02657554,0.02657564,0.0265756,0.02657523,0.02657568,0.02657564,0.02657576,0.02657528,0.0265753,0.02657533,0.02657572,0.02657504,0.02657555,0.02657579,0.02657548,0.02657505,0.02657547,0.02657561,0.02657576,0.02657552,0.0265757,0.02657561,0.0265754,0.02657505,0.02657545,0.02657583,0.02657567,0.02657543,0.02657572,0.02657561,0.02657554,0.02657525,0.02657587,0.02657594,0.02657589,0.02657551,0.02657576,0.02657599,0.02657589,0.02657564,0.02657599,0.02657557,0.02657572,0.02657546,0.02657603,0.02657582,0.02657599,0.02657523,0.02657578,0.02657565,0.02657561,0.02657545,0.02657591,0.0265759,0.0265758,0.02657535,0.02657603,0.02657601,0.026576,0.02657543,0.02657579,0.02657584,0.026576,0.02657542,0.02657579,0.02657571,0.02657571,0.02657518,0.0265756,0.02657574,0.02657555,0.02657525,0.02657563,0.02657584,0.02657564,0.02657557,0.02657595,0.026576,0.02657561,0.02657528
233,,,,,,,,,0.06973788,0.0568102,0.04771983,0.040245,0.03407946,0.03000592,0.02779618,0.0269447,0.0266095,0.02646526,0.02662064,0.02668751,0.02668284,0.02667739,0.02667409,0.02667223,0.02667178,0.026672,0.02667159,0.02667156,0.0266718,0.02667179,0.02667118,0.02667053,0.02667064,0.02667023,0.02666972,0.02666954,0.0266694,0.02666875,0.02666868,0.02666855,0.02666868,0.02666817,0.02666792,0.02666751,0.02666744,0.02666716,0.02666626,0.02666671,0.02666676,0.02666633,0.02666602,0.02666581,0.02666567,0.02666572,0.0266651,0.02666526,0.02666508,0.02666485,0.02666435,0.02666434,0.02666426,0.02666435,0.02666371,0.02666367,0.02666371,0.0266635,0.02666318,0.02666321,0.0266631,0.02666318,0.02666264,0.02666284,0.02666257,0.02666273,0.02666223,0.02666232,0.02666218,0.02666228,0.02666151,0.02666166,0.02666172,0.02666163,0.02666121,0.02666126,0.02666146,0.02666098,0.02666069,0.02666071,0.02666062,0.02666047,0.02666042,0.02666044,0.02666047,0.02666046,0.02666002,0.02666001,0.02666001,0.02665988,0.02665948,0.0266597,0.02666,0.02665978,0.02665962,0.02665959,0.0266593,0.02665946,0.02665901,0.02665907,0.02665915,0.02665948,0.02665895,0.02665884,0.02665903,0.02665902,0.02665828,0.02665868,0.02665883,0.02665876,0.02665816,0.0266584,0.0266585,0.02665867,0.02665834,0.02665844,0.02665814,0.02665812,0.02665789,0.02665777,0.02665808,0.02665814,0.02665781,0.02665782,0.02665783,0.02665776,0.02665769,0.0266577,0.02665762,0.02665777,0.0266571,0.02665741,0.02665758,0.02665757,0.02665699,0.0266573,0.02665708,0.02665713,0.02665669,0.02665691,0.02665695,0.02665712,0.02665688,0.02665696,0.02665685
234,,,,,,,,,0.0698043,0.04158073,0.04561695,0.03872361,0.03413359,0.03048365,0.02827284,0.02712029,0.02667587,0.02650737,0.02639547,0.02650562,0.02658565,0.02660218,0.02660489,0.02660523,0.02660515,0.02660592,0.02660711,0.02660816,0.02660888,0.02660965,0.02661038,0.02661088,0.02661128,0.02661168,0.02661203,0.0266124,0.02661273,0.02661306,0.02661338,0.02661368,0.02661396,0.02661426,0.02661452,0.02661476,0.02661501,0.02661524,0.02661547,0.02661569,0.02661588,0.02661609,0.02661627,0.02661646,0.02661663,0.02661682,0.02661697,0.02661713,0.02661728,0.02661745,0.02661758,0.02661773,0.02661782,0.02661799,0.02661811,0.02661825,0.02661837,0.02661854,0.02661866,0.02661874,0.02661879,0.0266189,0.026619,0.02661911,0.0266192,0.02661932,0.02661939,0.02661949,0.02661958,0.02661967,0.02661975,0.02661985,0.0266199,0.02662,0.02662007,0.02662014,0.02662021,0.02662031,0.02662036,0.02662044,0.02662049,0.02662057,0.02662064,0.0266207,0.02662075,0.02662082,0.02662088,0.02662095,0.02662098,0.02662106,0.0266211,0.02662117,0.02662122,0.02662127,0.02662131,0.02662138,0.02662142,0.02662148,0.02662152,0.02662159,0.02662162,0.02662167,0.02662172,0.02662177,0.02662179,0.02662185,0.02662189,0.02662194,0.02662196,0.02662201,0.02662206,0.02662209,0.02662212,0.02662218,0.0266222,0.02662224,0.02662228,0.02662232,0.02662235,0.02662238,0.02662243,0.02662246,0.02662249,0.02662251,0.02662255,0.02662259,0.0266226,0.02662265,0.02662266,0.02662271,0.02662272,0.02662277,0.02662278,0.02662283,0.02662284,0.02662288,0.02662288,0.02662293,0.02662296,0.026623,0.02662299,0.02662304,0.02662308,0.02662308,0.02662309
235,,,,,,,,,0.007076548,0.006125746,0.005117263,0.004146053,0.003472338,0.00304312,0.002816348,0.002719773,0.002688227,0.002675664,0.002676031,0.002675905,0.002671914,0.002670009,0.002668738,0.002668509,0.00266762,0.002667417,0.002667351,0.002667294,0.002667234,0.002667229,0.002667231,0.002667201,0.002667193,0.002667213,0.002667208,0.002667197,0.002667171,0.002667173,0.002667183,0.002667188,0.002667143,0.0026672,0.002667179,0.002667192,0.00266717,0.002667214,0.002667193,0.002667221,0.002667169,0.002667182,0.002667215,0.002667194,0.002667189,0.002667227,0.002667228,0.002667207,0.002667194,0.002667209,0.00266723,0.002667228,0.002667058,0.002667057,0.002667169,0.002667143,0.00266715,0.002667175,0.002667153,0.002667148,0.002667143,0.002667128,0.002667136,0.002667151,0.002667123,0.002667156,0.002667164,0.002667161,0.00266713,0.002667167,0.002667162,0.002667173,0.002667135,0.002667138,0.00266714,0.002667171,0.002667118,0.002667158,0.002667178,0.002667154,0.00266712,0.002667154,0.002667166,0.002667178,0.00266716,0.002667175,0.002667168,0.002667153,0.002667125,0.002667158,0.002667189,0.002667177,0.002667159,0.002667183,0.002667175,0.002667171,0.002667148,0.002667198,0.002667203,0.002667201,0.002667171,0.002667194,0.002667212,0.002667205,0.002667186,0.002667215,0.002667181,0.002667195,0.002667175,0.002667221,0.002667205,0.00266722,0.002667161,0.002667206,0.002667196,0.002667195,0.002667182,0.002667219,0.002667219,0.002667212,0.002667178,0.002667233,0.002667232,0.002667232,0.002667188,0.002667218,0.002667222,0.002667236,0.002667191,0.002667222,0.002667215,0.002667218,0.002667176,0.00266721,0.002667222,0.002667209,0.002667185,0.002667216,0.002667234,0.002667219,0.002667214,0.002667245,0.00266725,0.002667221,0.002667195
236,,,,,,,,,0.007088997,0.006138086,0.005156114,0.004183474,0.003498865,0.003062461,0.002829415,0.002728476,0.002694325,0.00268163,0.002681381,0.002681379,0.002677463,0.002675452,0.002674158,0.00267383,0.002672931,0.002672637,0.002672561,0.002672502,0.002672434,0.00267244,0.002672438,0.002672404,0.002672396,0.002672415,0.002672408,0.002672396,0.002672368,0.002672369,0.002672377,0.002672381,0.002672335,0.00267239,0.002672368,0.002672379,0.002672356,0.002672399,0.002672376,0.002672403,0.002672349,0.002672361,0.002672392,0.00267237,0.002672364,0.0026724,0.0026724,0.002672379,0.002672364,0.002672377,0.002672397,0.002672394,0.002672259,0.002672284,0.002672386,0.002672366,0.002672372,0.002672395,0.002672371,0.002672366,0.002672359,0.002672343,0.002672349,0.002672363,0.002672333,0.002672365,0.00267237,0.002672366,0.002672334,0.002672369,0.002672363,0.002672372,0.002672333,0.002672334,0.002672335,0.002672365,0.002672311,0.002672349,0.002672367,0.002672342,0.002672307,0.00267234,0.00267235,0.002672361,0.002672342,0.002672356,0.002672347,0.002672331,0.002672301,0.002672333,0.002672362,0.00267235,0.00267233,0.002672353,0.002672344,0.002672338,0.002672313,0.002672363,0.002672366,0.002672363,0.002672332,0.002672353,0.00267237,0.002672362,0.002672342,0.002672369,0.002672334,0.002672347,0.002672326,0.002672371,0.002672354,0.002672367,0.002672307,0.002672351,0.00267234,0.002672337,0.002672323,0.002672359,0.002672357,0.00267235,0.002672315,0.002672368,0.002672366,0.002672365,0.00267232,0.002672349,0.002672352,0.002672365,0.002672318,0.002672349,0.00267234,0.002672342,0.002672299,0.002672332,0.002672342,0.002672328,0.002672303,0.002672333,0.002672349,0.002672334,0.002672327,0.002672358,0.002672362,0.002672331,0.002672305
237,,,,,,,,,0.006289698,0.005281407,0.004463936,0.003823724,0.003460036,0.003100134,0.00293983,0.002814332,0.002811397,0.00281237,0.002699948,0.002653213,0.002637485,0.002631118,0.002628635,0.002627316,0.002625868,0.002624675,0.002623819,0.002623312,0.002622849,0.00262253,0.002622336,0.0026222,0.002622158,0.00262212,0.002622059,0.002622041,0.002621997,0.002621928,0.002621888,0.002621874,0.0026219,0.002621828,0.002621771,0.002621733,0.002621697,0.002621683,0.002621581,0.002621612,0.002621594,0.002621562,0.00262152,0.002621518,0.002621517,0.002621491,0.002621416,0.002621441,0.002621439,0.002621388,0.002621336,0.002621323,0.00262134,0.002621353,0.002621302,0.002621259,0.002621211,0.002621181,0.002621211,0.002621209,0.002621222,0.002621222,0.002621156,0.002621174,0.002621155,0.002621167,0.002621098,0.00262113,0.002621107,0.002621117,0.002621029,0.002621045,0.002621047,0.00262104,0.002620986,0.002621005,0.002621028,0.002620956,0.002620947,0.002620953,0.002620945,0.002620917,0.002620905,0.002620905,0.002620922,0.002620911,0.002620863,0.002620854,0.002620867,0.002620835,0.002620806,0.002620842,0.002620857,0.002620825,0.002620828,0.002620823,0.002620774,0.002620788,0.002620764,0.002620776,0.002620783,0.002620808,0.002620751,0.002620719,0.002620767,0.002620784,0.002620697,0.00262072,0.002620745,0.002620751,0.002620672,0.002620715,0.002620718,0.002620713,0.002620692,0.002620702,0.002620678,0.002620668,0.002620646,0.002620658,0.002620675,0.002620675,0.002620627,0.002620658,0.002620641,0.00262062,0.002620607,0.002620613,0.00262061,0.00262063,0.002620562,0.002620587,0.002620641,0.002620622,0.002620541,0.002620578,0.002620563,0.002620564,0.00262053,0.002620547,0.002620556,0.002620582,0.002620542,0.002620546,0.002620544
238,,,,,,,,,0.00552557,0.00354939,0.00379745,0.003264546,0.002942098,0.002765864,0.002629051,0.002572007,0.002515479,0.002507789,0.002528496,0.002438333,0.002381857,0.002364417,0.002357974,0.002355523,0.002354369,0.002353225,0.00235217,0.002351445,0.002350999,0.002350641,0.002350372,0.002350271,0.002350237,0.002350244,0.00235027,0.002350295,0.002350312,0.002350332,0.002350352,0.002350364,0.002350389,0.002350406,0.002350422,0.002350437,0.002350452,0.002350469,0.00235049,0.002350505,0.002350508,0.002350532,0.002350543,0.002350558,0.002350575,0.002350587,0.002350593,0.002350609,0.002350623,0.002350639,0.00235064,0.00235066,0.002350657,0.002350687,0.00235069,0.0023507,0.002350699,0.002350672,0.002350674,0.002350722,0.002350746,0.002350766,0.002350778,0.002350782,0.002350787,0.002350802,0.002350798,0.002350808,0.002350824,0.002350817,0.002350834,0.002350838,0.002350841,0.00235085,0.002350859,0.002350857,0.002350869,0.002350882,0.002350879,0.002350894,0.002350893,0.002350899,0.002350907,0.002350909,0.002350916,0.002350924,0.002350922,0.002350933,0.002350936,0.002350941,0.002350936,0.002350956,0.00235096,0.002350965,0.002350962,0.002350976,0.002350977,0.002350981,0.00235098,0.002350998,0.002350994,0.002350999,0.002351003,0.002351008,0.002351007,0.002351019,0.00235102,0.002351024,0.002351021,0.002351031,0.002351039,0.002351036,0.002351046,0.002351048,0.002351047,0.002351047,0.002351061,0.002351064,0.00235106,0.002351064,0.002351078,0.002351071,0.002351074,0.002351075,0.002351085,0.002351081,0.002351086,0.002351086,0.002351093,0.002351102,0.002351099,0.002351098,0.0023511,0.00235112,0.00235111,0.00235111,0.002351109,0.002351117,0.002351124,0.002351131,0.002351121,0.002351126,0.002351142,0.002351131,0.002351129
239,,,,,,,,,0.007225009,0.006125746,0.005117263,0.004146053,0.003472338,0.00304312,0.002816348,0.002719773,0.002688227,0.002675664,0.002676031,0.002675905,0.002671914,0.002670009,0.002668738,0.002668509,0.00266762,0.002667417,0.002667351,0.002667294,0.002667234,0.002667229,0.002667231,0.002667201,0.002667193,0.002667213,0.002667208,0.002667197,0.002667171,0.002667173,0.002667183,0.002667188,0.002667143,0.0026672,0.002667179,0.002667192,0.00266717,0.002667214,0.002667193,0.002667221,0.002667169,0.002667182,0.002667215,0.002667194,0.002667189,0.002667227,0.002667228,0.002667207,0.002667194,0.002667209,0.00266723,0.002667228,0.002667058,0.002667057,0.002667169,0.002667143,0.00266715,0.002667175,0.002667153,0.002667148,0.002667143,0.002667128,0.002667136,0.002667151,0.002667123,0.002667156,0.002667164,0.002667161,0.00266713,0.002667167,0.002667162,0.002667173,0.002667135,0.002667138,0.00266714,0.002667171,0.002667118,0.002667158,0.002667178,0.002667154,0.00266712,0.002667154,0.002667166,0.002667178,0.00266716,0.002667175,0.002667168,0.002667153,0.002667125,0.002667158,0.002667189,0.002667177,0.002667159,0.002667183,0.002667175,0.002667171,0.002667148,0.002667198,0.002667203,0.002667201,0.002667171,0.002667194,0.002667212,0.002667205,0.002667186,0.002667215,0.002667181,0.002667195,0.002667175,0.002667221,0.002667205,0.00266722,0.002667161,0.002667206,0.002667196,0.002667195,0.002667182,0.002667219,0.002667219,0.002667212,0.002667178,0.002667233,0.002667232,0.002667232,0.002667188,0.002667218,0.002667222,0.002667236,0.002667191,0.002667222,0.002667215,0.002667218,0.002667176,0.00266721,0.002667222,0.002667209,0.002667185,0.002667216,0.002667234,0.002667219,0.002667214,0.002667245,0.00266725,0.002667221,0.002667195
240,,,,,,,,,0.007239886,0.006138086,0.005156114,0.004183474,0.003498865,0.003062461,0.002829415,0.002728476,0.002694325,0.00268163,0.002681381,0.002681379,0.002677463,0.002675452,0.002674158,0.00267383,0.002672931,0.002672637,0.002672561,0.002672502,0.002672435,0.00267244,0.002672438,0.002672404,0.002672396,0.002672415,0.002672408,0.002672396,0.002672368,0.002672369,0.002672377,0.002672381,0.002672335,0.00267239,0.002672368,0.002672379,0.002672356,0.002672399,0.002672376,0.002672403,0.002672349,0.002672361,0.002672392,0.00267237,0.002672364,0.0026724,0.0026724,0.002672379,0.002672364,0.002672377,0.002672397,0.002672394,0.002672259,0.002672284,0.002672386,0.002672366,0.002672372,0.002672395,0.002672371,0.002672366,0.002672359,0.002672343,0.002672349,0.002672363,0.002672333,0.002672365,0.00267237,0.002672366,0.002672334,0.002672369,0.002672363,0.002672372,0.002672333,0.002672334,0.002672335,0.002672365,0.002672311,0.002672349,0.002672367,0.002672342,0.002672307,0.00267234,0.00267235,0.002672361,0.002672342,0.002672356,0.002672347,0.002672331,0.002672301,0.002672333,0.002672362,0.00267235,0.00267233,0.002672353,0.002672344,0.002672338,0.002672314,0.002672363,0.002672366,0.002672363,0.002672332,0.002672353,0.00267237,0.002672362,0.002672342,0.002672369,0.002672334,0.002672347,0.002672326,0.002672371,0.002672354,0.002672367,0.002672307,0.002672351,0.00267234,0.002672337,0.002672323,0.002672359,0.002672357,0.00267235,0.002672315,0.002672368,0.002672366,0.002672365,0.00267232,0.002672349,0.002672352,0.002672365,0.002672318,0.002672349,0.00267234,0.002672342,0.002672299,0.002672332,0.002672342,0.002672328,0.002672303,0.002672333,0.002672349,0.002672334,0.002672327,0.002672358,0.002672362,0.002672332,0.002672305
241,,,,,,,,,0.006289698,0.005281407,0.004463936,0.003823724,0.003460037,0.003100134,0.00293983,0.002814332,0.002811397,0.00281237,0.002699948,0.002653213,0.002637485,0.002631118,0.002628635,0.002627317,0.002625868,0.002624675,0.00262382,0.002623312,0.002622849,0.00262253,0.002622336,0.0026222,0.002622158,0.00262212,0.002622059,0.002622041,0.002621997,0.002621928,0.002621888,0.002621874,0.0026219,0.002621828,0.002621771,0.002621733,0.002621697,0.002621683,0.002621581,0.002621612,0.002621594,0.002621562,0.00262152,0.002621518,0.002621517,0.002621491,0.002621416,0.002621441,0.002621439,0.002621388,0.002621337,0.002621323,0.002621341,0.002621353,0.002621302,0.002621259,0.002621211,0.002621181,0.002621211,0.002621209,0.002621222,0.002621222,0.002621156,0.002621174,0.002621155,0.002621167,0.002621098,0.00262113,0.002621107,0.002621117,0.002621029,0.002621045,0.002621047,0.00262104,0.002620986,0.002621005,0.002621028,0.002620956,0.002620947,0.002620953,0.002620945,0.002620917,0.002620905,0.002620905,0.002620922,0.002620911,0.002620863,0.002620854,0.002620867,0.002620835,0.002620806,0.002620842,0.002620857,0.002620825,0.002620828,0.002620823,0.002620774,0.002620788,0.002620764,0.002620776,0.002620783,0.002620808,0.002620752,0.002620719,0.002620767,0.002620785,0.002620697,0.00262072,0.002620745,0.002620751,0.002620672,0.002620715,0.002620718,0.002620713,0.002620692,0.002620702,0.002620678,0.002620668,0.002620646,0.002620658,0.002620675,0.002620675,0.002620627,0.002620658,0.002620641,0.00262062,0.002620607,0.002620614,0.002620611,0.00262063,0.002620562,0.002620587,0.002620641,0.002620622,0.002620541,0.002620578,0.002620563,0.002620564,0.002620531,0.002620547,0.002620556,0.002620583,0.002620542,0.002620546,0.002620544
242,,,,,,,,,0.00552557,0.00354939,0.00379745,0.003264546,0.002942098,0.002765864,0.002629051,0.002572007,0.002515479,0.002507789,0.002528496,0.002438333,0.002381857,0.002364417,0.002357974,0.002355523,0.002354369,0.002353225,0.00235217,0.002351445,0.002350999,0.002350641,0.002350372,0.002350271,0.002350238,0.002350244,0.00235027,0.002350295,0.002350312,0.002350332,0.002350352,0.002350364,0.002350389,0.002350406,0.002350422,0.002350437,0.002350452,0.002350469,0.00235049,0.002350505,0.002350508,0.002350532,0.002350543,0.002350558,0.002350575,0.002350587,0.002350593,0.002350609,0.002350623,0.002350639,0.00235064,0.00235066,0.002350657,0.002350687,0.00235069,0.0023507,0.002350699,0.002350672,0.002350674,0.002350723,0.002350746,0.002350767,0.002350778,0.002350782,0.002350787,0.002350802,0.002350798,0.002350808,0.002350824,0.002350817,0.002350834,0.002350838,0.002350841,0.00235085,0.002350859,0.002350857,0.002350869,0.002350882,0.002350879,0.002350894,0.002350893,0.002350899,0.002350907,0.002350909,0.002350916,0.002350924,0.002350922,0.002350933,0.002350936,0.002350941,0.002350936,0.002350956,0.00235096,0.002350965,0.002350962,0.002350976,0.002350977,0.002350981,0.00235098,0.002350998,0.002350994,0.002350999,0.002351003,0.002351008,0.002351007,0.002351019,0.00235102,0.002351025,0.002351021,0.002351031,0.002351039,0.002351036,0.002351046,0.002351048,0.002351047,0.002351047,0.002351061,0.002351064,0.00235106,0.002351064,0.002351078,0.002351072,0.002351074,0.002351075,0.002351085,0.002351081,0.002351086,0.002351086,0.002351093,0.002351102,0.002351099,0.002351098,0.0023511,0.00235112,0.00235111,0.00235111,0.002351109,0.002351117,0.002351124,0.002351131,0.002351121,0.002351126,0.002351142,0.002351131,0.002351129
243,,,,,,,,,0.06866299,0.05965568,0.0505472,0.04090306,0.03427995,0.03008271,0.0278949,0.02698047,0.02667766,0.02656855,0.02658936,0.02659779,0.02657798,0.02656772,0.02656348,0.02656119,0.02656068,0.02656074,0.02656049,0.02656021,0.02655984,0.02656005,0.02656034,0.02656008,0.02656015,0.02656057,0.02656065,0.02656064,0.02656043,0.02656057,0.02656078,0.02656093,0.02656043,0.02656123,0.02656103,0.02656129,0.02656106,0.02656169,0.02656148,0.02656187,0.02656124,0.02656147,0.02656193,0.02656169,0.02656168,0.02656218,0.02656224,0.026562,0.02656186,0.02656208,0.02656238,0.02656238,0.02656175,0.02656171,0.02656156,0.02656127,0.02656144,0.0265618,0.02656157,0.02656155,0.02656153,0.02656135,0.02656149,0.02656169,0.02656136,0.02656179,0.02656191,0.02656188,0.02656152,0.02656199,0.02656196,0.0265621,0.02656163,0.02656166,0.02656171,0.02656211,0.02656145,0.02656197,0.02656223,0.02656193,0.02656151,0.02656195,0.0265621,0.02656226,0.02656204,0.02656223,0.02656215,0.02656195,0.02656161,0.02656202,0.02656242,0.02656228,0.02656204,0.02656235,0.02656225,0.0265622,0.02656192,0.02656256,0.02656263,0.0265626,0.02656223,0.02656249,0.02656273,0.02656265,0.02656241,0.02656277,0.02656236,0.02656253,0.02656227,0.02656286,0.02656266,0.02656285,0.0265621,0.02656266,0.02656254,0.02656251,0.02656236,0.02656284,0.02656284,0.02656275,0.02656231,0.026563,0.02656299,0.026563,0.02656244,0.02656281,0.02656287,0.02656304,0.02656247,0.02656286,0.02656279,0.0265628,0.02656227,0.02656271,0.02656286,0.02656268,0.02656239,0.02656278,0.02656301,0.02656282,0.02656276,0.02656314,0.02656321,0.02656283,0.02656251
244,,,,,,,,,0.06866887,0.05969752,0.05054612,0.04089594,0.03427886,0.03008566,0.02790247,0.02699169,0.02669122,0.02658213,0.02660353,0.02661181,0.02659189,0.02658169,0.02657744,0.02657482,0.0265743,0.02657444,0.02657418,0.02657388,0.02657359,0.02657377,0.02657405,0.02657377,0.02657383,0.02657423,0.0265743,0.02657428,0.02657406,0.02657418,0.02657437,0.02657451,0.026574,0.02657479,0.02657458,0.02657481,0.02657458,0.02657519,0.02657497,0.02657535,0.02657471,0.02657492,0.02657536,0.02657511,0.02657509,0.02657558,0.02657563,0.02657537,0.02657522,0.02657543,0.02657571,0.0265757,0.02657525,0.02657559,0.02657548,0.02657516,0.02657531,0.02657566,0.02657541,0.02657538,0.02657535,0.02657515,0.02657528,0.02657547,0.02657513,0.02657554,0.02657564,0.0265756,0.02657523,0.02657568,0.02657564,0.02657576,0.02657528,0.0265753,0.02657533,0.02657572,0.02657504,0.02657555,0.02657579,0.02657548,0.02657505,0.02657547,0.02657561,0.02657576,0.02657552,0.0265757,0.02657561,0.0265754,0.02657505,0.02657545,0.02657583,0.02657567,0.02657543,0.02657572,0.02657561,0.02657554,0.02657525,0.02657587,0.02657594,0.02657589,0.02657551,0.02657576,0.02657599,0.02657589,0.02657564,0.02657599,0.02657557,0.02657572,0.02657546,0.02657603,0.02657582,0.02657599,0.02657523,0.02657578,0.02657565,0.02657561,0.02657545,0.02657591,0.0265759,0.0265758,0.02657535,0.02657603,0.02657601,0.026576,0.02657543,0.02657579,0.02657584,0.026576,0.02657542,0.02657579,0.02657571,0.02657571,0.02657518,0.0265756,0.02657574,0.02657555,0.02657525,0.02657563,0.02657584,0.02657564,0.02657557,0.02657595,0.026576,0.02657561,0.02657528
245,,,,,,,,,0.06973788,0.0568102,0.04771983,0.040245,0.03407946,0.03000592,0.02779618,0.0269447,0.0266095,0.02646526,0.02662064,0.02668751,0.02668284,0.02667739,0.02667409,0.02667223,0.02667178,0.026672,0.02667159,0.02667156,0.0266718,0.02667179,0.02667118,0.02667053,0.02667064,0.02667022,0.02666972,0.02666954,0.0266694,0.02666875,0.02666868,0.02666854,0.02666868,0.02666817,0.02666792,0.02666751,0.02666744,0.02666716,0.02666626,0.02666671,0.02666676,0.02666633,0.02666602,0.02666581,0.02666567,0.02666572,0.0266651,0.02666526,0.02666508,0.02666485,0.02666435,0.02666434,0.02666426,0.02666435,0.02666371,0.02666367,0.02666371,0.0266635,0.02666318,0.02666321,0.0266631,0.02666318,0.02666264,0.02666284,0.02666257,0.02666273,0.02666223,0.02666232,0.02666218,0.02666228,0.02666151,0.02666166,0.02666172,0.02666163,0.02666121,0.02666126,0.02666146,0.02666098,0.02666069,0.02666071,0.02666062,0.02666047,0.02666042,0.02666044,0.02666047,0.02666046,0.02666002,0.02666001,0.02666001,0.02665988,0.02665948,0.0266597,0.02666,0.02665978,0.02665962,0.02665959,0.0266593,0.02665946,0.02665901,0.02665907,0.02665915,0.02665948,0.02665895,0.02665884,0.02665903,0.02665901,0.02665828,0.02665868,0.02665883,0.02665876,0.02665816,0.0266584,0.0266585,0.02665867,0.02665834,0.02665844,0.02665814,0.02665812,0.02665789,0.02665777,0.02665808,0.02665814,0.02665781,0.02665782,0.02665783,0.02665776,0.02665769,0.0266577,0.02665762,0.02665777,0.0266571,0.02665741,0.02665758,0.02665757,0.02665699,0.0266573,0.02665708,0.02665713,0.02665669,0.02665691,0.02665695,0.02665712,0.02665688,0.02665696,0.02665685
246,,,,,,,,,0.0698043,0.04158073,0.04561695,0.03872361,0.03413359,0.03048365,0.02827284,0.02712029,0.02667587,0.02650737,0.02639547,0.02650562,0.02658565,0.02660218,0.02660489,0.02660523,0.02660515,0.02660592,0.02660711,0.02660816,0.02660888,0.02660965,0.02661038,0.02661088,0.02661128,0.02661168,0.02661203,0.0266124,0.02661273,0.02661306,0.02661338,0.02661368,0.02661396,0.02661426,0.02661452,0.02661476,0.02661501,0.02661524,0.02661547,0.02661569,0.02661588,0.02661609,0.02661627,0.02661646,0.02661663,0.02661682,0.02661697,0.02661713,0.02661728,0.02661745,0.02661758,0.02661773,0.02661782,0.02661799,0.02661811,0.02661825,0.02661837,0.02661854,0.02661866,0.02661874,0.02661879,0.0266189,0.026619,0.02661911,0.0266192,0.02661932,0.02661939,0.02661949,0.02661958,0.02661967,0.02661975,0.02661985,0.0266199,0.02662,0.02662007,0.02662014,0.02662021,0.02662031,0.02662036,0.02662044,0.02662049,0.02662057,0.02662064,0.0266207,0.02662075,0.02662082,0.02662088,0.02662095,0.02662098,0.02662106,0.0266211,0.02662117,0.02662122,0.02662127,0.02662131,0.02662138,0.02662142,0.02662148,0.02662152,0.02662159,0.02662162,0.02662167,0.02662172,0.02662177,0.02662179,0.02662185,0.02662189,0.02662194,0.02662196,0.02662201,0.02662206,0.02662209,0.02662212,0.02662218,0.0266222,0.02662224,0.02662228,0.02662232,0.02662235,0.02662238,0.02662243,0.02662246,0.02662249,0.02662251,0.02662255,0.02662259,0.0266226,0.02662265,0.02662266,0.02662271,0.02662272,0.02662277,0.02662278,0.02662283,0.02662284,0.02662288,0.02662288,0.02662293,0.02662296,0.026623,0.02662299,0.02662304,0.02662308,0.02662308,0.02662309
247,,,,,,,,,996.6071,806.3157,582.9574,388.9162,278.3114,217.8252,189.1619,177.7441,174.0444,172.708,172.94,173.0349,172.7819,172.6485,172.5893,172.5618,172.5489,172.5468,172.5451,172.5399,172.536,172.5381,172.5408,172.5383,172.539,172.5435,172.5435,172.5433,172.5435,172.5446,172.5455,172.5452,172.5413,172.5508,172.5479,172.5516,172.5502,172.5559,172.5553,172.5565,172.5517,172.5546,172.5576,172.5548,172.5571,172.5611,172.562,172.5583,172.5573,172.5604,172.5634,172.5619,172.5563,172.5548,172.5548,172.5507,172.5541,172.5567,172.5542,172.5534,172.5553,172.5524,172.5548,172.5543,172.5529,172.5559,172.5582,172.5567,172.5548,172.5588,172.5595,172.5585,172.5558,172.5556,172.5561,172.5587,172.5535,172.5598,172.5617,172.5577,172.5556,172.5597,172.5607,172.5608,172.5597,172.5622,172.5613,172.559,172.5569,172.5594,172.5644,172.5616,172.5597,172.5631,172.5618,172.561,172.5598,172.5651,172.5668,172.5649,172.5625,172.5646,172.5671,172.5659,172.5647,172.5676,172.5646,172.5649,172.563,172.5682,172.5668,172.5673,172.5619,172.5657,172.5654,172.5636,172.5644,172.5686,172.5688,172.5677,172.5643,172.5702,172.5701,172.5687,172.5661,172.5683,172.5694,172.5694,172.5662,172.5684,172.5676,172.5665,172.5633,172.5678,172.5689,172.5667,172.5654,172.5693,172.572,172.5689,172.5696,172.5727,172.5727,172.5679,172.5666
248,,,,,,,,,995.6894,793.2637,595.8405,388.9301,278.4076,217.9212,189.2608,177.8471,174.1506,172.8134,173.0464,173.1406,172.8871,172.7536,172.694,172.6619,172.6488,172.6467,172.6448,172.6394,172.6363,172.6382,172.6407,172.6381,172.6386,172.643,172.6427,172.6424,172.6424,172.6434,172.6442,172.6437,172.6396,172.6489,172.6459,172.6494,172.6478,172.6534,172.6527,172.6537,172.6488,172.6514,172.6543,172.6513,172.6535,172.6573,172.658,172.6543,172.6531,172.6561,172.6589,172.6573,172.654,172.6568,172.6571,172.6529,172.6561,172.6585,172.6558,172.6548,172.6566,172.6535,172.6557,172.6551,172.6535,172.6563,172.6584,172.6568,172.6547,172.6585,172.659,172.6579,172.655,172.6546,172.655,172.6574,172.652,172.6582,172.66,172.6558,172.6535,172.6575,172.6583,172.6583,172.657,172.6593,172.6583,172.6558,172.6535,172.6559,172.6607,172.6578,172.6558,172.659,172.6576,172.6566,172.6553,172.6604,172.6619,172.6599,172.6574,172.6593,172.6617,172.6603,172.6589,172.6617,172.6586,172.6588,172.6567,172.6618,172.6601,172.6605,172.655,172.6587,172.6582,172.6563,172.6569,172.661,172.6611,172.6598,172.6562,172.6621,172.6618,172.6602,172.6576,172.6596,172.6605,172.6605,172.657,172.6592,172.6582,172.657,172.6536,172.658,172.659,172.6566,172.6552,172.659,172.6615,172.6583,172.6589,172.6618,172.6617,172.6568,172.6554
249,,,,,,,,,1348.567,1207.448,747.6766,520.0664,391.2124,321.6106,289.5382,277.2232,273.4684,272.2085,272.4252,272.4339,272.1166,271.9674,271.9032,271.8721,271.8521,271.8424,271.8271,271.8215,271.8168,271.8119,271.8036,271.7958,271.7946,271.7908,271.7835,271.7806,271.7753,271.7683,271.7661,271.7656,271.7625,271.7569,271.7529,271.7468,271.7436,271.7405,271.7284,271.7337,271.73,271.7248,271.7214,271.7178,271.7133,271.7145,271.706,271.7077,271.7026,271.6995,271.6932,271.6933,271.6875,271.6896,271.6809,271.6801,271.6775,271.6761,271.6712,271.6725,271.6677,271.6685,271.6607,271.6643,271.6583,271.6611,271.6544,271.6557,271.6505,271.6531,271.6426,271.6456,271.6428,271.6421,271.6364,271.6379,271.6364,271.6321,271.6286,271.6289,271.6245,271.6242,271.6221,271.6243,271.6216,271.6216,271.6154,271.6157,271.6123,271.6135,271.6079,271.6108,271.6126,271.6106,271.6075,271.6073,271.6016,271.6055,271.5989,271.6003,271.5987,271.6032,271.5968,271.5967,271.5952,271.5962,271.5862,271.5918,271.5917,271.5921,271.5851,271.588,271.5853,271.5897,271.5845,271.5866,271.5808,271.5818,271.5785,271.5772,271.5783,271.5806,271.5767,271.5773,271.5738,271.5755,271.5739,271.5755,271.5705,271.5741,271.5662,271.5704,271.5684,271.5696,271.5636,271.5667,271.5623,271.5635,271.5583,271.5613,271.5602,271.5632,271.5601,271.5613,271.5578
250,,,,,,,,,576.4169,482.8672,311.4896,218.3055,166.148,139.8409,128.5185,124.6883,123.6301,123.5324,123.7781,123.5691,123.3489,123.2788,123.2591,123.254,123.2544,123.2553,123.2556,123.2566,123.2585,123.2604,123.2624,123.2647,123.2673,123.2698,123.2722,123.2744,123.2765,123.2784,123.2802,123.282,123.2835,123.2851,123.2865,123.2879,123.2891,123.2904,123.2915,123.2927,123.2937,123.2947,123.2957,123.2966,123.2975,123.2984,123.2992,123.3,123.3008,123.3015,123.3023,123.3029,123.3036,123.3043,123.305,123.3057,123.3061,123.3066,123.307,123.3077,123.3083,123.3089,123.3093,123.3099,123.3103,123.3107,123.3112,123.3117,123.312,123.3125,123.3129,123.3133,123.3137,123.3141,123.3144,123.3148,123.3151,123.3154,123.3158,123.3161,123.3164,123.3168,123.317,123.3174,123.3176,123.318,123.3182,123.3185,123.3187,123.319,123.3194,123.3196,123.3198,123.3201,123.3203,123.3205,123.3207,123.3211,123.3213,123.3215,123.3217,123.3219,123.3221,123.3223,123.3225,123.3227,123.3229,123.3231,123.3233,123.3235,123.3236,123.3239,123.324,123.3242,123.3244,123.3247,123.3247,123.3249,123.3251,123.3253,123.3253,123.3256,123.3257,123.326,123.326,123.3262,123.3263,123.3266,123.3266,123.3267,123.3269,123.3271,123.3272,123.3272,123.3274,123.3276,123.3277,123.3278,123.328,123.3281,123.3282,123.3284,123.3284,123.3286,123.3286
251,,,,,,,,,3890.679,4007.661,4012.811,4018.149,4022.511,4025.591,4027.48,4028.403,4028.72,4028.861,4028.914,4028.936,4029.018,4029.057,4029.088,4029.061,4029.09,4029.098,4029.098,4029.099,4029.104,4029.104,4029.103,4029.103,4029.102,4029.101,4029.101,4029.1,4029.099,4029.099,4029.098,4029.097,4029.097,4029.096,4029.095,4029.094,4029.093,4029.092,4029.092,4029.091,4029.09,4029.089,4029.088,4029.087,4029.087,4029.086,4029.085,4029.084,4029.083,4029.082,4029.081,4029.08,4029.101,4029.128,4029.127,4029.125,4029.124,4029.123,4029.123,4029.122,4029.121,4029.12,4029.119,4029.118,4029.117,4029.116,4029.115,4029.114,4029.113,4029.112,4029.111,4029.11,4029.109,4029.107,4029.107,4029.106,4029.105,4029.104,4029.103,4029.102,4029.101,4029.1,4029.099,4029.098,4029.097,4029.096,4029.095,4029.094,4029.093,4029.092,4029.091,4029.09,4029.089,4029.088,4029.087,4029.086,4029.085,4029.084,4029.083,4029.082,4029.082,4029.081,4029.08,4029.079,4029.078,4029.077,4029.076,4029.075,4029.074,4029.073,4029.072,4029.072,4029.071,4029.07,4029.069,4029.068,4029.067,4029.066,4029.065,4029.065,4029.064,4029.063,4029.062,4029.061,4029.06,4029.06,4029.059,4029.058,4029.057,4029.056,4029.055,4029.055,4029.054,4029.053,4029.052,4029.051,4029.05,4029.05,4029.049,4029.048,4029.047,4029.046,4029.046,4029.045,4029.044
252,,,,,,,,,3885.473,3999.499,4011.286,4015.783,4019.854,4023.11,4025.201,4026.292,4026.714,4026.865,4026.943,4026.966,4027.045,4027.091,4027.125,4027.132,4027.16,4027.173,4027.175,4027.177,4027.179,4027.179,4027.18,4027.18,4027.181,4027.181,4027.182,4027.182,4027.183,4027.183,4027.183,4027.184,4027.184,4027.184,4027.185,4027.185,4027.185,4027.185,4027.186,4027.186,4027.186,4027.186,4027.186,4027.187,4027.187,4027.187,4027.187,4027.187,4027.188,4027.188,4027.188,4027.188,4027.192,4027.193,4027.189,4027.189,4027.189,4027.189,4027.189,4027.19,4027.19,4027.19,4027.19,4027.19,4027.19,4027.19,4027.191,4027.191,4027.191,4027.191,4027.191,4027.191,4027.191,4027.191,4027.192,4027.192,4027.192,4027.192,4027.192,4027.192,4027.192,4027.192,4027.192,4027.192,4027.192,4027.193,4027.193,4027.193,4027.193,4027.193,4027.193,4027.193,4027.193,4027.193,4027.193,4027.193,4027.194,4027.194,4027.194,4027.194,4027.194,4027.194,4027.194,4027.194,4027.194,4027.194,4027.194,4027.194,4027.194,4027.195,4027.195,4027.195,4027.195,4027.195,4027.195,4027.195,4027.195,4027.195,4027.195,4027.195,4027.195,4027.195,4027.196,4027.196,4027.196,4027.196,4027.196,4027.196,4027.196,4027.196,4027.196,4027.196,4027.196,4027.196,4027.196,4027.196,4027.197,4027.197,4027.197,4027.197,4027.197,4027.197,4027.197,4027.197,4027.197
253,,,,,,,,,7364.249,6223.627,6926.057,7162.11,7149.974,7059.632,6973.469,6934.459,6912.78,6898.759,6913.367,6921.494,6922.793,6923.001,6923.039,6923.087,6923.239,6923.464,6923.662,6923.831,6923.991,6924.163,6924.297,6924.423,6924.53,6924.652,6924.771,6924.888,6924.983,6925.097,6925.197,6925.298,6925.398,6925.496,6925.57,6925.673,6925.74,6925.835,6925.911,6925.992,6926.058,6926.134,6926.209,6926.281,6926.347,6926.41,6926.466,6926.53,6926.595,6926.646,6926.706,6926.756,6926.812,6926.876,6926.931,6926.976,6927.019,6927.072,6927.118,6927.147,6927.191,6927.24,6927.272,6927.326,6927.358,6927.402,6927.429,6927.485,6927.504,6927.551,6927.582,6927.623,6927.646,6927.689,6927.706,6927.753,6927.78,6927.807,6927.847,6927.873,6927.898,6927.921,6927.952,6927.982,6927.998,6928.026,6928.049,6928.073,6928.094,6928.121,6928.152,6928.175,6928.19,6928.216,6928.241,6928.264,6928.269,6928.308,6928.327,6928.352,6928.369,6928.393,6928.413,6928.417,6928.443,6928.471,6928.482,6928.501,6928.509,6928.541,6928.544,6928.573,6928.583,6928.603,6928.619,6928.635,6928.645,6928.664,6928.68,6928.712,6928.711,6928.73,6928.734,6928.762,6928.759,6928.782,6928.783,6928.805,6928.809,6928.837,6928.843,6928.858,6928.875,6928.886,6928.891,6928.907,6928.914,6928.933,6928.949,6928.955,6928.963,6928.99,6928.992,6928.999,6929.001
254,,,,,,,,,6416.771,4014.736,6085.373,6479.228,6786.583,6798.171,6696.258,6585.244,6524.392,6494.323,6467.555,6481.454,6495.303,6498.043,6498.149,6497.916,6497.613,6497.461,6497.425,6497.396,6497.321,6497.273,6497.233,6497.166,6497.085,6497.014,6496.945,6496.886,6496.826,6496.772,6496.721,6496.669,6496.627,6496.587,6496.544,6496.502,6496.466,6496.428,6496.399,6496.364,6496.326,6496.302,6496.267,6496.241,6496.214,6496.187,6496.157,6496.132,6496.108,6496.089,6496.06,6496.041,6496.011,6495.996,6495.971,6495.953,6495.937,6495.924,6495.91,6495.888,6495.858,6495.839,6495.827,6495.807,6495.792,6495.781,6495.76,6495.745,6495.738,6495.715,6495.707,6495.693,6495.677,6495.665,6495.655,6495.636,6495.627,6495.621,6495.603,6495.597,6495.582,6495.572,6495.563,6495.55,6495.538,6495.529,6495.519,6495.511,6495.5,6495.49,6495.476,6495.474,6495.464,6495.455,6495.443,6495.44,6495.431,6495.42,6495.41,6495.409,6495.398,6495.389,6495.384,6495.377,6495.365,6495.362,6495.356,6495.348,6495.338,6495.332,6495.331,6495.319,6495.316,6495.31,6495.299,6495.291,6495.291,6495.286,6495.277,6495.27,6495.272,6495.261,6495.254,6495.245,6495.246,6495.238,6495.23,6495.224,6495.22,6495.221,6495.211,6495.204,6495.2,6495.204,6495.194,6495.186,6495.178,6495.179,6495.175,6495.175,6495.162,6495.159,6495.164,6495.15,6495.145
255,,,,,,,,,-67.62373,-67.62597,-67.62442,-67.62271,-67.62101,-67.61949,-67.61841,-67.61783,-67.61762,-67.61758,-67.61762,-67.61767,-67.61771,-67.61773,-67.61775,-67.61769,-67.61776,-67.61776,-67.61775,-67.61775,-67.61774,-67.61775,-67.61775,-67.61775,-67.61776,-67.61776,-67.61776,-67.61776,-67.61776,-67.61776,-67.61776,-67.61776,-67.61776,-67.61776,-67.61776,-67.61776,-67.61776,-67.61776,-67.61776,-67.61776,-67.61775,-67.61775,-67.61775,-67.61775,-67.61775,-67.61775,-67.61775,-67.61775,-67.61775,-67.61775,-67.61775,-67.61775,-67.61766,-67.61764,-67.61771,-67.61774,-67.61775,-67.61775,-67.61775,-67.61775,-67.61775,-67.61775,-67.61775,-67.61775,-67.61775,-67.61775,-67.61775,-67.61775,-67.61775,-67.61775,-67.61775,-67.61775,-67.61775,-67.61775,-67.61775,-67.61775,-67.61775,-67.61775,-67.61775,-67.61775,-67.61775,-67.61775,-67.61775,-67.61775,-67.61775,-67.61775,-67.61775,-67.61775,-67.61775,-67.61775,-67.61775,-67.61775,-67.61775,-67.61775,-67.61775,-67.61775,-67.61775,-67.61775,-67.61775,-67.61775,-67.61775,-67.61775,-67.61775,-67.61775,-67.61775,-67.61775,-67.61775,-67.61775,-67.61775,-67.61775,-67.61775,-67.61775,-67.61775,-67.61775,-67.61775,-67.61775,-67.61775,-67.61775,-67.61775,-67.61775,-67.61775,-67.61775,-67.61775,-67.61775,-67.61775,-67.61775,-67.61775,-67.61775,-67.61775,-67.61775,-67.61775,-67.61775,-67.61775,-67.61775,-67.61775,-67.61775,-67.61775,-67.61775,-67.61775,-67.61775,-67.61775,-67.61775,-67.61775,-67.61775,-67.61775
256,,,,,,,,,-67.71598,-67.71647,-67.70165,-67.68514,-67.67368,-67.66557,-67.66054,-67.65803,-67.65713,-67.6569,-67.657,-67.65715,-67.65723,-67.65728,-67.65732,-67.65731,-67.65735,-67.65736,-67.65736,-67.65736,-67.65735,-67.65737,-67.65738,-67.65739,-67.65739,-67.65739,-67.6574,-67.6574,-67.6574,-67.6574,-67.6574,-67.6574,-67.6574,-67.6574,-67.6574,-67.65741,-67.65741,-67.65741,-67.65741,-67.65741,-67.65741,-67.65741,-67.65741,-67.65741,-67.65741,-67.65741,-67.65741,-67.65741,-67.65741,-67.65741,-67.65741,-67.65741,-67.65734,-67.65728,-67.65734,-67.65739,-67.6574,-67.65741,-67.65741,-67.65741,-67.65741,-67.65741,-67.65741,-67.65741,-67.65741,-67.65741,-67.65741,-67.65741,-67.65741,-67.65741,-67.65741,-67.65741,-67.65741,-67.65741,-67.65741,-67.65741,-67.65741,-67.65741,-67.65741,-67.65741,-67.65741,-67.65741,-67.65741,-67.65741,-67.65741,-67.65741,-67.65741,-67.65741,-67.65741,-67.65741,-67.65741,-67.65741,-67.65741,-67.65741,-67.65741,-67.65741,-67.65741,-67.65741,-67.65741,-67.65741,-67.65741,-67.65741,-67.65741,-67.65741,-67.65741,-67.65741,-67.65741,-67.65741,-67.65741,-67.65741,-67.65741,-67.65741,-67.65741,-67.65741,-67.65741,-67.65741,-67.65741,-67.65741,-67.65741,-67.65741,-67.65741,-67.65741,-67.65741,-67.65741,-67.65741,-67.65741,-67.65741,-67.65741,-67.65741,-67.65741,-67.65741,-67.65741,-67.65741,-67.65741,-67.65741,-67.65741,-67.65741,-67.65741,-67.65741,-67.65741,-67.65741,-67.65741,-67.65741,-67.65741,-67.65741
257,,,,,,,,,-69.06207,-68.31164,-68.10193,-67.87119,-67.51754,-67.1332,-66.79013,-66.52546,-66.32989,-66.19778,-66.13352,-66.09934,-66.08043,-66.0713,-66.0674,-66.06613,-66.06569,-66.06562,-66.06568,-66.06574,-66.06574,-66.0658,-66.06585,-66.06591,-66.06598,-66.06605,-66.06612,-66.06619,-66.06624,-66.06628,-66.06632,-66.06635,-66.06637,-66.0664,-66.06641,-66.06643,-66.06645,-66.06646,-66.06648,-66.06649,-66.0665,-66.06651,-66.06652,-66.06653,-66.06653,-66.06654,-66.06654,-66.06655,-66.06656,-66.06656,-66.06656,-66.06657,-66.06651,-66.0664,-66.06635,-66.06636,-66.06637,-66.06639,-66.06643,-66.06648,-66.06653,-66.06657,-66.06659,-66.0666,-66.0666,-66.06661,-66.06661,-66.06661,-66.06661,-66.06661,-66.06661,-66.06661,-66.06661,-66.06661,-66.06661,-66.06661,-66.06661,-66.06661,-66.06661,-66.06661,-66.06661,-66.06661,-66.06661,-66.06661,-66.06661,-66.06661,-66.06661,-66.06661,-66.06661,-66.06661,-66.06661,-66.06661,-66.0666,-66.0666,-66.0666,-66.0666,-66.0666,-66.0666,-66.0666,-66.0666,-66.0666,-66.0666,-66.0666,-66.0666,-66.0666,-66.0666,-66.0666,-66.06659,-66.06659,-66.06659,-66.06659,-66.06659,-66.06659,-66.06659,-66.06659,-66.06659,-66.06659,-66.06659,-66.06659,-66.06659,-66.06658,-66.06658,-66.06658,-66.06659,-66.06658,-66.06658,-66.06658,-66.06658,-66.06658,-66.06658,-66.06658,-66.06658,-66.06658,-66.06657,-66.06657,-66.06657,-66.06657,-66.06657,-66.06657,-66.06657,-66.06657,-66.06657,-66.06657,-66.06657,-66.06657
258,,,,,,,,,-72.09671,-63.93846,-68.82295,-68.27542,-67.70397,-66.90607,-66.14405,-65.54276,-65.14435,-64.88571,-64.71604,-64.66096,-64.63877,-64.6196,-64.60814,-64.60264,-64.60036,-64.59963,-64.59947,-64.59949,-64.59948,-64.59945,-64.59945,-64.59942,-64.59939,-64.59937,-64.59936,-64.59936,-64.59935,-64.59934,-64.59933,-64.59931,-64.59929,-64.59927,-64.59925,-64.59921,-64.59919,-64.59916,-64.59914,-64.59911,-64.59908,-64.59906,-64.59903,-64.59901,-64.59898,-64.59896,-64.59893,-64.59891,-64.59888,-64.59886,-64.59883,-64.59881,-64.59879,-64.59874,-64.59861,-64.59852,-64.5985,-64.5985,-64.5985,-64.59849,-64.5985,-64.59853,-64.59856,-64.59856,-64.59855,-64.59855,-64.59853,-64.59851,-64.5985,-64.59848,-64.59846,-64.59845,-64.59843,-64.59842,-64.5984,-64.59838,-64.59837,-64.59836,-64.59834,-64.59833,-64.59831,-64.5983,-64.59829,-64.59827,-64.59826,-64.59825,-64.59824,-64.59823,-64.59821,-64.5982,-64.59818,-64.59818,-64.59817,-64.59815,-64.59814,-64.59813,-64.59812,-64.59811,-64.5981,-64.59809,-64.59808,-64.59807,-64.59806,-64.59805,-64.59804,-64.59803,-64.59802,-64.59801,-64.598,-64.59799,-64.59799,-64.59797,-64.59797,-64.59796,-64.59795,-64.59794,-64.59794,-64.59793,-64.59792,-64.59791,-64.59791,-64.59789,-64.59789,-64.59788,-64.59788,-64.59787,-64.59786,-64.59785,-64.59785,-64.59784,-64.59783,-64.59782,-64.59782,-64.59782,-64.59781,-64.5978,-64.59779,-64.59779,-64.59778,-64.59778,-64.59777,-64.59776,-64.59776,-64.59775,-64.59775
259,,,,,,,,,0.9625025,0.999907,0.9999999,1.0,1.0,1.0,1.0,1.0,1.0,1.0,1.0,1.0,1.0,1.0,1.0,1.0,1.0,1.0,1.0,1.0,1.0,1.0,1.0,1.0,1.0,1.0,1.0,1.0,1.0,1.0,1.0,1.0,1.0,1.0,1.0,1.0,1.0,1.0,1.0,1.0,1.0,1.0,1.0,1.0,1.0,1.0,1.0,1.0,1.0,1.0,1.0,1.0,1.0,1.0,1.0,1.0,1.0,1.0,1.0,1.0,1.0,1.0,1.0,1.0,1.0,1.0,1.0,1.0,1.0,1.0,1.0,1.0,1.0,1.0,1.0,1.0,1.0,1.0,1.0,1.0,1.0,1.0,1.0,1.0,1.0,1.0,1.0,1.0,1.0,1.0,1.0,1.0,1.0,1.0,1.0,1.0,1.0,1.0,1.0,1.0,1.0,1.0,1.0,1.0,1.0,1.0,1.0,1.0,1.0,1.0,1.0,1.0,1.0,1.0,1.0,1.0,1.0,1.0,1.0,1.0,1.0,1.0,1.0,1.0,1.0,1.0,1.0,1.0,1.0,1.0,1.0,1.0,1.0,1.0,1.0,1.0,1.0,1.0,1.0,1.0,1.0,1.0,1.0,1.0,1.0
260,,,,,,,,,0.961668,0.9994788,0.9999993,1.0,1.0,1.0,1.0,1.0,1.0,1.0,1.0,1.0,1.0,1.0,1.0,1.0,1.0,1.0,1.0,1.0,1.0,1.0,1.0,1.0,1.0,1.0,1.0,1.0,1.0,1.0,1.0,1.0,1.0,1.0,1.0,1.0,1.0,1.0,1.0,1.0,1.0,1.0,1.0,1.0,1.0,1.0,1.0,1.0,1.0,1.0,1.0,1.0,1.0,1.0,1.0,1.0,1.0,1.0,1.0,1.0,1.0,1.0,1.0,1.0,1.0,1.0,1.0,1.0,1.0,1.0,1.0,1.0,1.0,1.0,1.0,1.0,1.0,1.0,1.0,1.0,1.0,1.0,1.0,1.0,1.0,1.0,1.0,1.0,1.0,1.0,1.0,1.0,1.0,1.0,1.0,1.0,1.0,1.0,1.0,1.0,1.0,1.0,1.0,1.0,1.0,1.0,1.0,1.0,1.0,1.0,1.0,1.0,1.0,1.0,1.0,1.0,1.0,1.0,1.0,1.0,1.0,1.0,1.0,1.0,1.0,1.0,1.0,1.0,1.0,1.0,1.0,1.0,1.0,1.0,1.0,1.0,1.0,1.0,1.0,1.0,1.0,1.0,1.0,1.0,1.0
261,,,,,,,,,0.8651457,0.7189934,0.8065379,0.8367416,0.8357732,0.8238782,0.8130504,0.8077276,0.8051774,0.8036036,0.8044374,0.80499,0.8049919,0.8049396,0.8048968,0.8048665,0.8048474,0.8048419,0.8048359,0.8048315,0.804827,0.8048268,0.8048227,0.8048188,0.8048152,0.8048143,0.8048121,0.8048118,0.8048091,0.8048084,0.8048071,0.804807,0.804808,0.8048077,0.8048045,0.8048063,0.8048035,0.8048055,0.8048031,0.8048049,0.8048037,0.8048038,0.8048037,0.804804,0.8048045,0.8048045,0.8048026,0.8048037,0.8048045,0.8048037,0.8048033,0.8048027,0.8048034,0.804806,0.8048058,0.8048046,0.804804,0.8048045,0.8048046,0.8048032,0.8048039,0.8048045,0.8048028,0.804805,0.8048036,0.804805,0.8048025,0.8048057,0.8048035,0.8048059,0.8048036,0.8048053,0.8048041,0.8048056,0.8048029,0.8048054,0.8048053,0.8048044,0.8048056,0.8048053,0.8048049,0.8048041,0.8048046,0.8048052,0.8048043,0.804805,0.804804,0.8048036,0.8048037,0.8048039,0.8048043,0.8048047,0.8048044,0.8048049,0.8048052,0.8048056,0.8048026,0.8048057,0.8048054,0.8048061,0.8048062,0.8048075,0.8048068,0.8048044,0.8048061,0.804808,0.8048052,0.8048066,0.8048054,0.804808,0.8048046,0.8048069,0.8048066,0.8048071,0.804807,0.8048071,0.8048063,0.8048066,0.8048067,0.8048087,0.8048073,0.8048084,0.8048062,0.8048083,0.804806,0.8048069,0.8048054,0.8048068,0.8048051,0.8048076,0.8048055,0.8048065,0.804808,0.8048078,0.8048053,0.8048067,0.8048057,0.8048069,0.8048073,0.8048067,0.8048067,0.8048092,0.8048077,0.804807,0.8048055
262,,,,,,,,,0.6768816,0.3967994,0.6337467,0.6766644,0.7106162,0.711689,0.6999936,0.6875604,0.6806289,0.6773506,0.6746928,0.6757836,0.677003,0.6772195,0.6772082,0.6771815,0.6771536,0.6771417,0.6771422,0.6771449,0.6771438,0.6771458,0.6771488,0.6771492,0.6771483,0.6771483,0.6771485,0.6771495,0.6771499,0.6771508,0.6771519,0.6771526,0.6771541,0.6771556,0.6771567,0.6771575,0.6771589,0.6771599,0.6771617,0.6771628,0.6771631,0.6771651,0.6771657,0.6771671,0.6771683,0.6771694,0.6771699,0.677171,0.6771721,0.6771735,0.6771737,0.6771751,0.677175,0.6771768,0.6771771,0.6771783,0.6771794,0.6771806,0.6771819,0.6771824,0.6771818,0.6771824,0.6771836,0.677184,0.6771847,0.677186,0.6771859,0.6771866,0.677188,0.6771877,0.6771889,0.6771895,0.6771897,0.6771905,0.6771913,0.6771911,0.677192,0.6771933,0.677193,0.6771942,0.6771942,0.6771948,0.6771955,0.6771957,0.677196,0.6771966,0.677197,0.6771977,0.6771979,0.6771984,0.6771981,0.6771995,0.6771998,0.6772002,0.6772001,0.6772012,0.6772014,0.6772015,0.6772016,0.6772029,0.6772028,0.677203,0.6772036,0.677204,0.6772038,0.6772047,0.6772051,0.6772053,0.6772052,0.6772057,0.6772066,0.6772063,0.6772069,0.6772074,0.6772071,0.6772071,0.6772082,0.6772085,0.6772084,0.6772085,0.6772098,0.6772093,0.6772095,0.6772094,0.6772103,0.6772103,0.6772102,0.6772104,0.6772107,0.6772117,0.6772113,0.6772114,0.6772116,0.677213,0.6772124,0.6772124,0.6772122,0.677213,0.6772132,0.6772141,0.6772131,0.6772136,0.6772149,0.677214,0.6772139
263,,,,,,,,,24218720.0,24223510.0,24228110.0,24232930.0,24236250.0,24238350.0,24239440.0,24239900.0,24240050.0,24240100.0,24240090.0,24240090.0,24240100.0,24240110.0,24240110.0,24240110.0,24240110.0,24240110.0,24240110.0,24240110.0,24240110.0,24240110.0,24240110.0,24240110.0,24240110.0,24240110.0,24240110.0,24240110.0,24240110.0,24240110.0,24240110.0,24240110.0,24240110.0,24240110.0,24240110.0,24240110.0,24240110.0,24240110.0,24240110.0,24240110.0,24240110.0,24240110.0,24240110.0,24240110.0,24240110.0,24240110.0,24240110.0,24240110.0,24240110.0,24240110.0,24240110.0,24240110.0,24240130.0,24240110.0,24240110.0,24240110.0,24240110.0,24240110.0,24240110.0,24240110.0,24240110.0,24240110.0,24240110.0,24240110.0,24240110.0,24240110.0,24240110.0,24240110.0,24240110.0,24240110.0,24240110.0,24240110.0,24240110.0,24240110.0,24240110.0,24240110.0,24240110.0,24240110.0,24240110.0,24240110.0,24240110.0,24240110.0,24240110.0,24240110.0,24240110.0,24240110.0,24240110.0,24240110.0,24240110.0,24240110.0,24240110.0,24240110.0,24240110.0,24240110.0,24240110.0,24240110.0,24240110.0,24240110.0,24240110.0,24240110.0,24240110.0,24240110.0,24240110.0,24240110.0,24240110.0,24240110.0,24240110.0,24240110.0,24240110.0,24240110.0,24240110.0,24240110.0,24240110.0,24240110.0,24240110.0,24240110.0,24240110.0,24240110.0,24240110.0,24240110.0,24240110.0,24240110.0,24240110.0,24240110.0,24240110.0,24240110.0,24240110.0,24240110.0,24240110.0,24240110.0,24240110.0,24240110.0,24240110.0,24240110.0,24240110.0,24240110.0,24240110.0,24240110.0,24240110.0,24240110.0,24240110.0,24240110.0,24240110.0,24240110.0,24240110.0
264,,,,,,,,,23489040.0,23513040.0,23554160.0,23590450.0,23611380.0,23623010.0,23628520.0,23630700.0,23631410.0,23631660.0,23631600.0,23631580.0,23631620.0,23631640.0,23631650.0,23631660.0,23631660.0,23631660.0,23631660.0,23631660.0,23631660.0,23631660.0,23631660.0,23631660.0,23631660.0,23631660.0,23631660.0,23631660.0,23631660.0,23631660.0,23631660.0,23631660.0,23631660.0,23631660.0,23631660.0,23631660.0,23631660.0,23631660.0,23631660.0,23631660.0,23631660.0,23631660.0,23631660.0,23631660.0,23631660.0,23631660.0,23631660.0,23631660.0,23631660.0,23631660.0,23631660.0,23631660.0,23631670.0,23631650.0,23631650.0,23631650.0,23631660.0,23631650.0,23631660.0,23631650.0,23631660.0,23631660.0,23631660.0,23631650.0,23631660.0,23631650.0,23631660.0,23631650.0,23631660.0,23631650.0,23631660.0,23631650.0,23631660.0,23631660.0,23631660.0,23631650.0,23631660.0,23631660.0,23631660.0,23631660.0,23631660.0,23631660.0,23631660.0,23631660.0,23631660.0,23631660.0,23631660.0,23631660.0,23631660.0,23631660.0,23631660.0,23631660.0,23631660.0,23631660.0,23631660.0,23631660.0,23631660.0,23631660.0,23631660.0,23631660.0,23631660.0,23631660.0,23631660.0,23631660.0,23631660.0,23631660.0,23631660.0,23631660.0,23631660.0,23631660.0,23631660.0,23631660.0,23631660.0,23631660.0,23631660.0,23631660.0,23631660.0,23631660.0,23631660.0,23631660.0,23631660.0,23631660.0,23631660.0,23631660.0,23631660.0,23631660.0,23631660.0,23631660.0,23631660.0,23631660.0,23631660.0,23631660.0,23631660.0,23631660.0,23631660.0,23631660.0,23631670.0,23631660.0,23631660.0,23631660.0,23631670.0,23631660.0,23631660.0,23631660.0,23631670.0
265,,,,,,,,,9438897.0,10246180.0,10550030.0,10909500.0,11175280.0,11334200.0,11408310.0,11433520.0,11440200.0,11436390.0,11428870.0,11426300.0,11426190.0,11426210.0,11426160.0,11426090.0,11425980.0,11425890.0,11425820.0,11425780.0,11425760.0,11425740.0,11425730.0,11425720.0,11425720.0,11425720.0,11425710.0,11425700.0,11425700.0,11425690.0,11425690.0,11425690.0,11425690.0,11425680.0,11425680.0,11425680.0,11425680.0,11425670.0,11425670.0,11425670.0,11425680.0,11425670.0,11425670.0,11425670.0,11425670.0,11425670.0,11425660.0,11425670.0,11425670.0,11425670.0,11425660.0,11425660.0,11425670.0,11425660.0,11425650.0,11425650.0,11425660.0,11425660.0,11425660.0,11425670.0,11425670.0,11425670.0,11425670.0,11425670.0,11425670.0,11425670.0,11425670.0,11425670.0,11425680.0,11425680.0,11425670.0,11425670.0,11425680.0,11425680.0,11425680.0,11425680.0,11425690.0,11425680.0,11425680.0,11425680.0,11425680.0,11425680.0,11425690.0,11425690.0,11425690.0,11425690.0,11425690.0,11425690.0,11425700.0,11425690.0,11425690.0,11425690.0,11425700.0,11425700.0,11425700.0,11425700.0,11425700.0,11425710.0,11425700.0,11425700.0,11425710.0,11425710.0,11425710.0,11425710.0,11425720.0,11425720.0,11425710.0,11425720.0,11425720.0,11425720.0,11425710.0,11425720.0,11425730.0,11425730.0,11425730.0,11425730.0,11425730.0,11425730.0,11425720.0,11425720.0,11425730.0,11425730.0,11425730.0,11425730.0,11425740.0,11425740.0,11425740.0,11425730.0,11425740.0,11425740.0,11425730.0,11425740.0,11425750.0,11425750.0,11425740.0,11425740.0,11425740.0,11425750.0,11425740.0,11425740.0,11425750.0,11425750.0,11425750.0,11425750.0,11425750.0
266,,,,,,,,,3940468.0,6083923.0,5602899.0,5855197.0,6083978.0,6318609.0,6476487.0,6558688.0,6590411.0,6604561.0,6597828.0,6585767.0,6582118.0,6581874.0,6582057.0,6582274.0,6582393.0,6582437.0,6582476.0,6582546.0,6582618.0,6582693.0,6582781.0,6582879.0,6582969.0,6583057.0,6583137.0,6583212.0,6583278.0,6583347.0,6583409.0,6583468.0,6583524.0,6583579.0,6583629.0,6583685.0,6583727.0,6583778.0,6583819.0,6583867.0,6583901.0,6583944.0,6583982.0,6584019.0,6584052.0,6584090.0,6584123.0,6584155.0,6584185.0,6584216.0,6584248.0,6584277.0,6584301.0,6584325.0,6584349.0,6584370.0,6584392.0,6584419.0,6584445.0,6584476.0,6584500.0,6584519.0,6584541.0,6584563.0,6584582.0,6584601.0,6584620.0,6584640.0,6584659.0,6584678.0,6584696.0,6584715.0,6584729.0,6584745.0,6584763.0,6584780.0,6584791.0,6584811.0,6584826.0,6584841.0,6584854.0,6584868.0,6584882.0,6584898.0,6584910.0,6584923.0,6584936.0,6584948.0,6584961.0,6584975.0,6584987.0,6584997.0,6585008.0,6585023.0,6585031.0,6585043.0,6585054.0,6585069.0,6585077.0,6585087.0,6585097.0,6585108.0,6585118.0,6585128.0,6585136.0,6585147.0,6585155.0,6585166.0,6585172.0,6585184.0,6585191.0,6585202.0,6585207.0,6585218.0,6585227.0,6585232.0,6585241.0,6585251.0,6585258.0,6585265.0,6585270.0,6585282.0,6585288.0,6585295.0,6585299.0,6585308.0,6585316.0,6585323.0,6585326.0,6585335.0,6585344.0,6585349.0,6585351.0,6585359.0,6585369.0,6585375.0,6585377.0,6585387.0,6585392.0,6585398.0,6585403.0,6585408.0,6585415.0,6585420.0,6585420.0
267,,,,,,,,,92.9997,93.00271,93.0019,93.00097,92.9998,92.99862,92.99771,92.99721,92.99702,92.99699,92.99703,92.99708,92.99712,92.99714,92.99716,92.9971,92.99717,92.99717,92.99716,92.99716,92.99716,92.99716,92.99716,92.99717,92.99717,92.99717,92.99717,92.99717,92.99717,92.99717,92.99717,92.99717,92.99717,92.99717,92.99717,92.99717,92.99717,92.99717,92.99717,92.99717,92.99717,92.99717,92.99717,92.99717,92.99717,92.99717,92.99717,92.99717,92.99717,92.99717,92.99717,92.99717,92.99708,92.99706,92.99713,92.99715,92.99716,92.99716,92.99716,92.99716,92.99716,92.99716,92.99716,92.99716,92.99716,92.99716,92.99716,92.99716,92.99716,92.99716,92.99716,92.99716,92.99716,92.99716,92.99716,92.99716,92.99716,92.99716,92.99716,92.99716,92.99716,92.99716,92.99716,92.99716,92.99716,92.99716,92.99716,92.99716,92.99716,92.99716,92.99716,92.99716,92.99716,92.99716,92.99716,92.99716,92.99716,92.99716,92.99716,92.99716,92.99716,92.99716,92.99716,92.99716,92.99716,92.99716,92.99716,92.99716,92.99716,92.99716,92.99716,92.99716,92.99716,92.99716,92.99716,92.99716,92.99716,92.99716,92.99716,92.99716,92.99716,92.99716,92.99716,92.99716,92.99716,92.99716,92.99716,92.99716,92.99716,92.99716,92.99716,92.99716,92.99716,92.99716,92.99716,92.99716,92.99716,92.99716,92.99716,92.99716,92.99716,92.99716,92.99716,92.99716,92.99716
268,,,,,,,,,92.97327,92.97767,92.96955,92.95895,92.95089,92.94467,92.94053,92.93837,92.93759,92.9374,92.93749,92.93764,92.93772,92.93777,92.93781,92.9378,92.93785,92.93785,92.93786,92.93786,92.93785,92.93787,92.93788,92.93788,92.93789,92.93789,92.93789,92.9379,92.9379,92.9379,92.9379,92.9379,92.9379,92.9379,92.9379,92.9379,92.9379,92.9379,92.9379,92.9379,92.9379,92.9379,92.9379,92.93791,92.93791,92.93791,92.93791,92.93791,92.93791,92.93791,92.93791,92.93791,92.93784,92.93777,92.93784,92.93788,92.9379,92.9379,92.93791,92.93791,92.93791,92.93791,92.93791,92.93791,92.93791,92.93791,92.93791,92.93791,92.93791,92.93791,92.93791,92.93791,92.93791,92.93791,92.93791,92.93791,92.93791,92.93791,92.93791,92.93791,92.93791,92.93791,92.93791,92.93791,92.93791,92.93791,92.93791,92.93791,92.93791,92.93791,92.93791,92.93791,92.93791,92.93791,92.93791,92.93791,92.93791,92.93791,92.93791,92.93791,92.93791,92.93791,92.93791,92.93791,92.93791,92.93791,92.93791,92.93791,92.93791,92.93791,92.93791,92.93791,92.93791,92.93791,92.93791,92.93791,92.93791,92.93791,92.93791,92.93791,92.93791,92.93791,92.93791,92.93791,92.93791,92.93791,92.93791,92.9379,92.93791,92.9379,92.9379,92.9379,92.9379,92.9379,92.9379,92.9379,92.9379,92.9379,92.9379,92.9379,92.9379,92.9379,92.9379,92.9379,92.9379
269,,,,,,,,,90.95956,90.65743,90.60546,90.55348,90.32744,90.01752,89.7088,89.45576,89.26327,89.1294,89.06168,89.02631,89.00735,88.99823,88.99431,88.993,88.99251,88.9924,88.99244,88.99248,88.99246,88.99251,88.99256,88.99262,88.99268,88.99276,88.99282,88.99288,88.99293,88.99297,88.99301,88.99304,88.99306,88.99308,88.9931,88.99312,88.99313,88.99315,88.99316,88.99317,88.99318,88.99319,88.9932,88.99321,88.99321,88.99322,88.99322,88.99323,88.99324,88.99324,88.99324,88.99325,88.99319,88.99308,88.99302,88.99303,88.99305,88.99307,88.99311,88.99316,88.99321,88.99325,88.99327,88.99328,88.99329,88.99329,88.99329,88.99329,88.99329,88.9933,88.9933,88.9933,88.9933,88.9933,88.9933,88.9933,88.9933,88.9933,88.9933,88.9933,88.9933,88.9933,88.9933,88.9933,88.9933,88.9933,88.9933,88.9933,88.9933,88.9933,88.9933,88.9933,88.9933,88.9933,88.9933,88.9933,88.9933,88.9933,88.9933,88.9933,88.9933,88.9933,88.9933,88.9933,88.9933,88.9933,88.9933,88.9933,88.9933,88.9933,88.9933,88.9933,88.9933,88.9933,88.9933,88.9933,88.9933,88.9933,88.99329,88.9933,88.9933,88.9933,88.99329,88.99329,88.99329,88.99329,88.99329,88.99329,88.99329,88.99329,88.99329,88.99329,88.99329,88.99329,88.99329,88.99329,88.99329,88.99329,88.99329,88.99329,88.99329,88.99329,88.99329,88.99329,88.99329
270,,,,,,,,,88.63431,83.26096,87.63321,87.36015,87.02653,86.46147,85.84972,85.32521,84.95618,84.7106,84.53472,84.4685,84.44294,84.42354,84.41225,84.40695,84.40478,84.40409,84.40397,84.40405,84.40411,84.40415,84.40423,84.40429,84.40434,84.4044,84.40447,84.40454,84.40459,84.40465,84.40469,84.40473,84.40476,84.40479,84.40481,84.40483,84.40485,84.40486,84.40488,84.40489,84.4049,84.40492,84.40492,84.40493,84.40494,84.40495,84.40495,84.40496,84.40496,84.40497,84.40497,84.40498,84.40497,84.40495,84.40484,84.40477,84.40477,84.40479,84.40482,84.40484,84.40487,84.40492,84.40496,84.40499,84.405,84.40501,84.40501,84.40501,84.40502,84.40501,84.40501,84.40501,84.40501,84.40501,84.40502,84.40501,84.40501,84.40502,84.40501,84.40502,84.40501,84.40501,84.40501,84.40501,84.40501,84.40501,84.40501,84.40501,84.40501,84.40501,84.405,84.40501,84.40501,84.40501,84.405,84.40501,84.40501,84.405,84.405,84.40501,84.405,84.405,84.405,84.405,84.405,84.405,84.405,84.405,84.40499,84.40499,84.405,84.40499,84.40499,84.405,84.40499,84.40499,84.40499,84.40499,84.40499,84.40499,84.40499,84.40499,84.40499,84.40498,84.40499,84.40499,84.40498,84.40498,84.40498,84.40499,84.40498,84.40498,84.40498,84.40499,84.40498,84.40498,84.40497,84.40498,84.40498,84.40498,84.40497,84.40497,84.40498,84.40497,84.40497
271,,,,,,,,,92.9997,92.99949,92.99949,92.99949,92.99949,92.99862,92.99771,92.99721,92.99702,92.99699,92.99699,92.99699,92.99699,92.99699,92.99699,92.99692,92.99692,92.99692,92.99692,92.99692,92.99692,92.99692,92.99692,92.99692,92.99692,92.99692,92.99692,92.99692,92.99692,92.99692,92.99692,92.99692,92.99692,92.99692,92.99692,92.99692,92.99692,92.99692,92.99692,92.99692,92.99692,92.99692,92.99692,92.99692,92.99692,92.99692,92.99692,92.99692,92.99692,92.99692,92.99692,92.99692,92.99692,92.99692,92.99692,92.99692,92.99692,92.99692,92.99692,92.99692,92.99692,92.99692,92.99692,92.99692,92.99692,92.99692,92.99692,92.99692,92.99692,92.99692,92.99692,92.99692,92.99692,92.99692,92.99692,92.99692,92.99692,92.99692,92.99692,92.99692,92.99692,92.99692,92.99692,92.99692,92.99692,92.99692,92.99692,92.99692,92.99692,92.99692,92.99692,92.99692,92.99692,92.99692,92.99692,92.99692,92.99692,92.99692,92.99692,92.99692,92.99692,92.99692,92.99692,92.99692,92.99692,92.99692,92.99692,92.99692,92.99692,92.99692,92.99692,92.99692,92.99692,92.99692,92.99692,92.99692,92.99692,92.99692,92.99692,92.99692,92.99692,92.99692,92.99692,92.99692,92.99692,92.99692,92.99692,92.99692,92.99692,92.99692,92.99692,92.99692,92.99692,92.99692,92.99692,92.99692,92.99692,92.99692,92.99692,92.99692,92.99692,92.99692,92.99692,92.99692,92.99692
272,,,,,,,,,92.97327,92.96535,92.96535,92.95895,92.95089,92.94467,92.94053,92.93837,92.93759,92.9374,92.9374,92.9374,92.9374,92.9374,92.9374,92.9374,92.9374,92.9374,92.9374,92.9374,92.9374,92.9374,92.9374,92.9374,92.9374,92.9374,92.9374,92.9374,92.9374,92.9374,92.9374,92.9374,92.9374,92.9374,92.9374,92.9374,92.9374,92.9374,92.9374,92.9374,92.9374,92.9374,92.9374,92.9374,92.9374,92.9374,92.9374,92.9374,92.9374,92.9374,92.9374,92.9374,92.9374,92.9374,92.9374,92.9374,92.9374,92.9374,92.9374,92.9374,92.9374,92.9374,92.9374,92.9374,92.9374,92.9374,92.9374,92.9374,92.9374,92.9374,92.9374,92.9374,92.9374,92.9374,92.9374,92.9374,92.9374,92.9374,92.9374,92.9374,92.9374,92.9374,92.9374,92.9374,92.9374,92.9374,92.9374,92.9374,92.9374,92.9374,92.9374,92.9374,92.9374,92.9374,92.9374,92.9374,92.9374,92.9374,92.9374,92.9374,92.9374,92.9374,92.9374,92.9374,92.9374,92.9374,92.9374,92.9374,92.9374,92.9374,92.9374,92.9374,92.9374,92.9374,92.9374,92.9374,92.9374,92.9374,92.9374,92.9374,92.9374,92.9374,92.9374,92.9374,92.9374,92.9374,92.9374,92.9374,92.9374,92.9374,92.9374,92.9374,92.9374,92.9374,92.9374,92.9374,92.9374,92.9374,92.9374,92.9374,92.9374,92.9374,92.9374,92.9374,92.9374
275,,,,,,,,,-67.62373,-63.93846,-67.62442,-67.61287,-67.32719,-66.90607,-66.14405,-65.54276,-65.14435,-64.88571,-64.71604,-64.66096,-64.63877,-64.6196,-64.60814,-64.60264,-64.60036,-64.59963,-64.59947,-64.59949,-64.59948,-64.59945,-64.59945,-64.59942,-64.59939,-64.59937,-64.59936,-64.59936,-64.59935,-64.59934,-64.59933,-64.59931,-64.59929,-64.59927,-64.59925,-64.59921,-64.59919,-64.59916,-64.59914,-64.59911,-64.59908,-64.59906,-64.59903,-64.59901,-64.59898,-64.59896,-64.59893,-64.59891,-64.59888,-64.59886,-64.59883,-64.59881,-64.59879,-64.59874,-64.59861,-64.59852,-64.5985,-64.5985,-64.5985,-64.59849,-64.5985,-64.59853,-64.59856,-64.59856,-64.59855,-64.59855,-64.59853,-64.59851,-64.5985,-64.59848,-64.59846,-64.59845,-64.59843,-64.59842,-64.5984,-64.59838,-64.59837,-64.59836,-64.59834,-64.59833,-64.59831,-64.5983,-64.59829,-64.59827,-64.59826,-64.59825,-64.59824,-64.59823,-64.59821,-64.5982,-64.59818,-64.59818,-64.59817,-64.59815,-64.59814,-64.59813,-64.59812,-64.59811,-64.5981,-64.59809,-64.59808,-64.59807,-64.59806,-64.59805,-64.59804,-64.59803,-64.59802,-64.59801,-64.598,-64.59799,-64.59799,-64.59797,-64.59797,-64.59796,-64.59795,-64.59794,-64.59794,-64.59793,-64.59792,-64.59791,-64.59791,-64.59789,-64.59789,-64.59788,-64.59788,-64.59787,-64.59786,-64.59785,-64.59785,-64.59784,-64.59783,-64.59782,-64.59782,-64.59782,-64.59781,-64.5978,-64.59779,-64.59779,-64.59778,-64.59778,-64.59777,-64.59776,-64.59776,-64.59775,-64.59775
276,,,,,,,,,71.9995,3647.483,71.9995,2744.979,2784.968,3647.483,3647.483,3647.483,3647.483,3647.483,3647.483,3647.483,3647.483,3647.483,3647.483,3647.483,3647.483,3647.483,3647.483,3647.483,3647.483,3647.483,3647.483,3647.483,3647.483,3647.483,3647.483,3647.483,3647.483,3647.483,3647.483,3647.483,3647.483,3647.483,3647.483,3647.483,3647.483,3647.483,3647.483,3647.483,3647.483,3647.483,3647.483,3647.483,3647.483,3647.483,3647.483,3647.483,3647.483,3647.483,3647.483,3647.483,3647.483,3647.483,3647.483,3647.483,3647.483,3647.483,3647.483,3647.483,3647.483,3647.483,3647.483,3647.483,3647.483,3647.483,3647.483,3647.483,3647.483,3647.483,3647.483,3647.483,3647.483,3647.483,3647.483,3647.483,3647.483,3647.483,3647.483,3647.483,3647.483,3647.483,3647.483,3647.483,3647.483,3647.483,3647.483,3647.483,3647.483,3647.483,3647.483,3647.483,3647.483,3647.483,3647.483,3647.483,3647.483,3647.483,3647.483,3647.483,3647.483,3647.483,3647.483,3647.483,3647.483,3647.483,3647.483,3647.483,3647.483,3647.483,3647.483,3647.483,3647.483,3647.483,3647.483,3647.483,3647.483,3647.483,3647.483,3647.483,3647.483,3647.483,3647.483,3647.483,3647.483,3647.483,3647.483,3647.483,3647.483,3647.483,3647.483,3647.483,3647.483,3647.483,3647.483,3647.483,3647.483,3647.483,3647.483,3647.483,3647.483,3647.483,3647.483,3647.483,3647.483
277,,,,,,,,,72.05053,62.11427,52.54814,42.52847,35.63806,31.27102,28.9942,28.04259,27.72864,27.61549,27.63619,27.64434,27.62185,27.60998,27.60424,27.60054,27.60275,27.59875,27.59815,27.59829,27.59673,27.59698,27.59703,27.59669,27.59658,27.59681,27.59676,27.5966,27.59625,27.59628,27.59637,27.59643,27.59587,27.59653,27.59627,27.5964,27.59612,27.59666,27.59641,27.59674,27.59606,27.59619,27.59663,27.59633,27.59623,27.59669,27.59672,27.59643,27.59628,27.59645,27.59669,27.59667,27.56874,27.59578,27.59664,27.59625,27.59633,27.59664,27.59635,27.59629,27.59621,27.59601,27.59611,27.59629,27.5959,27.59632,27.59639,27.59634,27.59593,27.59634,27.59633,27.59646,27.59595,27.59596,27.596,27.59636,27.59568,27.59615,27.59636,27.59607,27.59563,27.59601,27.59617,27.59629,27.59607,27.5962,27.59612,27.59591,27.59555,27.59596,27.59633,27.59617,27.5959,27.59617,27.5961,27.59601,27.5957,27.59631,27.59636,27.59635,27.59596,27.59619,27.59642,27.59632,27.59609,27.59641,27.596,27.59617,27.59588,27.59643,27.59622,27.59642,27.59565,27.59618,27.59608,27.59604,27.59585,27.5963,27.59627,27.5962,27.59574,27.59643,27.5964,27.5964,27.59582,27.59618,27.5962,27.59637,27.59579,27.59618,27.59607,27.59609,27.59556,27.59595,27.59611,27.59591,27.59559,27.59596,27.59621,27.59602,27.5959,27.59629,27.59636,27.59597,27.59561
282,,,,,,,,,53.86312,51.27181,54.87773,55.98142,56.37802,56.30724,56.14234,56.0108,55.94653,55.91387,55.91082,55.9299,55.93814,55.93887,55.93852,55.93813,55.93788,55.93782,55.93782,55.93781,55.93779,55.93779,55.93778,55.93775,55.93771,55.93769,55.93766,55.93765,55.93764,55.93763,55.93762,55.93761,55.93761,55.93761,55.93761,55.9376,55.93761,55.93761,55.93761,55.93761,55.93762,55.93762,55.93762,55.93762,55.93762,55.93762,55.93763,55.93763,55.93763,55.93764,55.93764,55.93764,55.93764,55.93764,55.93764,55.93766,55.93766,55.93767,55.93767,55.93766,55.93766,55.93767,55.93767,55.93767,55.93767,55.93768,55.93768,55.93768,55.93768,55.93769,55.93769,55.93769,55.93769,55.9377,55.9377,55.9377,55.93771,55.93771,55.93771,55.93771,55.93771,55.93772,55.93772,55.93772,55.93772,55.93773,55.93773,55.93773,55.93773,55.93773,55.93774,55.93774,55.93774,55.93774,55.93774,55.93775,55.93775,55.93775,55.93775,55.93776,55.93776,55.93776,55.93776,55.93776,55.93776,55.93776,55.93777,55.93777,55.93777,55.93777,55.93777,55.93777,55.93778,55.93778,55.93777,55.93778,55.93778,55.93778,55.93778,55.93778,55.93779,55.93779,55.93779,55.93779,55.93779,55.93779,55.93779,55.93779,55.9378,55.9378,55.93779,55.9378,55.9378,55.9378,55.9378,55.9378,55.9378,55.9378,55.93781,55.93781,55.93781,55.93781,55.93781,55.93781,55.93781
283,,,,,,,,,49.17833,46.7871,50.09615,51.12379,51.478,51.42662,51.31268,51.24186,51.23808,51.25652,51.31078,51.37143,51.39578,51.40266,51.4054,51.4069,51.40819,51.40938,51.41026,51.41083,51.41121,51.41145,51.41157,51.4116,51.4116,51.41161,51.41161,51.41161,51.41162,51.41163,51.41164,51.41165,51.41166,51.41168,51.41169,51.41169,51.41171,51.41172,51.41173,51.41174,51.41175,51.41176,51.41176,51.41177,51.41178,51.41179,51.4118,51.4118,51.41181,51.41182,51.41183,51.41183,51.41186,51.41189,51.4119,51.4119,51.41191,51.4119,51.41188,51.41186,51.41186,51.41187,51.41187,51.41188,51.41189,51.41189,51.4119,51.41191,51.41191,51.41192,51.41192,51.41193,51.41193,51.41194,51.41194,51.41194,51.41195,51.41195,51.41196,51.41196,51.41196,51.41197,51.41197,51.41197,51.41197,51.41198,51.41198,51.41198,51.41198,51.41199,51.41199,51.41199,51.412,51.412,51.412,51.412,51.412,51.41201,51.41201,51.41202,51.41201,51.41202,51.41202,51.41202,51.41202,51.41203,51.41203,51.41203,51.41203,51.41203,51.41204,51.41203,51.41204,51.41204,51.41204,51.41204,51.41205,51.41205,51.41205,51.41205,51.41205,51.41205,51.41205,51.41205,51.41206,51.41206,51.41206,51.41206,51.41206,51.41207,51.41206,51.41207,51.41207,51.41207,51.41207,51.41207,51.41207,51.41207,51.41208,51.41208,51.41208,51.41208,51.41208,51.41208,51.41208
284,,,,,,,,,0.770551,0.6642867,0.5619809,0.4548246,0.3811345,0.3344308,0.3100811,0.299904,0.2965465,0.2953364,0.2955577,0.2956449,0.2954044,0.2952774,0.295216,0.2951765,0.2952001,0.2951574,0.2951509,0.2951524,0.2951357,0.2951384,0.295139,0.2951353,0.2951341,0.2951366,0.295136,0.2951343,0.2951306,0.2951309,0.2951319,0.2951325,0.2951265,0.2951336,0.2951308,0.2951322,0.2951292,0.295135,0.2951324,0.2951358,0.2951286,0.2951299,0.2951346,0.2951315,0.2951304,0.2951353,0.2951356,0.2951325,0.2951309,0.2951328,0.2951353,0.2951351,0.2948364,0.2951256,0.2951348,0.2951306,0.2951315,0.2951348,0.2951317,0.295131,0.2951301,0.2951281,0.2951291,0.295131,0.2951268,0.2951313,0.2951321,0.2951316,0.2951272,0.2951316,0.2951314,0.2951328,0.2951274,0.2951275,0.2951279,0.2951318,0.2951245,0.2951295,0.2951318,0.2951286,0.295124,0.2951281,0.2951297,0.295131,0.2951287,0.2951301,0.2951292,0.2951269,0.2951231,0.2951275,0.2951314,0.2951297,0.2951268,0.2951297,0.295129,0.295128,0.2951247,0.2951313,0.2951318,0.2951317,0.2951275,0.29513,0.2951324,0.2951314,0.2951289,0.2951324,0.2951279,0.2951297,0.2951267,0.2951326,0.2951303,0.2951324,0.2951241,0.2951299,0.2951287,0.2951284,0.2951263,0.2951311,0.2951308,0.29513,0.2951252,0.2951325,0.2951322,0.2951321,0.295126,0.2951298,0.2951301,0.2951318,0.2951257,0.2951298,0.2951287,0.2951289,0.2951232,0.2951274,0.2951291,0.295127,0.2951235,0.2951275,0.2951302,0.2951281,0.2951268,0.295131,0.2951318,0.2951276,0.2951237
285,,,,,,,,,0.07206671,0.06212821,0.05255994,0.04253802,0.03564606,0.03127805,0.02900071,0.02804888,0.02773487,0.02762169,0.02764239,0.02765055,0.02762805,0.02761618,0.02761044,0.02760674,0.02760895,0.02760495,0.02760435,0.02760448,0.02760293,0.02760318,0.02760323,0.02760288,0.02760278,0.02760301,0.02760295,0.02760279,0.02760245,0.02760248,0.02760256,0.02760263,0.02760206,0.02760273,0.02760246,0.0276026,0.02760232,0.02760286,0.02760261,0.02760293,0.02760226,0.02760238,0.02760282,0.02760253,0.02760243,0.02760289,0.02760292,0.02760263,0.02760247,0.02760265,0.02760289,0.02760287,0.02757493,0.02760197,0.02760284,0.02760245,0.02760253,0.02760283,0.02760255,0.02760248,0.0276024,0.02760221,0.02760231,0.02760249,0.02760209,0.02760251,0.02760258,0.02760254,0.02760213,0.02760254,0.02760252,0.02760265,0.02760215,0.02760215,0.02760219,0.02760255,0.02760187,0.02760235,0.02760256,0.02760226,0.02760183,0.02760221,0.02760237,0.02760248,0.02760227,0.0276024,0.02760231,0.0276021,0.02760175,0.02760216,0.02760252,0.02760237,0.02760209,0.02760237,0.0276023,0.02760221,0.02760189,0.02760251,0.02760256,0.02760255,0.02760216,0.02760239,0.02760262,0.02760252,0.02760229,0.02760261,0.0276022,0.02760236,0.02760208,0.02760263,0.02760242,0.02760262,0.02760184,0.02760238,0.02760227,0.02760224,0.02760205,0.0276025,0.02760247,0.02760239,0.02760194,0.02760262,0.0276026,0.02760259,0.02760201,0.02760237,0.0276024,0.02760256,0.02760199,0.02760237,0.02760227,0.02760229,0.02760176,0.02760214,0.0276023,0.02760211,0.02760179,0.02760215,0.02760241,0.02760221,0.02760209,0.02760248,0.02760255,0.02760216,0.02760181
286,,,,,,,,,0.004431448,0.00382032,0.003231958,0.002615701,0.002191909,0.001923315,0.00178328,0.001724751,0.001705442,0.001698483,0.001699756,0.001700257,0.001698874,0.001698144,0.001697791,0.001697563,0.001697699,0.001697453,0.001697417,0.001697425,0.001697329,0.001697345,0.001697348,0.001697326,0.00169732,0.001697334,0.001697331,0.001697321,0.0016973,0.001697301,0.001697307,0.001697311,0.001697276,0.001697317,0.001697301,0.001697309,0.001697292,0.001697325,0.00169731,0.00169733,0.001697288,0.001697296,0.001697323,0.001697305,0.001697298,0.001697327,0.001697328,0.001697311,0.001697301,0.001697312,0.001697327,0.001697325,0.001695608,0.00169727,0.001697323,0.0016973,0.001697304,0.001697323,0.001697306,0.001697302,0.001697297,0.001697285,0.001697291,0.001697302,0.001697278,0.001697303,0.001697308,0.001697305,0.00169728,0.001697305,0.001697304,0.001697312,0.001697281,0.001697281,0.001697284,0.001697306,0.001697264,0.001697293,0.001697306,0.001697288,0.001697261,0.001697285,0.001697295,0.001697302,0.001697289,0.001697297,0.001697291,0.001697278,0.001697257,0.001697282,0.001697304,0.001697295,0.001697278,0.001697295,0.00169729,0.001697285,0.001697266,0.001697303,0.001697306,0.001697306,0.001697282,0.001697296,0.00169731,0.001697304,0.00169729,0.00169731,0.001697284,0.001697294,0.001697277,0.001697311,0.001697298,0.00169731,0.001697262,0.001697295,0.001697289,0.001697287,0.001697275,0.001697303,0.001697301,0.001697296,0.001697268,0.00169731,0.001697309,0.001697308,0.001697273,0.001697295,0.001697296,0.001697307,0.001697271,0.001697295,0.001697289,0.00169729,0.001697257,0.001697281,0.001697291,0.001697279,0.001697259,0.001697282,0.001697297,0.001697285,0.001697278,0.001697302,0.001697306,0.001697282,0.00169726
287,,,,,,,,,0.06763526,0.05830789,0.04932798,0.03992232,0.03345416,0.02935473,0.02721743,0.02632413,0.02602942,0.02592321,0.02594263,0.02595029,0.02592918,0.02591803,0.02591264,0.02590917,0.02591125,0.0259075,0.02590693,0.02590706,0.0259056,0.02590584,0.02590588,0.02590556,0.02590546,0.02590568,0.02590562,0.02590547,0.02590515,0.02590518,0.02590526,0.02590532,0.02590479,0.02590541,0.02590516,0.02590529,0.02590503,0.02590553,0.0259053,0.02590561,0.02590497,0.02590509,0.0259055,0.02590522,0.02590513,0.02590556,0.02590559,0.02590532,0.02590517,0.02590534,0.02590556,0.02590554,0.02587933,0.0259047,0.02590551,0.02590515,0.02590522,0.02590551,0.02590524,0.02590518,0.0259051,0.02590492,0.02590502,0.02590518,0.02590482,0.02590521,0.02590528,0.02590523,0.02590485,0.02590523,0.02590522,0.02590534,0.02590486,0.02590487,0.02590491,0.02590525,0.02590461,0.02590505,0.02590525,0.02590497,0.02590456,0.02590493,0.02590507,0.02590518,0.02590498,0.0259051,0.02590502,0.02590483,0.02590449,0.02590488,0.02590522,0.02590507,0.02590482,0.02590507,0.02590501,0.02590492,0.02590463,0.02590521,0.02590525,0.02590524,0.02590488,0.02590509,0.02590531,0.02590521,0.025905,0.0259053,0.02590491,0.02590507,0.0259048,0.02590532,0.02590512,0.02590531,0.02590458,0.02590508,0.02590498,0.02590495,0.02590477,0.02590519,0.02590517,0.02590509,0.02590467,0.02590531,0.02590529,0.02590528,0.02590474,0.02590508,0.0259051,0.02590525,0.02590472,0.02590508,0.02590498,0.025905,0.0259045,0.02590486,0.02590501,0.02590483,0.02590453,0.02590487,0.02590511,0.02590493,0.02590481,0.02590518,0.02590525,0.02590488,0.02590455
288,,,,,,,,,0.0,18.82998,33.37678,47.18024,59.16356,69.85483,79.57409,88.72794,97.5991,106.3608,115.0687,123.7622,132.4689,141.1792,149.8869,158.592,167.2951,175.9969,184.6977,193.3977,202.0972,210.7961,219.4945,228.1926,236.8904,245.5878,254.285,262.982,271.6787,280.3752,289.0716,297.7678,306.4639,315.1598,323.8556,332.5514,341.2469,349.9424,358.6378,367.3332,376.0284,384.7235,393.4186,402.1136,410.8086,419.5034,428.1983,436.893,445.5877,454.2824,462.977,471.6716,480.3661,489.0606,497.755,506.4494,515.1437,523.838,532.5323,541.2266,549.9208,558.6149,567.3091,576.0032,584.6973,593.3914,602.0854,610.7794,619.4734,628.1673,636.8613,645.5552,654.2491,662.943,671.6368,680.3306,689.0244,697.7182,706.412,715.1057,723.7995,732.4932,741.1869,749.8806,758.5742,767.2679,775.9615,784.6551,793.3487,802.0423,810.7359,819.4294,828.123,836.8165,845.51,854.2035,862.897,871.5905,880.284,888.9774,897.6709,906.3643,915.0578,923.7512,932.4446,941.138,949.8314,958.5247,967.2181,975.9115,984.6048,993.2981,1001.991,1010.685,1019.378,1028.071,1036.765,1045.458,1054.151,1062.845,1071.538,1080.231,1088.924,1097.618,1106.311,1115.004,1123.697,1132.39,1141.084,1149.777,1158.47,1167.163,1175.856,1184.55,1193.243,1201.936,1210.629,1219.322,1228.015,1236.708,1245.402,1254.095,1262.788,1271.481,1280.174
289,,,,,,,,,0.0,18.87227,33.47618,47.25717,59.13689,69.70424,79.32296,88.39945,97.21031,105.924,114.5946,123.2582,131.9378,140.6225,149.3061,157.9887,166.6708,175.3527,184.0349,192.7175,201.4003,210.0836,218.7672,227.4512,236.1356,244.8202,253.5052,262.1905,270.876,279.5618,288.2478,296.9341,305.6206,314.3073,322.9941,331.6812,340.3684,349.0558,357.7434,366.4311,375.1189,383.8068,392.4949,401.1831,409.8714,418.5598,427.2483,435.9368,444.6255,453.3143,462.0031,470.6921,479.381,488.0701,496.7592,505.4484,514.1377,522.827,531.5164,540.2059,548.8954,557.5849,566.2745,574.9642,583.6539,592.3436,601.0334,609.7232,618.4131,627.103,635.793,644.4829,653.173,661.863,670.5531,679.2432,687.9334,696.6236,705.3138,714.004,722.6943,731.3846,740.075,748.7653,757.4557,766.1461,774.8365,783.527,792.2175,800.908,809.5985,818.2891,826.9796,835.6702,844.3608,853.0515,861.7421,870.4328,879.1235,887.8142,896.5049,905.1956,913.8864,922.5772,931.2679,939.9588,948.6496,957.3404,966.0313,974.7221,983.413,992.1039,1000.795,1009.486,1018.177,1026.868,1035.559,1044.25,1052.941,1061.632,1070.323,1079.014,1087.705,1096.396,1105.087,1113.778,1122.469,1131.16,1139.851,1148.542,1157.233,1165.924,1174.616,1183.307,1191.998,1200.689,1209.38,1218.071,1226.763,1235.454,1244.145,1252.836,1261.527,1270.219,1278.91
290,,,,,,,,,0.0,18.15289,32.80531,46.22802,57.85676,68.21977,77.66826,86.60987,95.30618,103.9093,112.4634,121.0067,129.5605,138.1123,146.6587,155.202,163.7436,172.2841,180.824,189.3634,197.9023,206.4409,214.9791,223.5169,232.0545,240.5919,249.1289,257.6658,266.2025,274.739,283.2754,291.8116,300.3477,308.8836,317.4194,325.9551,334.4907,343.0263,351.5617,360.097,368.6323,377.1675,385.7026,394.2376,402.7726,411.3075,419.8424,428.3772,436.9119,445.4466,453.9812,462.5159,471.0504,479.5849,488.1194,496.6538,505.1882,513.7226,522.257,530.7913,539.3256,547.8598,556.394,564.9282,573.4623,581.9965,590.5306,599.0646,607.5987,616.1327,624.6668,633.2007,641.7347,650.2687,658.8026,667.3365,675.8704,684.4043,692.9382,701.472,710.0058,718.5397,727.0735,735.6073,744.141,752.6748,761.2085,769.7423,778.276,786.8097,795.3434,803.8771,812.4107,820.9444,829.478,838.0117,846.5453,855.0789,863.6125,872.1461,880.6797,889.2133,897.7469,906.2804,914.814,923.3475,931.8811,940.4146,948.9481,957.4816,966.0151,974.5486,983.0821,991.6156,1000.149,1008.683,1017.216,1025.749,1034.283,1042.816,1051.35,1059.883,1068.417,1076.95,1085.483,1094.017,1102.55,1111.084,1119.617,1128.15,1136.684,1145.217,1153.75,1162.284,1170.817,1179.351,1187.884,1196.417,1204.951,1213.484,1222.017,1230.551,1239.084,1247.617,1256.15
291,,,,,,,,,0.0,18.34196,32.69824,46.32443,58.06779,68.5027,77.98333,86.91984,95.58877,104.1561,112.6725,121.1784,129.6996,138.2241,146.7461,155.2657,163.7837,172.3005,180.8166,189.3322,197.8474,206.3623,214.877,223.3914,231.9057,240.4197,248.9337,257.4475,265.9613,274.4749,282.9885,291.502,300.0155,308.5289,317.0423,325.5556,334.0689,342.5822,351.0954,359.6086,368.1218,376.635,385.1481,393.6612,402.1743,410.6874,419.2005,427.7136,436.2266,444.7397,453.2527,461.7657,470.2787,478.7917,487.3047,495.8177,504.3307,512.8436,521.3566,529.8696,538.3825,546.8955,555.4084,563.9213,572.4342,580.9472,589.4601,597.973,606.4859,614.9988,623.5117,632.0246,640.5374,649.0503,657.5632,666.0761,674.589,683.1018,691.6147,700.1276,708.6404,717.1533,725.6662,734.179,742.6919,751.2048,759.7176,768.2305,776.7433,785.2562,793.769,802.2819,810.7947,819.3076,827.8204,836.3333,844.8461,853.359,861.8718,870.3847,878.8975,887.4104,895.9232,904.4361,912.9489,921.4618,929.9746,938.4874,947.0003,955.5131,964.026,972.5388,981.0517,989.5645,998.0774,1006.59,1015.103,1023.616,1032.129,1040.642,1049.154,1057.667,1066.18,1074.693,1083.206,1091.719,1100.232,1108.744,1117.257,1125.77,1134.283,1142.796,1151.309,1159.822,1168.334,1176.847,1185.36,1193.873,1202.386,1210.899,1219.412,1227.924,1236.437,1244.95,1253.463
292,,,,,,,,,0.07206671,0.0426111,0.04712101,0.04008576,0.03542162,0.03175157,0.02948782,0.02830797,0.02781839,0.02764074,0.02753931,0.02757276,0.02760644,0.02760826,0.02760513,0.02760292,0.02760138,0.02760073,0.02760061,0.02760063,0.02760057,0.02760065,0.02760078,0.02760083,0.02760085,0.02760092,0.02760097,0.02760105,0.02760109,0.02760115,0.02760121,0.02760125,0.02760129,0.02760136,0.02760139,0.02760143,0.02760146,0.02760149,0.02760154,0.02760156,0.02760156,0.0276016,0.02760161,0.02760164,0.02760165,0.02760168,0.02760168,0.02760169,0.02760171,0.02760174,0.02760173,0.02760175,0.02760172,0.02760176,0.02760176,0.02760178,0.02760179,0.02760181,0.02760182,0.02760182,0.02760179,0.0276018,0.02760182,0.02760182,0.02760181,0.02760184,0.02760182,0.02760183,0.02760185,0.02760183,0.02760185,0.02760186,0.02760184,0.02760185,0.02760186,0.02760185,0.02760185,0.02760188,0.02760186,0.02760188,0.02760186,0.02760187,0.02760188,0.02760188,0.02760186,0.02760187,0.02760187,0.02760188,0.02760187,0.02760188,0.02760187,0.02760189,0.02760188,0.02760189,0.02760187,0.02760189,0.02760188,0.02760189,0.02760189,0.02760192,0.02760189,0.02760189,0.02760191,0.02760191,0.02760188,0.02760191,0.0276019,0.02760191,0.02760188,0.0276019,0.02760192,0.0276019,0.0276019,0.02760191,0.0276019,0.02760189,0.02760191,0.02760192,0.02760191,0.0276019,0.02760192,0.02760191,0.02760191,0.0276019,0.02760191,0.02760191,0.02760189,0.0276019,0.02760189,0.02760192,0.0276019,0.0276019,0.02760189,0.02760193,0.02760191,0.0276019,0.02760189,0.0276019,0.02760192,0.02760193,0.02760189,0.0276019,0.02760194,0.0276019,0.02760189
293,,,,,,,,,0.07206671,0.04260007,0.04711725,0.04008421,0.03542077,0.03175165,0.0294881,0.02830823,0.02781849,0.02764085,0.02753934,0.02757271,0.02760642,0.02760826,0.02760513,0.02760292,0.02760138,0.02760073,0.02760061,0.02760064,0.02760057,0.02760066,0.02760078,0.02760083,0.02760085,0.02760092,0.02760097,0.02760105,0.02760109,0.02760115,0.02760121,0.02760125,0.02760129,0.02760136,0.02760139,0.02760143,0.02760146,0.02760149,0.02760154,0.02760156,0.02760156,0.0276016,0.02760161,0.02760164,0.02760165,0.02760168,0.02760168,0.02760169,0.02760171,0.02760174,0.02760173,0.02760175,0.02760172,0.02760176,0.02760176,0.02760178,0.02760179,0.02760181,0.02760182,0.02760182,0.02760179,0.0276018,0.02760182,0.02760182,0.02760181,0.02760184,0.02760182,0.02760183,0.02760185,0.02760183,0.02760185,0.02760186,0.02760184,0.02760185,0.02760186,0.02760185,0.02760185,0.02760188,0.02760186,0.02760188,0.02760186,0.02760187,0.02760188,0.02760187,0.02760186,0.02760187,0.02760187,0.02760188,0.02760187,0.02760188,0.02760187,0.02760189,0.02760188,0.02760189,0.02760187,0.02760189,0.02760188,0.02760189,0.02760189,0.02760192,0.02760189,0.02760189,0.02760191,0.02760191,0.02760188,0.0276019,0.02760191,0.02760191,0.02760188,0.0276019,0.02760192,0.0276019,0.0276019,0.02760191,0.0276019,0.02760189,0.02760191,0.02760192,0.02760191,0.0276019,0.02760192,0.02760191,0.02760191,0.0276019,0.02760191,0.02760191,0.02760189,0.0276019,0.02760189,0.02760192,0.0276019,0.0276019,0.02760189,0.02760193,0.02760191,0.0276019,0.02760189,0.02760191,0.02760192,0.02760193,0.02760189,0.0276019,0.02760194,0.0276019,0.02760189
294,,,,,,,,,0.07206671,0.04258601,0.04710884,0.04008396,0.03542256,0.03175478,0.02949047,0.02830971,0.02781894,0.02764132,0.0275393,0.02757232,0.02760627,0.02760822,0.02760512,0.02760292,0.02760138,0.02760072,0.02760061,0.02760063,0.02760057,0.02760065,0.02760078,0.02760083,0.02760085,0.02760092,0.02760097,0.02760105,0.0276011,0.02760115,0.02760121,0.02760124,0.02760129,0.02760136,0.02760139,0.02760142,0.02760146,0.02760149,0.02760154,0.02760156,0.02760156,0.0276016,0.02760161,0.02760164,0.02760165,0.02760167,0.02760168,0.02760169,0.02760171,0.02760174,0.02760173,0.02760175,0.02760172,0.02760176,0.02760177,0.02760178,0.02760179,0.02760181,0.02760182,0.02760182,0.02760179,0.0276018,0.02760182,0.02760182,0.02760181,0.02760184,0.02760182,0.02760182,0.02760185,0.02760183,0.02760186,0.02760186,0.02760184,0.02760185,0.02760186,0.02760185,0.02760185,0.02760188,0.02760186,0.02760188,0.02760186,0.02760187,0.02760188,0.02760187,0.02760186,0.02760187,0.02760187,0.02760188,0.02760187,0.02760188,0.02760187,0.02760189,0.02760188,0.02760188,0.02760187,0.02760189,0.02760188,0.02760189,0.02760189,0.02760192,0.02760189,0.02760189,0.02760191,0.0276019,0.02760188,0.0276019,0.02760191,0.02760191,0.02760189,0.0276019,0.02760192,0.0276019,0.0276019,0.02760191,0.0276019,0.02760189,0.02760191,0.02760192,0.02760191,0.0276019,0.02760192,0.02760191,0.02760191,0.0276019,0.02760191,0.02760191,0.02760189,0.0276019,0.02760189,0.02760192,0.0276019,0.0276019,0.02760189,0.02760192,0.02760191,0.0276019,0.02760189,0.0276019,0.02760192,0.02760193,0.02760189,0.0276019,0.02760194,0.0276019,0.02760189
295,,,,,,,,,0.07206671,0.04247061,0.04706321,0.0400794,0.03542827,0.03177151,0.02950361,0.02831803,0.02782102,0.0276441,0.02753875,0.02756943,0.02760524,0.02760796,0.02760505,0.0276029,0.02760137,0.0276007,0.02760059,0.02760061,0.02760057,0.02760065,0.02760078,0.02760083,0.02760086,0.02760092,0.02760097,0.02760104,0.0276011,0.02760116,0.02760121,0.02760124,0.0276013,0.02760137,0.0276014,0.02760142,0.02760147,0.02760149,0.02760155,0.02760155,0.02760156,0.02760161,0.02760161,0.02760163,0.02760166,0.02760167,0.02760168,0.02760169,0.0276017,0.02760174,0.02760173,0.02760174,0.02760173,0.02760177,0.02760177,0.02760178,0.02760179,0.02760181,0.02760182,0.02760182,0.0276018,0.0276018,0.02760183,0.02760181,0.02760182,0.02760184,0.02760183,0.02760182,0.02760186,0.02760183,0.02760186,0.02760185,0.02760185,0.02760186,0.02760187,0.02760184,0.02760185,0.02760189,0.02760187,0.02760187,0.02760187,0.02760188,0.02760189,0.02760187,0.02760187,0.02760188,0.02760188,0.02760189,0.02760188,0.02760188,0.02760187,0.02760189,0.02760188,0.02760189,0.02760188,0.02760189,0.02760189,0.02760189,0.02760189,0.02760191,0.0276019,0.02760189,0.02760191,0.0276019,0.02760189,0.0276019,0.02760191,0.0276019,0.02760189,0.0276019,0.02760192,0.02760189,0.02760191,0.02760191,0.0276019,0.02760189,0.02760191,0.02760191,0.02760191,0.0276019,0.02760193,0.02760191,0.02760191,0.02760189,0.02760192,0.02760191,0.0276019,0.02760189,0.0276019,0.02760192,0.0276019,0.0276019,0.0276019,0.02760193,0.02760191,0.02760191,0.02760189,0.02760191,0.02760192,0.02760193,0.0276019,0.0276019,0.02760194,0.0276019,0.0276019
296,,,,,,,,,1.426034,3.764488,1.571708,1.199541,0.9741764,0.9154487,0.9191084,0.9424461,0.9557406,0.9645211,0.9722829,0.9613663,0.9533256,0.9513231,0.9508559,0.9507505,0.9507436,0.9506914,0.9506132,0.9505585,0.9505356,0.9505125,0.9504949,0.9504978,0.9505088,0.9505202,0.9505311,0.9505392,0.9505469,0.9505536,0.9505589,0.9505643,0.9505677,0.9505707,0.9505737,0.9505782,0.9505795,0.9505828,0.9505833,0.9505858,0.950588,0.9505883,0.9505907,0.9505912,0.9505917,0.950593,0.9505948,0.9505954,0.950596,0.9505958,0.9505979,0.9505978,0.9505995,0.9505986,0.9506001,0.9505992,0.9505973,0.9505941,0.9505928,0.9505974,0.9506031,0.9506042,0.9506034,0.9506041,0.950604,0.9506029,0.9506043,0.9506046,0.950603,0.9506051,0.9506041,0.9506044,0.950605,0.9506047,0.9506043,0.950606,0.9506049,0.9506041,0.9506056,0.9506043,0.9506053,0.950605,0.9506046,0.9506054,0.9506058,0.9506057,0.9506056,0.9506051,0.9506056,0.9506059,0.9506072,0.9506053,0.9506052,0.9506061,0.9506063,0.9506051,0.9506054,0.9506068,0.9506071,0.9506053,0.950606,0.9506067,0.9506061,0.9506059,0.9506071,0.9506061,0.9506057,0.9506064,0.9506064,0.9506069,0.9506053,0.9506068,0.950606,0.950606,0.9506073,0.9506074,0.9506061,0.9506063,0.950607,0.9506072,0.9506048,0.9506069,0.9506069,0.9506077,0.950606,0.9506067,0.9506074,0.9506076,0.9506069,0.9506057,0.9506073,0.9506076,0.9506069,0.950605,0.9506068,0.9506075,0.9506079,0.9506071,0.9506073,0.9506059,0.950608,0.9506075,0.9506055,0.9506075,0.9506072
297,,,,,,,,,1.426034,3.765395,1.571817,1.199582,0.9741737,0.9154131,0.9190733,0.942421,0.9557343,0.9645106,0.972287,0.9613778,0.9533292,0.9513239,0.9508561,0.9507506,0.9507436,0.9506915,0.9506133,0.9505586,0.9505356,0.9505125,0.9504949,0.9504979,0.9505088,0.9505202,0.9505311,0.9505392,0.9505469,0.9505536,0.9505589,0.9505643,0.9505677,0.9505707,0.9505738,0.9505782,0.9505795,0.9505828,0.9505833,0.9505858,0.950588,0.9505883,0.9505907,0.9505912,0.9505917,0.950593,0.9505948,0.9505954,0.950596,0.9505958,0.9505979,0.9505978,0.9505995,0.9505986,0.9506001,0.9505992,0.9505973,0.9505941,0.9505928,0.9505974,0.9506031,0.9506042,0.9506034,0.9506041,0.950604,0.9506029,0.9506043,0.9506045,0.950603,0.9506051,0.9506041,0.9506044,0.950605,0.9506047,0.9506043,0.950606,0.9506049,0.9506041,0.9506056,0.9506043,0.9506053,0.950605,0.9506046,0.9506054,0.9506058,0.9506057,0.9506056,0.9506051,0.9506056,0.9506059,0.9506072,0.9506053,0.9506052,0.950606,0.9506063,0.9506051,0.9506054,0.9506068,0.9506071,0.9506053,0.950606,0.9506067,0.950606,0.9506059,0.9506071,0.9506061,0.9506057,0.9506064,0.9506064,0.9506068,0.9506053,0.9506068,0.950606,0.950606,0.9506073,0.9506074,0.9506061,0.9506063,0.950607,0.9506072,0.9506048,0.9506069,0.9506069,0.9506077,0.950606,0.9506067,0.9506074,0.9506076,0.9506069,0.9506057,0.9506073,0.9506077,0.9506069,0.950605,0.9506068,0.9506076,0.9506079,0.9506071,0.9506073,0.9506059,0.950608,0.9506075,0.9506055,0.9506075,0.9506072
298,,,,,,,,,1.426033,3.767015,1.572022,1.19973,0.9742185,0.9154107,0.9190605,0.9424063,0.9557402,0.9644935,0.9722992,0.9614051,0.9533378,0.9513263,0.950857,0.9507509,0.9507439,0.9506919,0.9506136,0.9505588,0.9505358,0.9505126,0.950495,0.9504979,0.9505089,0.9505202,0.9505311,0.9505392,0.9505469,0.9505536,0.950559,0.9505643,0.9505677,0.9505707,0.9505738,0.9505782,0.9505795,0.9505828,0.9505833,0.9505858,0.9505881,0.9505883,0.9505907,0.9505912,0.9505917,0.950593,0.9505948,0.9505954,0.950596,0.9505958,0.9505979,0.9505977,0.9505996,0.9505986,0.9506001,0.9505992,0.9505973,0.9505941,0.9505928,0.9505974,0.9506031,0.9506042,0.9506034,0.9506041,0.9506041,0.9506029,0.9506043,0.9506045,0.950603,0.9506051,0.9506041,0.9506044,0.950605,0.9506047,0.9506043,0.950606,0.9506049,0.9506041,0.9506056,0.9506043,0.9506054,0.950605,0.9506046,0.9506054,0.9506058,0.9506057,0.9506056,0.9506051,0.9506056,0.9506059,0.9506072,0.9506053,0.9506052,0.950606,0.9506063,0.9506051,0.9506054,0.9506068,0.9506071,0.9506053,0.950606,0.9506067,0.950606,0.9506059,0.9506071,0.9506061,0.9506057,0.9506064,0.9506064,0.9506068,0.9506053,0.9506068,0.950606,0.950606,0.9506073,0.9506074,0.9506061,0.9506063,0.9506069,0.9506072,0.9506048,0.9506069,0.9506069,0.9506077,0.950606,0.9506067,0.9506074,0.9506075,0.9506069,0.9506057,0.9506073,0.9506076,0.9506069,0.950605,0.9506068,0.9506076,0.9506079,0.9506071,0.9506073,0.9506059,0.950608,0.9506075,0.9506055,0.9506075,0.9506072
299,,,,,,,,,1.426034,3.771357,1.573535,1.200708,0.9746998,0.9155742,0.9190867,0.9423889,0.9557312,0.964472,0.9723034,0.9614229,0.9533427,0.9513269,0.950857,0.9507509,0.950744,0.950692,0.9506136,0.9505588,0.9505358,0.9505126,0.9504949,0.9504978,0.9505088,0.9505202,0.950531,0.9505392,0.9505469,0.9505536,0.9505589,0.9505643,0.9505677,0.9505706,0.9505737,0.9505782,0.9505794,0.9505827,0.9505832,0.9505857,0.950588,0.9505882,0.9505906,0.9505912,0.9505916,0.9505929,0.9505947,0.9505953,0.950596,0.9505957,0.9505978,0.9505977,0.9505995,0.9505985,0.9506,0.9505992,0.9505972,0.9505941,0.9505927,0.9505974,0.950603,0.9506042,0.9506033,0.9506041,0.950604,0.9506028,0.9506042,0.9506045,0.9506029,0.950605,0.950604,0.9506044,0.9506049,0.9506047,0.9506042,0.950606,0.9506049,0.950604,0.9506055,0.9506043,0.9506053,0.950605,0.9506045,0.9506054,0.9506057,0.9506056,0.9506055,0.9506051,0.9506056,0.9506059,0.9506071,0.9506052,0.9506052,0.9506059,0.9506062,0.9506051,0.9506053,0.9506067,0.950607,0.9506053,0.950606,0.9506066,0.9506059,0.9506059,0.950607,0.950606,0.9506056,0.9506063,0.9506063,0.9506068,0.9506052,0.9506067,0.950606,0.9506059,0.9506072,0.9506074,0.950606,0.9506063,0.9506069,0.9506072,0.9506048,0.9506068,0.9506068,0.9506077,0.9506059,0.9506066,0.9506073,0.9506075,0.9506069,0.9506056,0.9506073,0.9506076,0.9506069,0.9506049,0.9506067,0.9506075,0.9506079,0.950607,0.9506072,0.9506059,0.9506079,0.9506074,0.9506054,0.9506074,0.9506071
300,,,,,,,,,0.004431446,0.002242827,0.002821342,0.002429794,0.002192165,0.002048826,0.001931762,0.001877889,0.00182933,0.001819228,0.00183491,0.001766578,0.001722731,0.001708997,0.001703851,0.001701852,0.001700896,0.001699971,0.00169912,0.001698523,0.001698144,0.001697837,0.001697598,0.001697488,0.001697433,0.001697411,0.001697406,0.001697401,0.001697391,0.001697384,0.001697379,0.001697367,0.001697367,0.001697362,0.001697357,0.001697351,0.001697346,0.001697344,0.001697345,0.001697342,0.001697329,0.001697334,0.001697329,0.001697328,0.001697328,0.001697325,0.001697318,0.001697318,0.001697319,0.00169732,0.00169731,0.001697316,0.001697304,0.001697317,0.00169731,0.001697308,0.001697299,0.00169727,0.001697263,0.001697291,0.001697301,0.001697309,0.001697311,0.001697306,0.001697303,0.001697307,0.001697297,0.001697298,0.001697304,0.001697292,0.0016973,0.001697296,0.001697292,0.001697293,0.001697294,0.001697287,0.00169729,0.001697296,0.001697287,0.001697294,0.001697288,0.001697287,0.001697289,0.001697285,0.001697286,0.001697287,0.001697281,0.001697285,0.001697283,0.001697283,0.001697274,0.001697286,0.001697285,0.001697284,0.001697278,0.001697285,0.001697282,0.001697281,0.001697277,0.001697287,0.00169728,0.00169728,0.00169728,0.001697281,0.001697277,0.001697282,0.00169728,0.00169728,0.001697274,0.001697279,0.001697282,0.001697277,0.001697281,0.001697279,0.001697276,0.001697273,0.001697281,0.001697281,0.001697274,0.001697275,0.001697284,0.001697275,0.001697275,0.001697273,0.001697279,0.001697273,0.001697275,0.001697272,0.001697275,0.001697279,0.001697275,0.001697271,0.001697271,0.001697285,0.001697274,0.001697272,0.001697269,0.001697274,0.001697277,0.00169728,0.00169727,0.001697272,0.001697283,0.001697271,0.001697268
301,,,,,,,,,0.004431447,0.002242076,0.002821073,0.002429606,0.002191984,0.00204875,0.001931746,0.001877881,0.001829369,0.001819188,0.00183495,0.001766659,0.001722758,0.001709005,0.001703855,0.001701853,0.001700897,0.001699973,0.001699121,0.001698524,0.001698145,0.001697837,0.001697598,0.001697488,0.001697434,0.001697411,0.001697406,0.001697401,0.001697391,0.001697384,0.001697379,0.001697367,0.001697367,0.001697362,0.001697357,0.001697351,0.001697346,0.001697344,0.001697345,0.001697342,0.001697329,0.001697334,0.001697329,0.001697328,0.001697328,0.001697325,0.001697319,0.001697318,0.001697319,0.00169732,0.00169731,0.001697316,0.001697304,0.001697317,0.00169731,0.001697308,0.001697299,0.00169727,0.001697263,0.001697291,0.001697301,0.001697309,0.001697311,0.001697306,0.001697303,0.001697307,0.001697297,0.001697298,0.001697305,0.001697292,0.0016973,0.001697296,0.001697292,0.001697293,0.001697294,0.001697287,0.00169729,0.001697296,0.001697287,0.001697294,0.001697288,0.001697287,0.001697289,0.001697285,0.001697286,0.001697287,0.001697281,0.001697285,0.001697283,0.001697283,0.001697274,0.001697286,0.001697285,0.001697284,0.001697278,0.001697285,0.001697282,0.001697281,0.001697277,0.001697287,0.00169728,0.00169728,0.00169728,0.001697281,0.001697277,0.001697282,0.00169728,0.00169728,0.001697274,0.001697279,0.001697282,0.001697277,0.001697281,0.001697279,0.001697276,0.001697273,0.001697281,0.001697281,0.001697274,0.001697275,0.001697284,0.001697275,0.001697275,0.001697273,0.001697279,0.001697273,0.001697275,0.001697272,0.001697275,0.001697279,0.001697275,0.001697271,0.001697271,0.001697285,0.001697274,0.001697272,0.001697269,0.001697274,0.001697277,0.00169728,0.00169727,0.001697272,0.001697283,0.001697271,0.001697269
302,,,,,,,,,0.004431448,0.002240432,0.002820531,0.002429575,0.002192019,0.00204892,0.001931905,0.001877971,0.001829447,0.001819166,0.001834991,0.001766733,0.001722782,0.001709013,0.001703858,0.001701854,0.001700898,0.001699974,0.001699122,0.001698524,0.001698145,0.001697838,0.001697598,0.001697488,0.001697434,0.001697411,0.001697406,0.001697401,0.001697391,0.001697384,0.001697379,0.001697367,0.001697367,0.001697362,0.001697357,0.001697351,0.001697346,0.001697344,0.001697345,0.001697342,0.001697329,0.001697334,0.001697329,0.001697328,0.001697328,0.001697325,0.001697319,0.001697318,0.001697319,0.00169732,0.00169731,0.001697316,0.001697304,0.001697316,0.00169731,0.001697308,0.001697299,0.00169727,0.001697263,0.001697291,0.001697301,0.001697309,0.001697311,0.001697306,0.001697303,0.001697307,0.001697298,0.001697298,0.001697305,0.001697292,0.0016973,0.001697296,0.001697292,0.001697293,0.001697294,0.001697287,0.00169729,0.001697296,0.001697287,0.001697294,0.001697288,0.001697287,0.001697289,0.001697285,0.001697286,0.001697287,0.001697281,0.001697285,0.001697283,0.001697283,0.001697274,0.001697286,0.001697285,0.001697284,0.001697278,0.001697285,0.001697282,0.001697281,0.001697277,0.001697287,0.00169728,0.00169728,0.00169728,0.001697281,0.001697277,0.001697282,0.00169728,0.00169728,0.001697275,0.001697279,0.001697282,0.001697277,0.001697281,0.001697279,0.001697276,0.001697273,0.001697281,0.001697281,0.001697274,0.001697275,0.001697284,0.001697275,0.001697275,0.001697273,0.001697279,0.001697273,0.001697275,0.001697272,0.001697275,0.001697279,0.001697275,0.001697271,0.001697271,0.001697285,0.001697274,0.001697272,0.00169727,0.001697274,0.001697277,0.00169728,0.00169727,0.001697272,0.001697283,0.001697271,0.001697269
303,,,,,,,,,0.004431447,0.00223126,0.00281715,0.002428909,0.002191414,0.002049432,0.0019326,0.001878329,0.001829982,0.001818845,0.001835357,0.001767477,0.001723028,0.001709097,0.001703891,0.001701868,0.001700908,0.001699984,0.00169913,0.001698529,0.001698149,0.001697841,0.0016976,0.001697489,0.001697434,0.001697411,0.001697406,0.001697401,0.001697391,0.001697385,0.001697379,0.001697367,0.001697368,0.001697362,0.001697357,0.001697351,0.001697347,0.001697344,0.001697346,0.001697341,0.001697329,0.001697335,0.001697329,0.001697328,0.001697328,0.001697324,0.001697318,0.001697319,0.001697318,0.001697319,0.00169731,0.001697315,0.001697305,0.001697317,0.00169731,0.001697307,0.0016973,0.00169727,0.001697263,0.00169729,0.001697301,0.001697309,0.001697312,0.001697306,0.001697304,0.001697307,0.001697298,0.001697298,0.001697305,0.001697292,0.0016973,0.001697295,0.001697292,0.001697293,0.001697295,0.001697286,0.001697291,0.001697296,0.001697287,0.001697294,0.001697288,0.001697287,0.00169729,0.001697285,0.001697286,0.001697288,0.001697282,0.001697285,0.001697284,0.001697283,0.001697274,0.001697286,0.001697285,0.001697285,0.001697279,0.001697285,0.001697283,0.001697281,0.001697278,0.001697286,0.00169728,0.00169728,0.001697279,0.00169728,0.001697277,0.001697282,0.00169728,0.001697279,0.001697275,0.001697278,0.001697282,0.001697276,0.001697282,0.001697279,0.001697276,0.001697272,0.001697282,0.00169728,0.001697274,0.001697275,0.001697284,0.001697275,0.001697274,0.001697272,0.001697279,0.001697273,0.001697275,0.001697271,0.001697276,0.00169728,0.001697276,0.00169727,0.001697272,0.001697285,0.001697274,0.001697272,0.00169727,0.001697274,0.001697277,0.00169728,0.00169727,0.001697272,0.001697283,0.001697271,0.001697269
304,,,,,,,,,0.06763526,0.04036827,0.04429967,0.03765596,0.03322946,0.02970274,0.02755606,0.02643008,0.02598906,0.02582151,0.0257044,0.02580618,0.02588371,0.02589927,0.02590128,0.02590107,0.02590049,0.02590075,0.02590149,0.02590211,0.02590243,0.02590282,0.02590318,0.02590334,0.02590342,0.02590351,0.02590356,0.02590365,0.0259037,0.02590377,0.02590383,0.02590388,0.02590392,0.025904,0.02590403,0.02590407,0.02590411,0.02590415,0.02590419,0.02590422,0.02590423,0.02590427,0.02590428,0.02590431,0.02590432,0.02590435,0.02590436,0.02590437,0.02590439,0.02590442,0.02590442,0.02590444,0.02590441,0.02590445,0.02590445,0.02590447,0.02590449,0.02590454,0.02590456,0.02590453,0.02590449,0.02590449,0.02590451,0.02590451,0.02590451,0.02590453,0.02590452,0.02590453,0.02590454,0.02590454,0.02590455,0.02590457,0.02590455,0.02590456,0.02590456,0.02590456,0.02590456,0.02590459,0.02590458,0.02590459,0.02590457,0.02590459,0.02590459,0.02590459,0.02590458,0.02590459,0.02590459,0.0259046,0.02590458,0.0259046,0.02590459,0.0259046,0.0259046,0.0259046,0.02590459,0.02590461,0.0259046,0.02590461,0.02590461,0.02590463,0.02590461,0.02590461,0.02590463,0.02590463,0.02590461,0.02590462,0.02590463,0.02590463,0.02590461,0.02590462,0.02590463,0.02590462,0.02590462,0.02590463,0.02590462,0.02590462,0.02590463,0.02590464,0.02590463,0.02590463,0.02590464,0.02590464,0.02590463,0.02590463,0.02590463,0.02590463,0.02590462,0.02590463,0.02590462,0.02590464,0.02590462,0.02590463,0.02590462,0.02590464,0.02590463,0.02590463,0.02590462,0.02590463,0.02590464,0.02590465,0.02590462,0.02590463,0.02590465,0.02590463,0.02590462
305,,,,,,,,,0.06763526,0.04035799,0.04429617,0.03765461,0.03322879,0.0297029,0.02755635,0.02643035,0.02598912,0.02582166,0.02570439,0.02580605,0.02588366,0.02589925,0.02590128,0.02590107,0.02590049,0.02590075,0.02590149,0.02590211,0.02590243,0.02590282,0.02590318,0.02590334,0.02590342,0.02590351,0.02590356,0.02590365,0.0259037,0.02590377,0.02590383,0.02590388,0.02590392,0.025904,0.02590403,0.02590407,0.02590411,0.02590415,0.02590419,0.02590422,0.02590423,0.02590427,0.02590428,0.02590431,0.02590433,0.02590435,0.02590436,0.02590437,0.02590439,0.02590442,0.02590442,0.02590444,0.02590441,0.02590445,0.02590445,0.02590447,0.02590449,0.02590454,0.02590456,0.02590453,0.02590449,0.02590449,0.02590451,0.02590451,0.02590451,0.02590453,0.02590452,0.02590453,0.02590454,0.02590454,0.02590455,0.02590457,0.02590455,0.02590456,0.02590456,0.02590456,0.02590456,0.02590459,0.02590458,0.02590459,0.02590457,0.02590459,0.02590459,0.02590459,0.02590458,0.02590459,0.02590459,0.0259046,0.02590459,0.0259046,0.02590459,0.0259046,0.0259046,0.0259046,0.0259046,0.02590461,0.0259046,0.02590461,0.02590461,0.02590463,0.02590461,0.02590461,0.02590463,0.02590462,0.02590461,0.02590462,0.02590463,0.02590463,0.02590461,0.02590462,0.02590463,0.02590462,0.02590462,0.02590463,0.02590462,0.02590462,0.02590463,0.02590464,0.02590463,0.02590463,0.02590464,0.02590464,0.02590463,0.02590463,0.02590463,0.02590463,0.02590462,0.02590463,0.02590462,0.02590464,0.02590462,0.02590463,0.02590462,0.02590464,0.02590463,0.02590463,0.02590462,0.02590463,0.02590464,0.02590465,0.02590462,0.02590463,0.02590465,0.02590463,0.02590462
306,,,,,,,,,0.06763526,0.04034558,0.04428831,0.03765438,0.03323054,0.02970586,0.02755856,0.02643174,0.02598949,0.02582215,0.02570431,0.02580559,0.02588349,0.0258992,0.02590126,0.02590106,0.02590049,0.02590075,0.02590149,0.02590211,0.02590243,0.02590282,0.02590318,0.02590334,0.02590342,0.02590351,0.02590356,0.02590364,0.0259037,0.02590377,0.02590383,0.02590388,0.02590392,0.025904,0.02590403,0.02590407,0.02590411,0.02590415,0.02590419,0.02590422,0.02590423,0.02590427,0.02590428,0.02590431,0.02590433,0.02590435,0.02590436,0.02590437,0.02590439,0.02590442,0.02590442,0.02590443,0.02590441,0.02590444,0.02590446,0.02590447,0.02590449,0.02590454,0.02590456,0.02590453,0.02590449,0.02590449,0.02590451,0.02590451,0.02590451,0.02590453,0.02590452,0.02590453,0.02590455,0.02590454,0.02590456,0.02590457,0.02590455,0.02590456,0.02590456,0.02590456,0.02590456,0.02590459,0.02590458,0.02590458,0.02590458,0.02590459,0.02590459,0.02590459,0.02590458,0.02590459,0.02590459,0.0259046,0.02590459,0.0259046,0.02590459,0.0259046,0.02590459,0.0259046,0.0259046,0.02590461,0.0259046,0.02590461,0.02590461,0.02590463,0.02590461,0.02590461,0.02590463,0.02590462,0.02590461,0.02590462,0.02590463,0.02590463,0.02590461,0.02590462,0.02590464,0.02590462,0.02590462,0.02590463,0.02590462,0.02590462,0.02590463,0.02590464,0.02590463,0.02590463,0.02590464,0.02590464,0.02590463,0.02590462,0.02590463,0.02590463,0.02590462,0.02590463,0.02590462,0.02590464,0.02590462,0.02590463,0.02590462,0.02590464,0.02590463,0.02590463,0.02590462,0.02590463,0.02590464,0.02590465,0.02590462,0.02590463,0.02590465,0.02590463,0.02590462
307,,,,,,,,,0.06763526,0.04023935,0.04424606,0.03765049,0.03323685,0.02972208,0.02757101,0.0264397,0.02599104,0.02582525,0.02570339,0.02580195,0.02588222,0.02589886,0.02590116,0.02590103,0.02590047,0.02590071,0.02590146,0.02590208,0.02590242,0.02590281,0.02590318,0.02590334,0.02590342,0.02590351,0.02590356,0.02590364,0.02590371,0.02590377,0.02590383,0.02590387,0.02590393,0.02590401,0.02590404,0.02590407,0.02590412,0.02590415,0.0259042,0.02590421,0.02590423,0.02590427,0.02590428,0.0259043,0.02590433,0.02590435,0.02590436,0.02590437,0.02590439,0.02590442,0.02590442,0.02590442,0.02590442,0.02590445,0.02590446,0.02590447,0.02590449,0.02590454,0.02590456,0.02590453,0.0259045,0.02590449,0.02590452,0.02590451,0.02590452,0.02590453,0.02590453,0.02590453,0.02590455,0.02590454,0.02590456,0.02590456,0.02590455,0.02590456,0.02590458,0.02590456,0.02590456,0.02590459,0.02590458,0.02590458,0.02590458,0.02590459,0.0259046,0.02590458,0.02590458,0.02590459,0.0259046,0.0259046,0.0259046,0.0259046,0.0259046,0.0259046,0.0259046,0.02590461,0.0259046,0.02590461,0.02590461,0.02590461,0.02590461,0.02590462,0.02590462,0.02590461,0.02590463,0.02590462,0.02590461,0.02590462,0.02590463,0.02590462,0.02590462,0.02590462,0.02590464,0.02590462,0.02590463,0.02590463,0.02590463,0.02590461,0.02590463,0.02590463,0.02590463,0.02590463,0.02590465,0.02590464,0.02590464,0.02590462,0.02590464,0.02590463,0.02590463,0.02590462,0.02590462,0.02590464,0.02590462,0.02590463,0.02590463,0.02590465,0.02590464,0.02590463,0.02590462,0.02590464,0.02590465,0.02590465,0.02590463,0.02590463,0.02590466,0.02590463,0.02590463
308,,,,,,,,,0.06763526,0.04036827,0.04429967,0.03765596,0.03322946,0.02970274,0.02755606,0.02643008,0.02598906,0.02582151,0.0257044,0.02580618,0.02588371,0.02589927,0.02590128,0.02590107,0.02590049,0.02590075,0.02590149,0.02590211,0.02590243,0.02590282,0.02590318,0.02590334,0.02590342,0.02590351,0.02590356,0.02590365,0.0259037,0.02590377,0.02590383,0.02590388,0.02590392,0.025904,0.02590403,0.02590407,0.02590411,0.02590415,0.02590419,0.02590422,0.02590423,0.02590427,0.02590428,0.02590431,0.02590432,0.02590435,0.02590436,0.02590437,0.02590439,0.02590442,0.02590442,0.02590444,0.02590441,0.02590445,0.02590445,0.02590447,0.02590449,0.02590454,0.02590456,0.02590453,0.02590449,0.02590449,0.02590451,0.02590451,0.02590451,0.02590453,0.02590452,0.02590453,0.02590454,0.02590454,0.02590455,0.02590457,0.02590455,0.02590456,0.02590456,0.02590456,0.02590456,0.02590459,0.02590458,0.02590459,0.02590457,0.02590459,0.02590459,0.02590459,0.02590458,0.02590459,0.02590459,0.0259046,0.02590458,0.0259046,0.02590459,0.0259046,0.0259046,0.0259046,0.02590459,0.02590461,0.0259046,0.02590461,0.02590461,0.02590463,0.02590461,0.02590461,0.02590463,0.02590463,0.02590461,0.02590462,0.02590463,0.02590463,0.02590461,0.02590462,0.02590463,0.02590462,0.02590462,0.02590463,0.02590462,0.02590462,0.02590463,0.02590464,0.02590463,0.02590463,0.02590464,0.02590464,0.02590463,0.02590463,0.02590463,0.02590463,0.02590462,0.02590463,0.02590462,0.02590464,0.02590462,0.02590463,0.02590462,0.02590464,0.02590463,0.02590463,0.02590462,0.02590463,0.02590464,0.02590465,0.02590462,0.02590463,0.02590465,0.02590463,0.02590462
309,,,,,,,,,0.06763526,0.04035799,0.04429617,0.03765461,0.03322879,0.0297029,0.02755635,0.02643035,0.02598912,0.02582166,0.02570439,0.02580605,0.02588366,0.02589925,0.02590128,0.02590107,0.02590049,0.02590075,0.02590149,0.02590211,0.02590243,0.02590282,0.02590318,0.02590334,0.02590342,0.02590351,0.02590356,0.02590365,0.0259037,0.02590377,0.02590383,0.02590388,0.02590392,0.025904,0.02590403,0.02590407,0.02590411,0.02590415,0.02590419,0.02590422,0.02590423,0.02590427,0.02590428,0.02590431,0.02590433,0.02590435,0.02590436,0.02590437,0.02590439,0.02590442,0.02590442,0.02590444,0.02590441,0.02590445,0.02590445,0.02590447,0.02590449,0.02590454,0.02590456,0.02590453,0.02590449,0.02590449,0.02590451,0.02590451,0.02590451,0.02590453,0.02590452,0.02590453,0.02590454,0.02590454,0.02590455,0.02590457,0.02590455,0.02590456,0.02590456,0.02590456,0.02590456,0.02590459,0.02590458,0.02590459,0.02590457,0.02590459,0.02590459,0.02590459,0.02590458,0.02590459,0.02590459,0.0259046,0.02590459,0.0259046,0.02590459,0.0259046,0.0259046,0.0259046,0.0259046,0.02590461,0.0259046,0.02590461,0.02590461,0.02590463,0.02590461,0.02590461,0.02590463,0.02590462,0.02590461,0.02590462,0.02590463,0.02590463,0.02590461,0.02590462,0.02590463,0.02590462,0.02590462,0.02590463,0.02590462,0.02590462,0.02590463,0.02590464,0.02590463,0.02590463,0.02590464,0.02590464,0.02590463,0.02590463,0.02590463,0.02590463,0.02590462,0.02590463,0.02590462,0.02590464,0.02590462,0.02590463,0.02590462,0.02590464,0.02590463,0.02590463,0.02590462,0.02590463,0.02590464,0.02590465,0.02590462,0.02590463,0.02590465,0.02590463,0.02590462
310,,,,,,,,,0.06763526,0.04034558,0.04428831,0.03765438,0.03323054,0.02970586,0.02755856,0.02643174,0.02598949,0.02582215,0.02570431,0.02580559,0.02588349,0.0258992,0.02590126,0.02590106,0.02590049,0.02590075,0.02590149,0.02590211,0.02590243,0.02590282,0.02590318,0.02590334,0.02590342,0.02590351,0.02590356,0.02590364,0.0259037,0.02590377,0.02590383,0.02590388,0.02590392,0.025904,0.02590403,0.02590407,0.02590411,0.02590415,0.02590419,0.02590422,0.02590423,0.02590427,0.02590428,0.02590431,0.02590433,0.02590435,0.02590436,0.02590437,0.02590439,0.02590442,0.02590442,0.02590443,0.02590441,0.02590444,0.02590446,0.02590447,0.02590449,0.02590454,0.02590456,0.02590453,0.02590449,0.02590449,0.02590451,0.02590451,0.02590451,0.02590453,0.02590452,0.02590453,0.02590455,0.02590454,0.02590456,0.02590457,0.02590455,0.02590456,0.02590456,0.02590456,0.02590456,0.02590459,0.02590458,0.02590458,0.02590458,0.02590459,0.02590459,0.02590459,0.02590458,0.02590459,0.02590459,0.0259046,0.02590459,0.0259046,0.02590459,0.0259046,0.02590459,0.0259046,0.0259046,0.02590461,0.0259046,0.02590461,0.02590461,0.02590463,0.02590461,0.02590461,0.02590463,0.02590462,0.02590461,0.02590462,0.02590463,0.02590463,0.02590461,0.02590462,0.02590464,0.02590462,0.02590462,0.02590463,0.02590462,0.02590462,0.02590463,0.02590464,0.02590463,0.02590463,0.02590464,0.02590464,0.02590463,0.02590462,0.02590463,0.02590463,0.02590462,0.02590463,0.02590462,0.02590464,0.02590462,0.02590463,0.02590462,0.02590464,0.02590463,0.02590463,0.02590462,0.02590463,0.02590464,0.02590465,0.02590462,0.02590463,0.02590465,0.02590463,0.02590462
311,,,,,,,,,0.06763526,0.04023935,0.04424606,0.03765049,0.03323685,0.02972208,0.02757101,0.0264397,0.02599104,0.02582525,0.02570339,0.02580195,0.02588222,0.02589886,0.02590116,0.02590103,0.02590047,0.02590071,0.02590146,0.02590208,0.02590242,0.02590281,0.02590318,0.02590334,0.02590342,0.02590351,0.02590356,0.02590364,0.02590371,0.02590377,0.02590383,0.02590387,0.02590393,0.02590401,0.02590404,0.02590407,0.02590412,0.02590415,0.0259042,0.02590421,0.02590423,0.02590427,0.02590428,0.0259043,0.02590433,0.02590435,0.02590436,0.02590437,0.02590439,0.02590442,0.02590442,0.02590442,0.02590442,0.02590445,0.02590446,0.02590447,0.02590449,0.02590454,0.02590456,0.02590453,0.0259045,0.02590449,0.02590452,0.02590451,0.02590452,0.02590453,0.02590453,0.02590453,0.02590455,0.02590454,0.02590456,0.02590456,0.02590455,0.02590456,0.02590458,0.02590456,0.02590456,0.02590459,0.02590458,0.02590458,0.02590458,0.02590459,0.0259046,0.02590458,0.02590458,0.02590459,0.0259046,0.0259046,0.0259046,0.0259046,0.0259046,0.0259046,0.0259046,0.02590461,0.0259046,0.02590461,0.02590461,0.02590461,0.02590461,0.02590462,0.02590462,0.02590461,0.02590463,0.02590462,0.02590461,0.02590462,0.02590463,0.02590462,0.02590462,0.02590462,0.02590464,0.02590462,0.02590463,0.02590463,0.02590463,0.02590461,0.02590463,0.02590463,0.02590463,0.02590463,0.02590465,0.02590464,0.02590464,0.02590462,0.02590464,0.02590463,0.02590463,0.02590462,0.02590462,0.02590464,0.02590462,0.02590463,0.02590463,0.02590465,0.02590464,0.02590463,0.02590462,0.02590464,0.02590465,0.02590465,0.02590463,0.02590463,0.02590466,0.02590463,0.02590463
312,,,,,,,,,1.326862,3.890779,1.497098,1.110222,0.875684,0.8158863,0.8244336,0.8512053,0.868346,0.8778891,0.8846965,0.8792455,0.8745529,0.8735961,0.8735287,0.8735794,0.8736507,0.8736751,0.8736659,0.8736589,0.8736665,0.8736673,0.8736677,0.8736784,0.873693,0.8737052,0.8737154,0.8737228,0.8737305,0.8737367,0.8737415,0.8737469,0.8737492,0.8737516,0.8737541,0.873758,0.8737588,0.8737614,0.8737608,0.8737626,0.8737653,0.873764,0.8737662,0.8737659,0.8737656,0.8737663,0.873768,0.8737679,0.8737677,0.8737666,0.8737689,0.8737676,0.87377,0.8737672,0.8737686,0.8737671,0.8737653,0.8737639,0.8737625,0.8737642,0.8737689,0.873769,0.8737673,0.8737681,0.8737678,0.8737658,0.8737677,0.8737674,0.8737646,0.8737676,0.8737654,0.8737655,0.8737661,0.8737654,0.8737643,0.8737664,0.8737646,0.8737628,0.8737647,0.8737624,0.8737638,0.8737631,0.8737621,0.8737629,0.8737629,0.8737625,0.8737625,0.8737614,0.8737617,0.8737618,0.8737635,0.8737602,0.87376,0.8737605,0.8737612,0.873759,0.8737592,0.8737605,0.8737609,0.8737579,0.873759,0.8737595,0.8737585,0.8737581,0.8737594,0.8737576,0.8737572,0.8737576,0.873758,0.8737578,0.8737556,0.8737575,0.8737561,0.873756,0.8737575,0.8737577,0.8737553,0.8737553,0.8737564,0.8737564,0.8737529,0.8737557,0.8737556,0.8737564,0.873754,0.873755,0.8737554,0.8737556,0.8737546,0.8737527,0.8737545,0.8737551,0.8737542,0.8737508,0.8737534,0.8737543,0.8737548,0.8737534,0.8737531,0.8737512,0.8737542,0.8737534,0.8737501,0.8737531,0.873753
313,,,,,,,,,1.327165,3.891994,1.497343,1.110383,0.8757697,0.8159092,0.8244411,0.8512185,0.868373,0.8779179,0.8847336,0.8792861,0.8745892,0.8736308,0.8735631,0.8736138,0.8736851,0.8737094,0.8737002,0.8736932,0.8737007,0.8737015,0.873702,0.8737126,0.8737272,0.8737394,0.8737496,0.873757,0.8737647,0.8737709,0.8737756,0.873781,0.8737833,0.8737857,0.8737882,0.8737922,0.8737929,0.8737955,0.8737949,0.8737967,0.8737994,0.8737981,0.8738003,0.8738,0.8737997,0.8738004,0.8738021,0.873802,0.8738018,0.8738007,0.873803,0.8738017,0.873804,0.8738012,0.8738027,0.8738012,0.8737993,0.8737979,0.8737965,0.8737983,0.8738029,0.873803,0.8738014,0.8738022,0.8738019,0.8737999,0.8738018,0.8738014,0.8737987,0.8738016,0.8737995,0.8737996,0.8738002,0.8737995,0.8737984,0.8738005,0.8737986,0.8737968,0.8737988,0.8737964,0.8737978,0.8737972,0.8737961,0.873797,0.873797,0.8737965,0.8737966,0.8737954,0.8737957,0.8737958,0.8737976,0.8737943,0.873794,0.8737946,0.8737952,0.873793,0.8737932,0.8737945,0.8737949,0.8737919,0.873793,0.8737935,0.8737926,0.8737921,0.8737934,0.8737917,0.8737912,0.8737917,0.873792,0.8737918,0.8737896,0.8737915,0.8737901,0.87379,0.8737915,0.8737918,0.8737893,0.8737894,0.8737904,0.8737905,0.873787,0.8737897,0.8737896,0.8737904,0.873788,0.873789,0.8737895,0.8737897,0.8737886,0.8737867,0.8737885,0.8737892,0.8737883,0.8737849,0.8737874,0.8737883,0.8737888,0.8737874,0.8737872,0.8737853,0.8737882,0.8737874,0.8737841,0.8737871,0.873787
314,,,,,,,,,1.660685,4.456497,1.888074,1.465503,1.206049,1.13949,1.144851,1.173188,1.188904,1.199105,1.208326,1.194678,1.184679,1.182173,1.181576,1.181438,1.181427,1.181363,1.181267,1.181201,1.181174,1.181146,1.181126,1.18113,1.181145,1.181159,1.181174,1.181184,1.181194,1.181203,1.18121,1.181217,1.181222,1.181226,1.18123,1.181236,1.181238,1.181243,1.181243,1.181247,1.18125,1.18125,1.181254,1.181254,1.181255,1.181257,1.18126,1.18126,1.181261,1.181261,1.181264,1.181264,1.181266,1.181265,1.181267,1.181266,1.181264,1.18126,1.181258,1.181264,1.181271,1.181273,1.181272,1.181273,1.181273,1.181272,1.181274,1.181274,1.181272,1.181275,1.181274,1.181274,1.181275,1.181275,1.181274,1.181276,1.181275,1.181274,1.181276,1.181275,1.181276,1.181275,1.181275,1.181276,1.181277,1.181276,1.181276,1.181276,1.181276,1.181277,1.181278,1.181276,1.181276,1.181277,1.181277,1.181276,1.181276,1.181278,1.181278,1.181276,1.181277,1.181278,1.181277,1.181277,1.181279,1.181278,1.181277,1.181278,1.181278,1.181278,1.181277,1.181278,1.181277,1.181277,1.181279,1.181279,1.181278,1.181278,1.181279,1.181279,1.181276,1.181279,1.181279,1.18128,1.181278,1.181278,1.181279,1.18128,1.181279,1.181277,1.181279,1.18128,1.181279,1.181277,1.181279,1.18128,1.18128,1.181279,1.181279,1.181278,1.18128,1.18128,1.181277,1.18128,1.181279
315,,,,,,,,,1.813371,4.655515,2.001359,1.543865,1.264069,1.188953,1.190446,1.217345,1.232135,1.242177,1.251778,1.236771,1.225817,1.223005,1.222298,1.222118,1.222088,1.222006,1.221894,1.221815,1.22178,1.221746,1.221721,1.221723,1.221736,1.22175,1.221764,1.221774,1.221784,1.221792,1.221799,1.221806,1.22181,1.221814,1.221818,1.221823,1.221825,1.221829,1.22183,1.221833,1.221836,1.221836,1.221839,1.22184,1.221841,1.221842,1.221844,1.221845,1.221846,1.221846,1.221848,1.221848,1.22185,1.221849,1.221851,1.221849,1.221847,1.221842,1.221841,1.221847,1.221854,1.221856,1.221855,1.221856,1.221856,1.221855,1.221856,1.221857,1.221855,1.221857,1.221856,1.221856,1.221857,1.221857,1.221856,1.221858,1.221857,1.221856,1.221858,1.221856,1.221857,1.221857,1.221856,1.221857,1.221858,1.221858,1.221858,1.221857,1.221858,1.221858,1.221859,1.221857,1.221857,1.221858,1.221858,1.221857,1.221857,1.221859,1.221859,1.221857,1.221858,1.221859,1.221858,1.221858,1.221859,1.221858,1.221858,1.221858,1.221858,1.221859,1.221857,1.221859,1.221858,1.221858,1.221859,1.22186,1.221858,1.221858,1.221859,1.221859,1.221857,1.221859,1.221859,1.22186,1.221858,1.221859,1.22186,1.22186,1.221859,1.221858,1.221859,1.22186,1.221859,1.221857,1.221859,1.22186,1.22186,1.221859,1.221859,1.221858,1.22186,1.22186,1.221857,1.221859,1.221859
316,,,,,,,,,71.52094,42.81052,46.92737,39.91123,35.25943,31.6099,29.3676,28.20125,27.72085,27.54653,27.44471,27.4839,27.52119,27.52427,27.52167,27.51967,27.51825,27.51769,27.51766,27.51774,27.51772,27.51783,27.51798,27.51805,27.51808,27.51815,27.51821,27.51829,27.51834,27.5184,27.51846,27.5185,27.51855,27.51862,27.51865,27.51869,27.51872,27.51876,27.51881,27.51884,27.51883,27.51887,27.51889,27.51891,27.51893,27.51895,27.51896,27.51897,27.51899,27.51902,27.51901,27.51904,27.519,27.51905,27.51905,27.51907,27.51908,27.5191,27.51912,27.51911,27.51908,27.51909,27.51911,27.51911,27.51911,27.51913,27.51912,27.51912,27.51915,27.51913,27.51915,27.51916,27.51914,27.51915,27.51916,27.51915,27.51915,27.51919,27.51917,27.51918,27.51917,27.51918,27.51918,27.51918,27.51917,27.51918,27.51918,27.51919,27.51918,27.51919,27.51918,27.5192,27.51919,27.51919,27.51918,27.5192,27.51919,27.5192,27.5192,27.51923,27.5192,27.5192,27.51922,27.51922,27.5192,27.51922,27.51922,27.51922,27.5192,27.51922,27.51923,27.51921,27.51922,27.51923,27.51921,27.51921,27.51922,27.51923,27.51922,27.51922,27.51924,27.51923,27.51923,27.51922,27.51922,27.51923,27.51921,27.51922,27.51921,27.51924,27.51922,27.51922,27.51921,27.51924,27.51923,27.51922,27.5192,27.51922,27.51924,27.51925,27.51921,27.51922,27.51926,27.51922,27.51921
317,,,,,,,,,71.52064,42.79954,46.92356,39.90961,35.25853,31.60993,29.36783,28.20147,27.72091,27.5466,27.44469,27.48381,27.52114,27.52423,27.52163,27.51964,27.51822,27.51766,27.51762,27.51771,27.51769,27.5178,27.51795,27.51802,27.51805,27.51812,27.51817,27.51826,27.51831,27.51837,27.51843,27.51847,27.51852,27.51859,27.51862,27.51866,27.51869,27.51872,27.51877,27.5188,27.5188,27.51884,27.51885,27.51888,27.5189,27.51892,27.51893,27.51894,27.51896,27.51899,27.51898,27.519,27.51897,27.51901,27.51902,27.51904,27.51904,27.51907,27.51908,27.51908,27.51905,27.51906,27.51908,27.51908,27.51907,27.5191,27.51908,27.51909,27.51911,27.5191,27.51912,27.51913,27.51911,27.51912,27.51913,27.51912,27.51911,27.51915,27.51913,27.51915,27.51913,27.51914,27.51915,27.51915,27.51914,27.51915,27.51915,27.51916,27.51914,27.51915,27.51914,27.51916,27.51915,27.51916,27.51915,27.51917,27.51916,27.51917,27.51916,27.51919,27.51917,27.51917,27.51918,27.51918,27.51916,27.51918,27.51918,27.51919,27.51916,27.51918,27.5192,27.51918,27.51918,27.51919,27.51918,27.51917,27.51919,27.5192,27.51919,27.51919,27.5192,27.5192,27.51919,27.51918,27.51919,27.51919,27.51918,27.51919,27.51917,27.5192,27.51918,27.51919,27.51918,27.51921,27.51919,27.51919,27.51917,27.51919,27.5192,27.51922,27.51918,27.51919,27.51922,27.51919,27.51917
318,,,,,,,,,71.18712,42.22329,46.52479,39.55442,34.93008,31.28944,29.04974,27.88095,27.40082,27.22587,27.12107,27.16805,27.21091,27.21565,27.21361,27.21181,27.21047,27.21,27.21006,27.2102,27.21021,27.21035,27.21053,27.2106,27.21063,27.2107,27.21075,27.21083,27.21088,27.21094,27.21099,27.21103,27.21108,27.21115,27.21118,27.21121,27.21125,27.21128,27.21133,27.21135,27.21135,27.21139,27.2114,27.21142,27.21144,27.21146,27.21147,27.21148,27.2115,27.21153,27.21152,27.21154,27.21151,27.21155,27.21156,27.21157,27.21158,27.21161,27.21162,27.21161,27.21158,27.21159,27.21161,27.21161,27.2116,27.21163,27.21161,27.21161,27.21164,27.21162,27.21165,27.21165,27.21163,27.21164,27.21165,27.21164,27.21164,27.21167,27.21166,27.21167,27.21166,27.21167,27.21167,27.21166,27.21166,27.21167,27.21167,27.21168,27.21166,27.21167,27.21166,27.21168,27.21167,27.21168,27.21167,27.21169,27.21168,27.21168,27.21168,27.21171,27.21169,27.21168,27.2117,27.2117,27.21168,27.2117,27.2117,27.2117,27.21168,27.21169,27.21171,27.21169,27.2117,27.2117,27.21169,27.21168,27.2117,27.21171,27.2117,27.2117,27.21171,27.21171,27.2117,27.21169,27.2117,27.2117,27.21169,27.21169,27.21169,27.21171,27.21169,27.2117,27.21169,27.21172,27.2117,27.2117,27.21168,27.2117,27.21171,27.21172,27.21169,27.2117,27.21173,27.21169,27.21168
319,,,,,,,,,71.03443,41.91609,46.36843,39.47283,34.87847,31.25679,29.01717,27.845,27.35955,27.18561,27.077,27.12294,27.16869,27.17454,27.17281,27.17111,27.1698,27.16933,27.16941,27.16956,27.1696,27.16975,27.16993,27.17,27.17004,27.17011,27.17016,27.17023,27.17029,27.17035,27.17041,27.17043,27.1705,27.17057,27.1706,27.17062,27.17067,27.17069,27.17074,27.17075,27.17077,27.17081,27.17081,27.17083,27.17086,27.17088,27.17089,27.1709,27.17091,27.17094,27.17093,27.17094,27.17093,27.17097,27.17098,27.17099,27.171,27.17102,27.17104,27.17103,27.171,27.17101,27.17104,27.17102,27.17103,27.17105,27.17104,27.17103,27.17106,27.17104,27.17107,27.17106,27.17106,27.17107,27.17108,27.17105,27.17106,27.1711,27.17108,27.17108,27.17108,27.17109,27.1711,27.17108,27.17108,27.17109,27.17109,27.1711,27.17109,27.17109,27.17108,27.1711,27.17109,27.1711,27.17109,27.17111,27.1711,27.1711,27.1711,27.17112,27.17111,27.1711,27.17112,27.17111,27.1711,27.17112,27.17112,27.17112,27.1711,27.17111,27.17113,27.1711,27.17112,27.17112,27.17112,27.1711,27.17113,27.17113,27.17112,27.17111,27.17114,27.17112,27.17112,27.1711,27.17113,27.17112,27.17111,27.17111,27.17111,27.17113,27.17111,27.17111,27.17111,27.17114,27.17112,27.17112,27.17111,27.17113,27.17114,27.17114,27.17111,27.17112,27.17115,27.17111,27.17111
320,,,,,,,,,3.952358,2.482047,2.671381,2.292387,2.062733,1.936442,1.838706,1.797228,1.757415,1.750471,1.765648,1.703163,1.663002,1.650537,1.64592,1.644142,1.643298,1.64247,1.641703,1.641166,1.640828,1.640553,1.64034,1.640245,1.6402,1.640183,1.640183,1.640181,1.640175,1.640171,1.640169,1.640161,1.640162,1.64016,1.640156,1.640154,1.64015,1.64015,1.640152,1.640151,1.640141,1.640146,1.640143,1.640143,1.640144,1.640142,1.640138,1.640139,1.640139,1.640141,1.640134,1.640139,1.64013,1.640142,1.640136,1.640135,1.640128,1.640102,1.640096,1.640123,1.640133,1.64014,1.640143,1.640139,1.640137,1.64014,1.640133,1.640134,1.64014,1.640129,1.640136,1.640134,1.64013,1.640132,1.640133,1.640127,1.640131,1.640136,1.640129,1.640135,1.64013,1.64013,1.640132,1.640129,1.64013,1.640132,1.640127,1.64013,1.640129,1.640129,1.640122,1.640132,1.640131,1.640131,1.640126,1.640132,1.64013,1.64013,1.640127,1.640135,1.64013,1.64013,1.64013,1.640131,1.640128,1.640133,1.640131,1.640131,1.640127,1.640131,1.640134,1.640129,1.640133,1.640132,1.640129,1.640127,1.640134,1.640134,1.640129,1.64013,1.640137,1.64013,1.64013,1.640129,1.640133,1.640129,1.64013,1.640128,1.640131,1.640135,1.640132,1.640128,1.640128,1.64014,1.640131,1.640129,1.640128,1.640131,1.640135,1.640137,1.640129,1.640131,1.64014,1.64013,1.640128
321,,,,,,,,,3.952056,2.481334,2.671054,2.292126,2.062499,1.936315,1.838644,1.797178,1.757412,1.750397,1.765648,1.703201,1.662991,1.65051,1.645889,1.644109,1.643264,1.642437,1.64167,1.641133,1.640794,1.640519,1.640306,1.640211,1.640166,1.640149,1.640148,1.640147,1.640141,1.640137,1.640135,1.640127,1.640128,1.640125,1.640122,1.640119,1.640116,1.640116,1.640118,1.640116,1.640106,1.640112,1.640109,1.640109,1.64011,1.640108,1.640104,1.640104,1.640105,1.640107,1.6401,1.640105,1.640096,1.640108,1.640102,1.640101,1.640094,1.640068,1.640062,1.640088,1.640099,1.640106,1.640109,1.640105,1.640103,1.640106,1.640099,1.6401,1.640106,1.640095,1.640102,1.6401,1.640096,1.640098,1.640099,1.640093,1.640097,1.640102,1.640095,1.640101,1.640096,1.640096,1.640098,1.640095,1.640096,1.640098,1.640093,1.640096,1.640095,1.640095,1.640088,1.640098,1.640097,1.640097,1.640092,1.640098,1.640096,1.640096,1.640093,1.640101,1.640096,1.640096,1.640096,1.640097,1.640094,1.640099,1.640097,1.640097,1.640093,1.640097,1.6401,1.640095,1.640099,1.640098,1.640095,1.640093,1.6401,1.6401,1.640095,1.640096,1.640103,1.640096,1.640096,1.640095,1.640099,1.640095,1.640096,1.640094,1.640097,1.640101,1.640098,1.640094,1.640094,1.640106,1.640097,1.640095,1.640094,1.640097,1.640101,1.640103,1.640095,1.640097,1.640106,1.640096,1.640094
322,,,,,,,,,3.618536,1.917486,2.28014,1.937162,1.732302,1.612868,1.518346,1.475262,1.43695,1.429172,1.442104,1.387901,1.352931,1.341977,1.337879,1.336286,1.335523,1.334785,1.334104,1.333626,1.333321,1.333075,1.332882,1.332794,1.332749,1.332729,1.332725,1.33272,1.332711,1.332705,1.3327,1.33269,1.33269,1.332685,1.33268,1.332675,1.332671,1.332669,1.33267,1.332666,1.332656,1.33266,1.332655,1.332654,1.332654,1.332651,1.332646,1.332646,1.332646,1.332647,1.332639,1.332643,1.332634,1.332643,1.332638,1.332637,1.33263,1.332606,1.3326,1.332622,1.33263,1.332636,1.332638,1.332634,1.332632,1.332634,1.332627,1.332627,1.332632,1.332622,1.332628,1.332625,1.332622,1.332622,1.332624,1.332617,1.33262,1.332625,1.332618,1.332623,1.332618,1.332617,1.332619,1.332616,1.332617,1.332618,1.332613,1.332615,1.332614,1.332614,1.332607,1.332616,1.332615,1.332615,1.33261,1.332615,1.332613,1.332612,1.332609,1.332617,1.332611,1.332611,1.332611,1.332612,1.332609,1.332613,1.332611,1.332611,1.332607,1.33261,1.332613,1.332608,1.332612,1.33261,1.332608,1.332605,1.332612,1.332611,1.332606,1.332607,1.332614,1.332607,1.332607,1.332605,1.33261,1.332605,1.332607,1.332604,1.332607,1.33261,1.332607,1.332603,1.332604,1.332614,1.332606,1.332604,1.332602,1.332606,1.332608,1.332611,1.332603,1.332604,1.332613,1.332604,1.332602
323,,,,,,,,,3.46585,1.716413,2.16599,1.859456,1.674383,1.564013,1.473338,1.431371,1.394135,1.385817,1.39895,1.346425,1.311995,1.301213,1.297184,1.295616,1.29487,1.29415,1.293484,1.293015,1.292717,1.292477,1.292289,1.292201,1.292158,1.292139,1.292134,1.29213,1.292122,1.292116,1.292111,1.292102,1.292102,1.292097,1.292093,1.292088,1.292085,1.292082,1.292083,1.29208,1.29207,1.292075,1.29207,1.292069,1.292069,1.292066,1.292061,1.292061,1.292061,1.292062,1.292055,1.292058,1.29205,1.29206,1.292055,1.292053,1.292047,1.292024,1.292018,1.292039,1.292048,1.292053,1.292056,1.292051,1.292049,1.292052,1.292045,1.292045,1.29205,1.29204,1.292046,1.292042,1.29204,1.292041,1.292042,1.292035,1.292039,1.292043,1.292036,1.292041,1.292037,1.292036,1.292038,1.292034,1.292035,1.292036,1.292032,1.292034,1.292034,1.292033,1.292026,1.292035,1.292034,1.292034,1.292029,1.292034,1.292033,1.292032,1.292028,1.292035,1.292031,1.29203,1.29203,1.292031,1.292028,1.292032,1.29203,1.29203,1.292026,1.292029,1.292032,1.292027,1.292032,1.29203,1.292028,1.292025,1.292032,1.292031,1.292026,1.292026,1.292034,1.292027,1.292026,1.292024,1.29203,1.292025,1.292027,1.292024,1.292027,1.29203,1.292027,1.292023,1.292024,1.292034,1.292026,1.292024,1.292023,1.292026,1.292029,1.29203,1.292023,1.292024,1.292033,1.292024,1.292022
324,,,,,,,,,71.52094,42.81052,46.92737,39.91123,35.25943,31.6099,29.3676,28.20125,27.72085,27.54653,27.44471,27.48391,27.52119,27.52427,27.52167,27.51967,27.51825,27.51769,27.51766,27.51774,27.51772,27.51783,27.51798,27.51805,27.51808,27.51815,27.51821,27.51829,27.51834,27.5184,27.51846,27.5185,27.51855,27.51862,27.51865,27.51869,27.51872,27.51876,27.51881,27.51884,27.51883,27.51887,27.51889,27.51891,27.51893,27.51895,27.51896,27.51897,27.51899,27.51902,27.51901,27.51904,27.519,27.51905,27.51905,27.51907,27.51908,27.5191,27.51912,27.51911,27.51908,27.51909,27.51911,27.51911,27.51911,27.51913,27.51912,27.51912,27.51915,27.51913,27.51915,27.51916,27.51914,27.51915,27.51916,27.51915,27.51915,27.51919,27.51917,27.51918,27.51917,27.51918,27.51918,27.51918,27.51917,27.51918,27.51918,27.51919,27.51918,27.51919,27.51918,27.5192,27.51919,27.51919,27.51918,27.5192,27.51919,27.5192,27.5192,27.51923,27.5192,27.5192,27.51922,27.51922,27.5192,27.51922,27.51922,27.51922,27.5192,27.51922,27.51923,27.51921,27.51922,27.51923,27.51921,27.51921,27.51922,27.51923,27.51922,27.51922,27.51924,27.51923,27.51923,27.51922,27.51922,27.51923,27.51921,27.51922,27.51921,27.51924,27.51922,27.51922,27.51921,27.51924,27.51923,27.51922,27.5192,27.51922,27.51924,27.51925,27.51921,27.51922,27.51926,27.51922,27.51921
325,,,,,,,,,71.52064,42.79954,46.92356,39.90961,35.25853,31.60994,29.36783,28.20147,27.72091,27.5466,27.44469,27.48381,27.52114,27.52423,27.52163,27.51964,27.51822,27.51766,27.51762,27.51771,27.51769,27.5178,27.51795,27.51802,27.51805,27.51812,27.51817,27.51826,27.51831,27.51837,27.51843,27.51847,27.51852,27.51859,27.51862,27.51866,27.51869,27.51872,27.51877,27.5188,27.5188,27.51884,27.51885,27.51888,27.5189,27.51892,27.51893,27.51894,27.51896,27.51899,27.51898,27.519,27.51897,27.51901,27.51902,27.51904,27.51904,27.51907,27.51908,27.51908,27.51905,27.51906,27.51908,27.51908,27.51907,27.5191,27.51908,27.51909,27.51911,27.5191,27.51912,27.51913,27.51911,27.51912,27.51913,27.51912,27.51911,27.51915,27.51913,27.51915,27.51913,27.51915,27.51915,27.51915,27.51914,27.51915,27.51915,27.51916,27.51914,27.51915,27.51914,27.51916,27.51915,27.51916,27.51915,27.51917,27.51916,27.51917,27.51916,27.51919,27.51917,27.51917,27.51918,27.51918,27.51916,27.51918,27.51918,27.51919,27.51916,27.51918,27.5192,27.51918,27.51918,27.51919,27.51918,27.51917,27.51919,27.5192,27.51919,27.51919,27.5192,27.5192,27.51919,27.51918,27.51919,27.51919,27.51918,27.51919,27.51918,27.5192,27.51918,27.51919,27.51918,27.51921,27.51919,27.51919,27.51917,27.51919,27.5192,27.51922,27.51918,27.51919,27.51922,27.51919,27.51917
326,,,,,,,,,71.18712,42.22329,46.52479,39.55442,34.93008,31.28944,29.04974,27.88095,27.40082,27.22587,27.12107,27.16805,27.21091,27.21565,27.21361,27.21181,27.21047,27.21,27.21006,27.2102,27.21021,27.21035,27.21053,27.2106,27.21063,27.2107,27.21075,27.21083,27.21088,27.21094,27.21099,27.21103,27.21108,27.21115,27.21118,27.21121,27.21125,27.21128,27.21133,27.21135,27.21135,27.21139,27.2114,27.21142,27.21144,27.21146,27.21147,27.21148,27.2115,27.21153,27.21152,27.21154,27.21151,27.21155,27.21156,27.21157,27.21158,27.21161,27.21162,27.21161,27.21158,27.21159,27.21161,27.21161,27.2116,27.21163,27.21161,27.21161,27.21164,27.21162,27.21165,27.21165,27.21163,27.21164,27.21165,27.21164,27.21164,27.21167,27.21166,27.21167,27.21166,27.21167,27.21167,27.21166,27.21166,27.21167,27.21167,27.21168,27.21166,27.21167,27.21166,27.21168,27.21167,27.21168,27.21167,27.21169,27.21168,27.21168,27.21168,27.21171,27.21169,27.21168,27.2117,27.2117,27.21168,27.2117,27.2117,27.2117,27.21168,27.21169,27.21171,27.21169,27.2117,27.2117,27.21169,27.21168,27.2117,27.21171,27.2117,27.2117,27.21171,27.21171,27.2117,27.21169,27.2117,27.2117,27.21169,27.21169,27.21169,27.21171,27.21169,27.2117,27.21169,27.21172,27.2117,27.2117,27.21168,27.2117,27.21171,27.21172,27.21169,27.2117,27.21173,27.21169,27.21168
327,,,,,,,,,71.03443,41.91609,46.36843,39.47283,34.87847,31.25679,29.01717,27.845,27.35955,27.18561,27.077,27.12294,27.16869,27.17454,27.17281,27.17111,27.1698,27.16933,27.16941,27.16956,27.1696,27.16975,27.16993,27.17,27.17004,27.17011,27.17016,27.17023,27.17029,27.17035,27.17041,27.17043,27.1705,27.17057,27.1706,27.17062,27.17067,27.17069,27.17074,27.17075,27.17077,27.17081,27.17081,27.17083,27.17086,27.17088,27.17089,27.1709,27.17091,27.17094,27.17093,27.17094,27.17093,27.17097,27.17098,27.17099,27.171,27.17102,27.17104,27.17103,27.171,27.17101,27.17104,27.17102,27.17103,27.17105,27.17104,27.17103,27.17106,27.17104,27.17107,27.17106,27.17106,27.17107,27.17108,27.17105,27.17106,27.1711,27.17108,27.17108,27.17108,27.17109,27.1711,27.17108,27.17108,27.17109,27.17109,27.1711,27.17109,27.17109,27.17108,27.1711,27.17109,27.1711,27.17109,27.17111,27.1711,27.1711,27.1711,27.17112,27.17111,27.1711,27.17112,27.17111,27.1711,27.17112,27.17112,27.17112,27.1711,27.17111,27.17113,27.1711,27.17112,27.17112,27.17112,27.1711,27.17113,27.17113,27.17112,27.17111,27.17114,27.17112,27.17112,27.1711,27.17113,27.17112,27.17111,27.17111,27.17111,27.17113,27.17111,27.17111,27.17111,27.17114,27.17112,27.17112,27.17111,27.17113,27.17114,27.17114,27.17111,27.17112,27.17115,27.17111,27.17111
328,,,,,,,,,0.0,0.0,0.0,0.0,0.0,0.0,0.0,0.0,0.0,0.0,0.0,0.0,0.0,0.0,0.0,0.0,0.0,0.0,0.0,0.0,0.0,0.0,0.0,0.0,0.0,0.0,0.0,0.0,0.0,0.0,0.0,0.0,0.0,0.0,0.0,0.0,0.0,0.0,0.0,0.0,0.0,0.0,0.0,0.0,0.0,0.0,0.0,0.0,0.0,0.0,0.0,0.0,0.0,0.0,0.0,0.0,0.0,0.0,0.0,0.0,0.0,0.0,0.0,0.0,0.0,0.0,0.0,0.0,0.0,0.0,0.0,0.0,0.0,0.0,0.0,0.0,0.0,0.0,0.0,0.0,0.0,0.0,0.0,0.0,0.0,0.0,0.0,0.0,0.0,0.0,0.0,0.0,0.0,0.0,0.0,0.0,0.0,0.0,0.0,0.0,0.0,0.0,0.0,0.0,0.0,0.0,0.0,0.0,0.0,0.0,0.0,0.0,0.0,0.0,0.0,0.0,0.0,0.0,0.0,0.0,0.0,0.0,0.0,0.0,0.0,0.0,0.0,0.0,0.0,0.0,0.0,0.0,0.0,0.0,0.0,0.0,0.0,0.0,0.0,0.0,0.0,0.0,0.0,0.0,0.0
329,,,,,,,,,0.0,0.0,0.0,0.0,0.0,0.0,0.0,0.0,0.0,0.0,0.0,0.0,0.0,0.0,0.0,0.0,0.0,0.0,0.0,0.0,0.0,0.0,0.0,0.0,0.0,0.0,0.0,0.0,0.0,0.0,0.0,0.0,0.0,0.0,0.0,0.0,0.0,0.0,0.0,0.0,0.0,0.0,0.0,0.0,0.0,0.0,0.0,0.0,0.0,0.0,0.0,0.0,0.0,0.0,0.0,0.0,0.0,0.0,0.0,0.0,0.0,0.0,0.0,0.0,0.0,0.0,0.0,0.0,0.0,0.0,0.0,0.0,0.0,0.0,0.0,0.0,0.0,0.0,0.0,0.0,0.0,0.0,0.0,0.0,0.0,0.0,0.0,0.0,0.0,0.0,0.0,0.0,0.0,0.0,0.0,0.0,0.0,0.0,0.0,0.0,0.0,0.0,0.0,0.0,0.0,0.0,0.0,0.0,0.0,0.0,0.0,0.0,0.0,0.0,0.0,0.0,0.0,0.0,0.0,0.0,0.0,0.0,0.0,0.0,0.0,0.0,0.0,0.0,0.0,0.0,0.0,0.0,0.0,0.0,0.0,0.0,0.0,0.0,0.0,0.0,0.0,0.0,0.0,0.0,0.0
330,,,,,,,,,0.0,0.0,0.0,0.0,0.0,0.0,0.0,0.0,0.0,0.0,0.0,0.0,0.0,0.0,0.0,0.0,0.0,0.0,0.0,0.0,0.0,0.0,0.0,0.0,0.0,0.0,0.0,0.0,0.0,0.0,0.0,0.0,0.0,0.0,0.0,0.0,0.0,0.0,0.0,0.0,0.0,0.0,0.0,0.0,0.0,0.0,0.0,0.0,0.0,0.0,0.0,0.0,0.0,0.0,0.0,0.0,0.0,0.0,0.0,0.0,0.0,0.0,0.0,0.0,0.0,0.0,0.0,0.0,0.0,0.0,0.0,0.0,0.0,0.0,0.0,0.0,0.0,0.0,0.0,0.0,0.0,0.0,0.0,0.0,0.0,0.0,0.0,0.0,0.0,0.0,0.0,0.0,0.0,0.0,0.0,0.0,0.0,0.0,0.0,0.0,0.0,0.0,0.0,0.0,0.0,0.0,0.0,0.0,0.0,0.0,0.0,0.0,0.0,0.0,0.0,0.0,0.0,0.0,0.0,0.0,0.0,0.0,0.0,0.0,0.0,0.0,0.0,0.0,0.0,0.0,0.0,0.0,0.0,0.0,0.0,0.0,0.0,0.0,0.0,0.0,0.0,0.0,0.0,0.0,0.0
331,,,,,,,,,0.0,0.0,0.0,0.0,0.0,0.0,0.0,0.0,0.0,0.0,0.0,0.0,0.0,0.0,0.0,0.0,0.0,0.0,0.0,0.0,0.0,0.0,0.0,0.0,0.0,0.0,0.0,0.0,0.0,0.0,0.0,0.0,0.0,0.0,0.0,0.0,0.0,0.0,0.0,0.0,0.0,0.0,0.0,0.0,0.0,0.0,0.0,0.0,0.0,0.0,0.0,0.0,0.0,0.0,0.0,0.0,0.0,0.0,0.0,0.0,0.0,0.0,0.0,0.0,0.0,0.0,0.0,0.0,0.0,0.0,0.0,0.0,0.0,0.0,0.0,0.0,0.0,0.0,0.0,0.0,0.0,0.0,0.0,0.0,0.0,0.0,0.0,0.0,0.0,0.0,0.0,0.0,0.0,0.0,0.0,0.0,0.0,0.0,0.0,0.0,0.0,0.0,0.0,0.0,0.0,0.0,0.0,0.0,0.0,0.0,0.0,0.0,0.0,0.0,0.0,0.0,0.0,0.0,0.0,0.0,0.0,0.0,0.0,0.0,0.0,0.0,0.0,0.0,0.0,0.0,0.0,0.0,0.0,0.0,0.0,0.0,0.0,0.0,0.0,0.0,0.0,0.0,0.0,0.0,0.0
332,,,,,,,,,9.766845,10.70712,7.213191,5.455766,4.797249,4.550616,4.50036,4.504844,4.511972,4.515007,4.519681,4.518082,4.51532,4.514137,4.513507,4.513045,4.512694,4.512393,4.512118,4.511878,4.511675,4.511492,4.511327,4.511183,4.511056,4.510942,4.510838,4.510743,4.510656,4.510576,4.510502,4.510436,4.510371,4.510311,4.510256,4.510204,4.510154,4.510109,4.510064,4.510024,4.509986,4.509948,4.509914,4.509881,4.509848,4.509819,4.509789,4.509763,4.509736,4.509709,4.509686,4.509663,4.50964,4.509619,4.509598,4.509578,4.509557,4.509539,4.509519,4.509503,4.509487,4.509472,4.509455,4.509442,4.509426,4.509412,4.509398,4.509385,4.509369,4.509359,4.509345,4.509334,4.509322,4.509311,4.509299,4.50929,4.509278,4.509266,4.509258,4.509247,4.509237,4.509229,4.509219,4.509212,4.509202,4.509194,4.509185,4.509177,4.509168,4.509161,4.509154,4.509146,4.509139,4.509132,4.509125,4.509118,4.50911,4.509105,4.509098,4.509091,4.509085,4.50908,4.509073,4.509067,4.509061,4.509056,4.509049,4.509044,4.509039,4.509034,4.509028,4.509024,4.509017,4.509014,4.509008,4.509005,4.508998,4.508994,4.50899,4.508986,4.508979,4.508977,4.508973,4.50897,4.508963,4.508961,4.508956,4.508954,4.508948,4.508944,4.508941,4.508938,4.508934,4.508929,4.508925,4.508923,4.50892,4.508915,4.508911,4.508908,4.508906,4.508903,4.508898,4.508897,4.508893
333,,,,,,,,,9.770864,10.784,7.226188,5.899854,5.075155,4.646566,4.458104,4.391135,4.372686,4.370524,4.375245,4.374792,4.372437,4.371339,4.370935,4.370826,4.370871,4.370971,4.371081,4.371201,4.371331,4.371457,4.371577,4.371697,4.371813,4.371924,4.372027,4.372124,4.372214,4.372297,4.372375,4.372448,4.372513,4.372576,4.372634,4.372689,4.372739,4.372787,4.37283,4.372872,4.372911,4.372947,4.372982,4.373014,4.373044,4.373074,4.373101,4.373127,4.373152,4.373175,4.373197,4.373218,4.373238,4.373258,4.373277,4.373294,4.373309,4.373324,4.373337,4.373353,4.373368,4.373383,4.373395,4.373409,4.37342,4.373431,4.373442,4.373453,4.373461,4.373473,4.373481,4.373491,4.373499,4.373508,4.373515,4.373525,4.373531,4.373538,4.373546,4.373552,4.373558,4.373565,4.373571,4.373578,4.373583,4.373589,4.373594,4.3736,4.373604,4.37361,4.373616,4.373619,4.373623,4.373628,4.373633,4.373637,4.37364,4.373646,4.37365,4.373653,4.373657,4.373661,4.373664,4.373668,4.373671,4.373674,4.373677,4.373681,4.373683,4.373687,4.373689,4.373692,4.373694,4.373698,4.373701,4.373704,4.373705,4.373708,4.373711,4.373714,4.373714,4.373718,4.37372,4.373723,4.373724,4.373727,4.373728,4.373732,4.373732,4.373734,4.373736,4.37374,4.37374,4.373741,4.373743,4.373746,4.373748,4.373749,4.373751,4.373752,4.373754,4.373756,4.373756,4.373759,4.37376
334,,,,,,,,,21.91371,47.62279,25.36685,23.21698,21.68451,21.63233,22.1851,22.81944,23.15461,23.32341,23.45334,23.29572,23.1661,23.12693,23.116,23.11293,23.11205,23.11074,23.10908,23.10771,23.10678,23.10588,23.10508,23.10459,23.10424,23.10395,23.10369,23.10342,23.10317,23.10293,23.10269,23.10247,23.10225,23.10205,23.10185,23.10168,23.1015,23.10135,23.10118,23.10104,23.1009,23.10076,23.10064,23.10052,23.1004,23.10029,23.10019,23.10009,23.1,23.0999,23.09982,23.09974,23.09966,23.09958,23.09951,23.09943,23.09933,23.09921,23.09912,23.09912,23.09912,23.09908,23.09902,23.09898,23.09892,23.09886,23.09882,23.09878,23.09872,23.09868,23.09864,23.0986,23.09856,23.09852,23.09848,23.09845,23.09841,23.09837,23.09834,23.0983,23.09827,23.09824,23.09821,23.09818,23.09816,23.09813,23.0981,23.09807,23.09804,23.09802,23.098,23.09797,23.09794,23.09793,23.0979,23.09787,23.09785,23.09784,23.09782,23.09779,23.09777,23.09776,23.09773,23.09771,23.0977,23.09768,23.09765,23.09764,23.09762,23.09761,23.09758,23.09758,23.09756,23.09754,23.09753,23.09752,23.0975,23.09749,23.09747,23.09746,23.09743,23.09743,23.09742,23.09741,23.09739,23.09738,23.09737,23.09736,23.09734,23.09732,23.09732,23.09731,23.09729,23.09727,23.09727,23.09727,23.09726,23.09724,23.09724,23.09722,23.09722,23.09721,23.09719,23.09719,23.09717
335,,,,,,,,,34.68114,80.74773,41.13604,35.09518,30.90019,29.83785,30.04224,30.64668,30.97441,31.17307,31.35977,31.08356,30.87057,30.81165,30.79479,30.78878,30.78623,30.78315,30.77979,30.77726,30.77571,30.77433,30.7732,30.77268,30.77244,30.77229,30.77218,30.77206,30.77196,30.77187,30.77178,30.77171,30.77162,30.77153,30.77146,30.77144,30.77135,30.77132,30.77124,30.77121,30.77118,30.77111,30.7711,30.77105,30.771,30.77097,30.77096,30.77093,30.7709,30.77085,30.77086,30.77082,30.77082,30.77077,30.77077,30.77072,30.77065,30.77054,30.77048,30.77057,30.77068,30.77068,30.77064,30.77064,30.77062,30.77057,30.77059,30.77058,30.77052,30.77055,30.77052,30.77051,30.77051,30.77049,30.77047,30.7705,30.77046,30.77043,30.77046,30.77042,30.77044,30.77042,30.7704,30.77042,30.77042,30.77041,30.7704,30.77038,30.77039,30.77039,30.77041,30.77037,30.77036,30.77037,30.77037,30.77034,30.77035,30.77037,30.77038,30.77034,30.77035,30.77036,30.77034,30.77034,30.77036,30.77034,30.77033,30.77034,30.77034,30.77035,30.77031,30.77035,30.77033,30.77033,30.77035,30.77036,30.77033,30.77033,30.77035,30.77035,30.7703,30.77034,30.77034,30.77037,30.77032,30.77034,30.77036,30.77036,30.77035,30.77032,30.77036,30.77037,30.77035,30.77031,30.77035,30.77037,30.77038,30.77036,30.77037,30.77034,30.77039,30.77038,30.77033,30.77038,30.77037
336,,,,,,,,,9.915596,9.423584,6.805883,5.616071,4.660725,4.073729,3.759719,3.616658,3.561648,3.543679,3.537054,3.535603,3.534305,3.532467,3.531077,3.530143,3.529477,3.528982,3.528594,3.528279,3.528011,3.527789,3.527598,3.527431,3.527285,3.527159,3.527045,3.526943,3.52685,3.526764,3.526686,3.526612,3.526544,3.526483,3.526422,3.526367,3.526315,3.526266,3.52622,3.526176,3.526132,3.526093,3.526055,3.526019,3.525984,3.525952,3.52592,3.525889,3.525861,3.525834,3.525806,3.525781,3.525754,3.525732,3.52571,3.525688,3.525665,3.525644,3.525623,3.525604,3.525585,3.525568,3.525552,3.525535,3.525518,3.525503,3.525486,3.525471,3.525457,3.525442,3.525429,3.525416,3.525401,3.525389,3.525377,3.525364,3.525351,3.525342,3.52533,3.525319,3.525307,3.525298,3.525287,3.525277,3.525266,3.525257,3.525248,3.525239,3.525229,3.525221,3.525212,3.525204,3.525195,3.525188,3.525179,3.525172,3.525163,3.525157,3.52515,3.525144,3.525135,3.525128,3.525123,3.525116,3.525108,3.525102,3.525096,3.52509,3.525082,3.525078,3.525072,3.525066,3.52506,3.525055,3.525049,3.525043,3.525039,3.525034,3.525028,3.525023,3.525018,3.525014,3.525008,3.525003,3.524999,3.524994,3.524989,3.524985,3.524979,3.524976,3.524971,3.524968,3.524963,3.52496,3.524955,3.524951,3.524946,3.524943,3.524941,3.524937,3.524932,3.524928,3.524927,3.524921,3.524916
337,,,,,,,,,9.919754,9.521116,6.808802,5.392812,4.51484,4.011894,3.759685,3.651742,3.613634,3.604116,3.604098,3.603535,3.602011,3.600766,3.600117,3.599883,3.599861,3.599939,3.60006,3.600206,3.600361,3.600521,3.600677,3.600831,3.600979,3.601123,3.601257,3.601384,3.601502,3.601613,3.601716,3.601812,3.601901,3.601987,3.602064,3.602138,3.602207,3.602272,3.602333,3.60239,3.602443,3.602494,3.602542,3.602588,3.602631,3.602672,3.60271,3.602747,3.602782,3.602816,3.602847,3.602878,3.602904,3.602934,3.602961,3.602986,3.603009,3.603031,3.603052,3.603074,3.603095,3.603116,3.603136,3.603154,3.603171,3.603189,3.603204,3.60322,3.603236,3.60325,3.603265,3.603279,3.603291,3.603305,3.603317,3.603329,3.60334,3.603353,3.603363,3.603374,3.603384,3.603394,3.603404,3.603413,3.603422,3.603432,3.60344,3.603449,3.603456,3.603465,3.603473,3.603481,3.603487,3.603495,3.603502,3.603509,3.603515,3.603523,3.603529,3.603537,3.603541,3.603547,3.603554,3.603559,3.603564,3.60357,3.603576,3.603581,3.603585,3.603591,3.603596,3.603601,3.603605,3.60361,3.603614,3.603619,3.603624,3.603628,3.603632,3.603636,3.60364,3.603645,3.603648,3.603652,3.603655,3.603659,3.603662,3.603667,3.603669,3.603673,3.603676,3.60368,3.603682,3.603686,3.603689,3.603693,3.603695,3.603698,3.603702,3.603706,3.603707,3.60371,3.603714,3.603715,3.603717
338,,,,,,,,,17.00629,24.20146,15.99956,13.72468,12.25856,11.55243,11.28826,11.24243,11.23206,11.23878,11.25677,11.19857,11.15113,11.13138,11.12366,11.12061,11.11908,11.11785,11.11675,11.11586,11.11514,11.11453,11.114,11.11359,11.11325,11.11298,11.11273,11.1125,11.11229,11.11209,11.1119,11.11172,11.11156,11.11141,11.11126,11.11112,11.111,11.11087,11.11077,11.11066,11.11055,11.11046,11.11036,11.11028,11.1102,11.11012,11.11004,11.10997,11.10991,11.10985,11.10978,11.10972,11.10965,11.10962,11.10956,11.10952,11.10946,11.10939,11.10934,11.10932,11.10928,11.10925,11.10922,11.10918,11.10914,11.10911,11.10907,11.10904,11.10902,11.10898,11.10896,11.10893,11.10889,11.10887,11.10885,11.10882,11.1088,11.10878,11.10875,11.10874,11.10871,11.10869,11.10867,11.10864,11.10863,11.10861,11.10859,11.10857,11.10855,11.10854,11.10851,11.10851,11.10849,11.10848,11.10845,11.10845,11.10843,11.10842,11.1084,11.1084,11.10838,11.10836,11.10835,11.10834,11.10832,11.10832,11.10831,11.10829,11.10827,11.10827,11.10827,11.10825,11.10824,11.10823,11.10822,11.1082,11.1082,11.10819,11.10818,11.10817,11.10817,11.10815,11.10814,11.10813,11.10813,11.10812,11.10811,11.1081,11.10809,11.10809,11.10808,11.10807,11.10806,11.10807,11.10805,11.10804,11.10803,11.10803,11.10803,11.10803,11.10801,11.108,11.10801,11.10799,11.10798
339,,,,,,,,,22.68674,26.15875,20.96343,16.99738,14.50177,13.28047,12.72456,12.53891,12.46077,12.449,12.46789,12.38659,12.32733,12.30636,12.29789,12.2939,12.29162,12.28971,12.28807,12.28683,12.28597,12.28526,12.2847,12.28434,12.28409,12.28391,12.28376,12.28363,12.28352,12.28342,12.28333,12.28325,12.28318,12.28312,12.28306,12.28302,12.28297,12.28293,12.28289,12.28285,12.28281,12.28279,12.28276,12.28273,12.2827,12.28268,12.28266,12.28264,12.28262,12.2826,12.28258,12.28257,12.28255,12.28254,12.28253,12.28252,12.28249,12.28245,12.28243,12.28245,12.28246,12.28246,12.28245,12.28243,12.28243,12.28242,12.28241,12.2824,12.28239,12.28238,12.28238,12.28237,12.28236,12.28236,12.28236,12.28235,12.28234,12.28234,12.28234,12.28233,12.28233,12.28232,12.28232,12.28232,12.28231,12.28231,12.28231,12.28231,12.2823,12.2823,12.2823,12.2823,12.28229,12.2823,12.28229,12.28229,12.28229,12.28229,12.28229,12.28229,12.28229,12.28229,12.28229,12.28229,12.28229,12.28229,12.28229,12.28229,12.28228,12.28229,12.28228,12.28228,12.28229,12.28229,12.28229,12.28228,12.28229,12.28229,12.28229,12.28229,12.28229,12.28229,12.28229,12.28229,12.28229,12.28229,12.28229,12.28229,12.28229,12.28229,12.2823,12.28229,12.28229,12.2823,12.2823,12.2823,12.2823,12.2823,12.28231,12.28231,12.28231,12.28231,12.28231,12.28231,12.28231
340,,,,,,,,,72.8478,46.7013,48.42447,41.02145,36.13511,32.42579,30.19203,29.05246,28.5892,28.42442,28.3294,28.36315,28.39575,28.39786,28.3952,28.39325,28.3919,28.39137,28.39132,28.3914,28.39139,28.3915,28.39165,28.39173,28.39177,28.39186,28.39192,28.39201,28.39207,28.39214,28.3922,28.39225,28.3923,28.39238,28.39241,28.39245,28.39248,28.39252,28.39257,28.3926,28.39259,28.39264,28.39265,28.39268,28.3927,28.39272,28.39273,28.39274,28.39276,28.39279,28.39278,28.39281,28.39277,28.39282,28.39282,28.39284,28.39284,28.39287,28.39288,28.39288,28.39285,28.39286,28.39288,28.39288,28.39288,28.3929,28.39288,28.39289,28.39291,28.3929,28.39292,28.39293,28.39291,28.39292,28.39292,28.39292,28.39291,28.39295,28.39293,28.39295,28.39293,28.39294,28.39295,28.39294,28.39293,28.39294,28.39294,28.39295,28.39294,28.39295,28.39294,28.39296,28.39295,28.39295,28.39294,28.39296,28.39295,28.39296,28.39296,28.39299,28.39296,28.39296,28.39298,28.39298,28.39295,28.39298,28.39297,28.39298,28.39296,28.39297,28.39299,28.39297,28.39297,28.39298,28.39297,28.39296,28.39298,28.39299,28.39298,28.39298,28.39299,28.39299,28.39298,28.39297,28.39298,28.39298,28.39297,28.39298,28.39296,28.39299,28.39297,28.39298,28.39296,28.39299,28.39298,28.39298,28.39296,28.39298,28.39299,28.393,28.39297,28.39298,28.39301,28.39297,28.39296
341,,,,,,,,,72.8478,46.69153,48.4209,41.01999,36.1343,32.42584,30.19227,29.05269,28.58928,28.42452,28.32943,28.36309,28.39573,28.39786,28.39519,28.39325,28.3919,28.39137,28.39132,28.3914,28.39139,28.3915,28.39165,28.39173,28.39178,28.39186,28.39192,28.39201,28.39207,28.39214,28.3922,28.39225,28.3923,28.39238,28.39241,28.39245,28.39248,28.39252,28.39257,28.3926,28.3926,28.39264,28.39265,28.39268,28.3927,28.39272,28.39273,28.39274,28.39276,28.39279,28.39278,28.3928,28.39277,28.39282,28.39282,28.39284,28.39284,28.39287,28.39288,28.39288,28.39285,28.39286,28.39288,28.39288,28.39288,28.3929,28.39288,28.39289,28.39291,28.3929,28.39292,28.39293,28.39291,28.39292,28.39292,28.39292,28.39291,28.39295,28.39293,28.39295,28.39293,28.39294,28.39295,28.39294,28.39293,28.39294,28.39294,28.39295,28.39294,28.39295,28.39294,28.39296,28.39295,28.39295,28.39294,28.39296,28.39295,28.39296,28.39296,28.39299,28.39296,28.39296,28.39298,28.39298,28.39296,28.39297,28.39298,28.39298,28.39296,28.39297,28.39299,28.39297,28.39297,28.39298,28.39297,28.39296,28.39298,28.39299,28.39298,28.39298,28.39299,28.39299,28.39298,28.39297,28.39298,28.39298,28.39297,28.39298,28.39296,28.39299,28.39297,28.39298,28.39296,28.39299,28.39298,28.39298,28.39296,28.39298,28.39299,28.393,28.39297,28.39298,28.39301,28.39297,28.39296
342,,,,,,,,,72.8478,46.67978,48.41286,41.01992,36.13613,32.42893,30.19459,29.05413,28.58972,28.42497,28.3294,28.36273,28.39558,28.39782,28.39518,28.39325,28.3919,28.39136,28.39132,28.3914,28.39139,28.3915,28.39165,28.39173,28.39178,28.39186,28.39192,28.39201,28.39207,28.39214,28.3922,28.39225,28.3923,28.39238,28.39241,28.39245,28.39248,28.39252,28.39257,28.3926,28.3926,28.39264,28.39265,28.39268,28.3927,28.39272,28.39273,28.39274,28.39276,28.39279,28.39278,28.3928,28.39277,28.39281,28.39282,28.39284,28.39284,28.39287,28.39288,28.39288,28.39285,28.39286,28.39288,28.39288,28.39288,28.3929,28.39288,28.39289,28.39291,28.3929,28.39292,28.39293,28.39291,28.39292,28.39292,28.39292,28.39291,28.39295,28.39293,28.39294,28.39293,28.39294,28.39295,28.39294,28.39293,28.39294,28.39294,28.39295,28.39294,28.39295,28.39294,28.39296,28.39295,28.39295,28.39294,28.39296,28.39295,28.39296,28.39296,28.39299,28.39296,28.39296,28.39298,28.39297,28.39296,28.39297,28.39298,28.39298,28.39296,28.39297,28.39299,28.39297,28.39297,28.39298,28.39297,28.39296,28.39298,28.39299,28.39298,28.39298,28.39299,28.39298,28.39298,28.39297,28.39298,28.39298,28.39297,28.39297,28.39296,28.39299,28.39297,28.39298,28.39297,28.39299,28.39298,28.39298,28.39296,28.39298,28.39299,28.393,28.39297,28.39297,28.39301,28.39297,28.39296
343,,,,,,,,,72.8478,46.57161,48.36979,41.0167,36.14254,32.44574,30.20761,29.06235,28.59169,28.42779,28.32878,28.35971,28.39451,28.39755,28.39511,28.39323,28.39189,28.39134,28.3913,28.39138,28.39138,28.39149,28.39165,28.39173,28.39178,28.39186,28.39192,28.392,28.39208,28.39214,28.39221,28.39224,28.39231,28.39238,28.39241,28.39244,28.39249,28.39252,28.39257,28.39259,28.3926,28.39264,28.39265,28.39267,28.3927,28.39272,28.39273,28.39274,28.39275,28.39279,28.39278,28.39279,28.39278,28.39282,28.39283,28.39284,28.39285,28.39286,28.39288,28.39288,28.39286,28.39286,28.39289,28.39287,28.39288,28.3929,28.39289,28.39289,28.39292,28.3929,28.39292,28.39292,28.39291,28.39292,28.39294,28.39291,28.39292,28.39296,28.39293,28.39294,28.39294,28.39295,28.39295,28.39294,28.39294,28.39295,28.39295,28.39296,28.39295,28.39295,28.39294,28.39296,28.39295,28.39296,28.39295,28.39296,28.39296,28.39296,28.39296,28.39298,28.39297,28.39296,28.39298,28.39297,28.39296,28.39297,28.39298,28.39297,28.39296,28.39297,28.39299,28.39296,28.39298,28.39298,28.39298,28.39296,28.39298,28.39298,28.39298,28.39297,28.393,28.39298,28.39298,28.39296,28.39299,28.39298,28.39297,28.39297,28.39297,28.39299,28.39297,28.39297,28.39297,28.393,28.39298,28.39298,28.39297,28.39299,28.393,28.393,28.39297,28.39298,28.39301,28.39297,28.39297
344,,,,,,,,,67.56858,40.32848,44.25599,37.61884,33.1967,29.67346,27.52889,26.40403,25.96343,25.79606,25.67906,25.78074,25.85819,25.87373,25.87575,25.87553,25.87495,25.87522,25.87595,25.87658,25.87689,25.87728,25.87764,25.8778,25.87788,25.87797,25.87803,25.87811,25.87816,25.87823,25.87829,25.87834,25.87839,25.87846,25.87849,25.87854,25.87857,25.87861,25.87865,25.87869,25.87869,25.87873,25.87874,25.87877,25.87879,25.87881,25.87882,25.87883,25.87885,25.87888,25.87888,25.8789,25.87887,25.87891,25.87892,25.87894,25.87895,25.879,25.87902,25.87899,25.87895,25.87895,25.87897,25.87897,25.87897,25.87899,25.87898,25.87899,25.87901,25.879,25.87902,25.87903,25.87901,25.87902,25.87903,25.87903,25.87902,25.87905,25.87904,25.87905,25.87904,25.87905,25.87905,25.87905,25.87904,25.87905,25.87905,25.87906,25.87905,25.87906,25.87905,25.87907,25.87906,25.87906,25.87906,25.87907,25.87906,25.87907,25.87907,25.87909,25.87907,25.87907,25.87909,25.87909,25.87907,25.87908,25.87909,25.87909,25.87907,25.87908,25.8791,25.87908,25.87908,25.8791,25.87908,25.87908,25.87909,25.8791,25.87909,25.87909,25.8791,25.8791,25.8791,25.87909,25.87909,25.8791,25.87908,25.87909,25.87908,25.8791,25.87909,25.8791,25.87908,25.8791,25.87909,25.87909,25.87908,25.87909,25.8791,25.87911,25.87908,25.87909,25.87912,25.87909,25.87908
345,,,,,,,,,67.56858,40.31821,44.2525,37.61748,33.19603,29.67362,27.52919,26.4043,25.9635,25.79621,25.67905,25.78061,25.85814,25.87372,25.87574,25.87553,25.87495,25.87522,25.87595,25.87658,25.87689,25.87728,25.87764,25.87781,25.87788,25.87797,25.87803,25.87811,25.87817,25.87823,25.87829,25.87834,25.87839,25.87847,25.8785,25.87854,25.87857,25.87861,25.87865,25.87868,25.87869,25.87873,25.87874,25.87877,25.87879,25.87881,25.87882,25.87883,25.87885,25.87888,25.87888,25.8789,25.87887,25.87891,25.87892,25.87894,25.87895,25.879,25.87902,25.87899,25.87895,25.87895,25.87897,25.87897,25.87897,25.87899,25.87898,25.87899,25.87901,25.879,25.87902,25.87903,25.87901,25.87902,25.87903,25.87903,25.87902,25.87905,25.87904,25.87905,25.87904,25.87905,25.87905,25.87905,25.87904,25.87905,25.87905,25.87906,25.87905,25.87906,25.87905,25.87907,25.87906,25.87906,25.87906,25.87907,25.87906,25.87907,25.87907,25.87909,25.87907,25.87907,25.87909,25.87909,25.87907,25.87908,25.87909,25.87909,25.87907,25.87908,25.8791,25.87908,25.87908,25.8791,25.87908,25.87908,25.87909,25.8791,25.87909,25.87909,25.8791,25.8791,25.8791,25.87909,25.87909,25.8791,25.87908,25.87909,25.87908,25.8791,25.87909,25.87909,25.87908,25.8791,25.87909,25.87909,25.87908,25.87909,25.8791,25.87911,25.87908,25.87909,25.87912,25.87909,25.87908
346,,,,,,,,,67.56858,40.3058,44.24465,37.61726,33.19778,29.67657,27.5314,26.40568,25.96387,25.7967,25.67897,25.78015,25.85797,25.87367,25.87573,25.87553,25.87495,25.87522,25.87595,25.87657,25.87689,25.87728,25.87764,25.8778,25.87788,25.87797,25.87803,25.87811,25.87817,25.87823,25.87829,25.87834,25.87839,25.87847,25.8785,25.87854,25.87858,25.87861,25.87866,25.87868,25.87869,25.87873,25.87874,25.87877,25.87879,25.87881,25.87883,25.87883,25.87885,25.87888,25.87888,25.8789,25.87887,25.87891,25.87892,25.87894,25.87895,25.879,25.87902,25.87899,25.87895,25.87895,25.87897,25.87897,25.87897,25.87899,25.87898,25.87899,25.87901,25.879,25.87902,25.87903,25.87901,25.87902,25.87903,25.87902,25.87902,25.87905,25.87904,25.87905,25.87904,25.87905,25.87905,25.87905,25.87904,25.87905,25.87905,25.87906,25.87905,25.87906,25.87906,25.87907,25.87906,25.87906,25.87906,25.87907,25.87906,25.87907,25.87907,25.87909,25.87907,25.87907,25.87909,25.87909,25.87907,25.87908,25.87909,25.87909,25.87907,25.87908,25.8791,25.87908,25.87908,25.87909,25.87908,25.87908,25.87909,25.8791,25.87909,25.87909,25.8791,25.8791,25.8791,25.87909,25.87909,25.87909,25.87908,25.87909,25.87908,25.8791,25.87909,25.87909,25.87908,25.8791,25.87909,25.87909,25.87908,25.87909,25.8791,25.87911,25.87909,25.87909,25.87912,25.87909,25.87908
347,,,,,,,,,67.56858,40.19968,44.20244,37.61338,33.20409,29.69277,27.54383,26.41363,25.96542,25.79979,25.67805,25.77652,25.8567,25.87333,25.87562,25.8755,25.87493,25.87518,25.87593,25.87655,25.87688,25.87727,25.87764,25.8778,25.87788,25.87797,25.87802,25.8781,25.87817,25.87824,25.8783,25.87833,25.87839,25.87847,25.8785,25.87853,25.87858,25.87861,25.87866,25.87867,25.87869,25.87873,25.87874,25.87877,25.87879,25.87881,25.87882,25.87883,25.87885,25.87888,25.87888,25.87889,25.87888,25.87891,25.87892,25.87894,25.87896,25.879,25.87902,25.87899,25.87896,25.87895,25.87898,25.87897,25.87898,25.879,25.87899,25.87899,25.87901,25.879,25.87902,25.87902,25.87902,25.87903,25.87904,25.87902,25.87903,25.87906,25.87904,25.87904,25.87905,25.87905,25.87906,25.87904,25.87904,25.87905,25.87906,25.87906,25.87906,25.87906,25.87906,25.87906,25.87906,25.87907,25.87906,25.87907,25.87907,25.87907,25.87907,25.87908,25.87908,25.87907,25.87909,25.87908,25.87907,25.87908,25.87909,25.87909,25.87908,25.87908,25.8791,25.87908,25.87909,25.87909,25.87909,25.87908,25.87909,25.87909,25.87909,25.87909,25.87911,25.8791,25.8791,25.87908,25.8791,25.8791,25.87909,25.87909,25.87909,25.8791,25.87909,25.87909,25.87909,25.87911,25.8791,25.8791,25.87908,25.8791,25.87911,25.87911,25.87909,25.87909,25.87912,25.87909,25.87909
348,,,,,,,,,19.7877,88.34525,33.35471,29.92436,27.50231,28.83161,31.16909,33.2926,34.35644,34.89491,35.30528,34.86652,34.53273,34.45792,34.44489,34.44384,34.44551,34.44443,34.44175,34.43974,34.43898,34.43804,34.43725,34.43729,34.43766,34.43799,34.43832,34.43852,34.43874,34.43891,34.43903,34.43918,34.43925,34.43926,34.43934,34.43946,34.43947,34.43955,34.43951,34.43956,34.43965,34.43961,34.43968,34.43967,34.43967,34.43968,34.43974,34.43975,34.43975,34.4397,34.43979,34.43976,34.43987,34.43978,34.43983,34.43977,34.4397,34.43956,34.4395,34.43966,34.43991,34.43994,34.43988,34.43991,34.43991,34.43984,34.43992,34.43991,34.43983,34.43993,34.43987,34.43986,34.43991,34.43989,34.43986,34.43994,34.4399,34.43983,34.4399,34.43984,34.4399,34.43987,34.43985,34.43988,34.43991,34.4399,34.4399,34.43986,34.4399,34.4399,34.43996,34.43986,34.43987,34.4399,34.43992,34.43985,34.43987,34.43992,34.43993,34.43983,34.43988,34.43991,34.43987,34.43987,34.43994,34.43987,34.43986,34.43988,34.43991,34.4399,34.43983,34.43991,34.43987,34.43986,34.43993,34.43994,34.43987,34.43987,34.4399,34.43992,34.43981,34.43989,34.4399,34.43994,34.43987,34.43989,34.43994,34.43993,34.43992,34.43984,34.43992,34.43993,34.43992,34.43981,34.4399,34.43993,34.43996,34.43991,34.4399,34.43983,34.43996,34.43993,34.43981,34.43993,34.43994
349,,,,,,,,,19.78769,88.38942,33.3597,29.92655,27.50289,28.83041,31.1676,33.29141,34.35609,34.89439,35.30539,34.86701,34.53288,34.45795,34.4449,34.44384,34.44551,34.44444,34.44175,34.43974,34.43898,34.43804,34.43725,34.43729,34.43766,34.43799,34.43832,34.43852,34.43874,34.43891,34.43903,34.43918,34.43925,34.43926,34.43934,34.43946,34.43947,34.43955,34.43951,34.43956,34.43965,34.43961,34.43968,34.43967,34.43967,34.43968,34.43974,34.43975,34.43975,34.4397,34.43979,34.43976,34.43987,34.43978,34.43983,34.43977,34.4397,34.43956,34.4395,34.43966,34.43991,34.43994,34.43988,34.43991,34.43991,34.43984,34.43992,34.43992,34.43983,34.43993,34.43986,34.43986,34.43991,34.43989,34.43986,34.43994,34.4399,34.43983,34.4399,34.43984,34.4399,34.43987,34.43985,34.43989,34.43991,34.4399,34.4399,34.43986,34.4399,34.4399,34.43996,34.43986,34.43987,34.4399,34.43992,34.43985,34.43987,34.43992,34.43993,34.43983,34.43988,34.43991,34.43987,34.43987,34.43993,34.43987,34.43986,34.43988,34.43991,34.43991,34.43983,34.43991,34.43987,34.43986,34.43993,34.43994,34.43987,34.43987,34.4399,34.43992,34.4398,34.43989,34.4399,34.43994,34.43987,34.43989,34.43994,34.43993,34.43992,34.43984,34.43992,34.43993,34.43992,34.43981,34.4399,34.43993,34.43996,34.43991,34.4399,34.43983,34.43996,34.43993,34.43981,34.43993,34.43993
350,,,,,,,,,19.78768,88.45665,33.37,29.93043,27.50277,28.82749,31.16466,33.28915,34.35574,34.89318,35.30588,34.86849,34.53337,34.45809,34.44495,34.44386,34.44552,34.44445,34.44176,34.43975,34.43899,34.43805,34.43725,34.43729,34.43766,34.43799,34.43832,34.43852,34.43874,34.43891,34.43903,34.43919,34.43925,34.43927,34.43934,34.43946,34.43946,34.43955,34.4395,34.43956,34.43965,34.43961,34.43968,34.43967,34.43966,34.43969,34.43974,34.43975,34.43976,34.4397,34.43979,34.43976,34.43987,34.43978,34.43983,34.43978,34.4397,34.43956,34.4395,34.43966,34.43991,34.43994,34.43988,34.43991,34.43991,34.43984,34.43992,34.43992,34.43983,34.43993,34.43986,34.43987,34.43991,34.43989,34.43986,34.43994,34.4399,34.43983,34.4399,34.43984,34.4399,34.43987,34.43985,34.43989,34.43991,34.4399,34.4399,34.43986,34.4399,34.4399,34.43996,34.43986,34.43987,34.4399,34.43992,34.43985,34.43987,34.43992,34.43993,34.43983,34.43988,34.43991,34.43987,34.43987,34.43993,34.43988,34.43985,34.43988,34.43991,34.43991,34.43983,34.43991,34.43987,34.43986,34.43993,34.43994,34.43987,34.43987,34.4399,34.43992,34.4398,34.43989,34.4399,34.43994,34.43986,34.43989,34.43993,34.43993,34.43992,34.43984,34.43992,34.43993,34.43992,34.43981,34.43989,34.43993,34.43996,34.43991,34.4399,34.43983,34.43996,34.43993,34.43981,34.43993,34.43993
351,,,,,,,,,19.78769,88.79922,33.4345,29.95824,27.51192,28.81746,31.15167,33.27876,34.35284,34.88889,35.30673,34.87279,34.53484,34.45843,34.44504,34.44388,34.44553,34.44449,34.44178,34.43977,34.439,34.43806,34.43725,34.4373,34.43766,34.43799,34.43832,34.43853,34.43873,34.4389,34.43903,34.43919,34.43924,34.43926,34.43933,34.43946,34.43945,34.43954,34.43949,34.43957,34.43965,34.4396,34.43968,34.43967,34.43966,34.43968,34.43974,34.43975,34.43976,34.43971,34.43979,34.43978,34.43986,34.43977,34.43982,34.43977,34.43969,34.43956,34.43949,34.43966,34.4399,34.43993,34.43986,34.43992,34.4399,34.43983,34.4399,34.43992,34.43982,34.43992,34.43985,34.43987,34.4399,34.43988,34.43985,34.43995,34.43989,34.43981,34.4399,34.43985,34.43988,34.43987,34.43984,34.43989,34.4399,34.43989,34.43988,34.43986,34.43988,34.43989,34.43995,34.43986,34.43987,34.43989,34.43991,34.43985,34.43986,34.43992,34.43992,34.43984,34.43988,34.43991,34.43986,34.43987,34.43993,34.43987,34.43985,34.43988,34.4399,34.43991,34.43982,34.43991,34.43986,34.43986,34.43992,34.43994,34.43986,34.43987,34.4399,34.43992,34.43979,34.43989,34.43989,34.43995,34.43985,34.43989,34.43992,34.43993,34.43991,34.43984,34.43992,34.43994,34.43991,34.4398,34.43989,34.43992,34.43995,34.4399,34.43989,34.43983,34.43995,34.43992,34.4398,34.43993,34.43992
352,,,,,,,,,3.952358,2.482047,2.671381,2.292387,2.062733,1.936442,1.838706,1.797228,1.757415,1.750471,1.765648,1.703163,1.663002,1.650537,1.64592,1.644142,1.643298,1.64247,1.641703,1.641166,1.640828,1.640553,1.64034,1.640245,1.6402,1.640183,1.640183,1.640181,1.640175,1.640171,1.640169,1.640161,1.640162,1.64016,1.640156,1.640154,1.64015,1.64015,1.640152,1.640151,1.640141,1.640146,1.640143,1.640143,1.640144,1.640142,1.640138,1.640139,1.640139,1.640141,1.640134,1.640139,1.64013,1.640142,1.640136,1.640135,1.640128,1.640102,1.640096,1.640123,1.640133,1.64014,1.640143,1.640139,1.640137,1.64014,1.640133,1.640134,1.64014,1.640129,1.640136,1.640134,1.64013,1.640132,1.640133,1.640127,1.640131,1.640136,1.640129,1.640135,1.64013,1.64013,1.640132,1.640129,1.64013,1.640132,1.640127,1.64013,1.640129,1.640129,1.640122,1.640132,1.640131,1.640131,1.640126,1.640132,1.64013,1.64013,1.640127,1.640136,1.64013,1.64013,1.64013,1.640131,1.640128,1.640133,1.640131,1.640131,1.640127,1.640131,1.640134,1.640129,1.640134,1.640132,1.640129,1.640127,1.640134,1.640134,1.640129,1.64013,1.640137,1.64013,1.64013,1.640129,1.640133,1.640129,1.640131,1.640128,1.640131,1.640135,1.640132,1.640128,1.640128,1.64014,1.640131,1.640129,1.640128,1.640131,1.640135,1.640137,1.640129,1.640131,1.64014,1.64013,1.640128
353,,,,,,,,,3.952056,2.481335,2.671054,2.292126,2.062499,1.936315,1.838644,1.797178,1.757412,1.750398,1.765648,1.703201,1.662991,1.65051,1.645889,1.644109,1.643264,1.642437,1.64167,1.641133,1.640794,1.640519,1.640306,1.640211,1.640166,1.640149,1.640149,1.640147,1.640141,1.640137,1.640135,1.640127,1.640128,1.640125,1.640122,1.64012,1.640116,1.640116,1.640118,1.640117,1.640107,1.640112,1.640109,1.640109,1.64011,1.640108,1.640104,1.640104,1.640105,1.640107,1.6401,1.640105,1.640096,1.640108,1.640102,1.640101,1.640094,1.640068,1.640062,1.640088,1.640099,1.640106,1.640109,1.640105,1.640103,1.640106,1.640099,1.6401,1.640106,1.640095,1.640102,1.6401,1.640096,1.640098,1.640099,1.640093,1.640097,1.640102,1.640095,1.640101,1.640096,1.640096,1.640098,1.640095,1.640096,1.640098,1.640093,1.640096,1.640095,1.640095,1.640088,1.640098,1.640097,1.640097,1.640092,1.640098,1.640096,1.640096,1.640093,1.640101,1.640096,1.640096,1.640096,1.640097,1.640094,1.640099,1.640097,1.640097,1.640093,1.640097,1.6401,1.640095,1.6401,1.640098,1.640095,1.640093,1.6401,1.6401,1.640095,1.640096,1.640103,1.640096,1.640096,1.640095,1.640099,1.640095,1.640097,1.640094,1.640097,1.640101,1.640098,1.640094,1.640094,1.640106,1.640097,1.640095,1.640094,1.640097,1.640101,1.640103,1.640095,1.640097,1.640106,1.640096,1.640094
354,,,,,,,,,3.618536,1.917486,2.28014,1.937162,1.732302,1.612868,1.518346,1.475262,1.43695,1.429172,1.442104,1.387901,1.352931,1.341977,1.337879,1.336286,1.335523,1.334785,1.334104,1.333626,1.333321,1.333075,1.332883,1.332794,1.332749,1.332729,1.332725,1.33272,1.332711,1.332705,1.3327,1.33269,1.33269,1.332685,1.33268,1.332675,1.332671,1.332669,1.33267,1.332666,1.332656,1.33266,1.332655,1.332654,1.332654,1.332651,1.332646,1.332646,1.332646,1.332647,1.332639,1.332643,1.332634,1.332643,1.332638,1.332637,1.33263,1.332606,1.3326,1.332622,1.33263,1.332636,1.332638,1.332634,1.332632,1.332634,1.332627,1.332627,1.332632,1.332622,1.332628,1.332625,1.332622,1.332622,1.332624,1.332617,1.33262,1.332625,1.332618,1.332623,1.332618,1.332617,1.332619,1.332616,1.332617,1.332618,1.332613,1.332615,1.332614,1.332614,1.332607,1.332616,1.332615,1.332615,1.33261,1.332615,1.332613,1.332612,1.332609,1.332617,1.332611,1.332611,1.332611,1.332612,1.332609,1.332613,1.332611,1.332611,1.332607,1.33261,1.332613,1.332608,1.332612,1.33261,1.332608,1.332605,1.332612,1.332611,1.332607,1.332607,1.332614,1.332607,1.332607,1.332605,1.33261,1.332605,1.332607,1.332604,1.332607,1.33261,1.332607,1.332603,1.332604,1.332614,1.332606,1.332604,1.332602,1.332606,1.332609,1.332611,1.332603,1.332604,1.332613,1.332604,1.332602
355,,,,,,,,,3.46585,1.716413,2.16599,1.859456,1.674383,1.564013,1.473338,1.431371,1.394135,1.385817,1.39895,1.346425,1.311995,1.301213,1.297184,1.295616,1.29487,1.29415,1.293484,1.293015,1.292718,1.292477,1.292289,1.292201,1.292158,1.292139,1.292134,1.29213,1.292122,1.292116,1.292111,1.292102,1.292102,1.292097,1.292093,1.292088,1.292085,1.292082,1.292083,1.29208,1.29207,1.292075,1.29207,1.292069,1.292069,1.292066,1.292061,1.292061,1.292061,1.292062,1.292055,1.292058,1.29205,1.29206,1.292055,1.292053,1.292047,1.292024,1.292018,1.292039,1.292048,1.292053,1.292056,1.292051,1.292049,1.292052,1.292045,1.292045,1.29205,1.29204,1.292046,1.292042,1.29204,1.292041,1.292042,1.292035,1.292039,1.292043,1.292036,1.292041,1.292037,1.292036,1.292038,1.292034,1.292035,1.292036,1.292032,1.292034,1.292034,1.292033,1.292026,1.292035,1.292034,1.292034,1.292029,1.292034,1.292033,1.292032,1.292029,1.292035,1.292031,1.29203,1.29203,1.292031,1.292028,1.292032,1.29203,1.29203,1.292026,1.292029,1.292032,1.292027,1.292032,1.29203,1.292028,1.292025,1.292032,1.292031,1.292026,1.292027,1.292034,1.292027,1.292026,1.292024,1.29203,1.292025,1.292027,1.292024,1.292027,1.29203,1.292027,1.292023,1.292024,1.292034,1.292026,1.292024,1.292023,1.292026,1.292029,1.292031,1.292023,1.292024,1.292033,1.292024,1.292022
356,,,,,,,,,67.56858,40.32848,44.25599,37.61884,33.1967,29.67346,27.52889,26.40403,25.96343,25.79606,25.67906,25.78074,25.85819,25.87373,25.87575,25.87553,25.87495,25.87522,25.87595,25.87658,25.87689,25.87728,25.87764,25.8778,25.87788,25.87797,25.87803,25.87811,25.87816,25.87823,25.87829,25.87834,25.87839,25.87846,25.87849,25.87854,25.87857,25.87861,25.87865,25.87869,25.87869,25.87873,25.87874,25.87877,25.87879,25.87881,25.87882,25.87883,25.87885,25.87888,25.87888,25.8789,25.87887,25.87891,25.87892,25.87894,25.87895,25.879,25.87902,25.87899,25.87895,25.87895,25.87897,25.87897,25.87897,25.87899,25.87898,25.87899,25.87901,25.879,25.87902,25.87903,25.87901,25.87902,25.87903,25.87903,25.87902,25.87905,25.87904,25.87905,25.87904,25.87905,25.87905,25.87905,25.87904,25.87905,25.87905,25.87906,25.87905,25.87906,25.87905,25.87907,25.87906,25.87906,25.87906,25.87907,25.87906,25.87907,25.87907,25.87909,25.87907,25.87907,25.87909,25.87909,25.87907,25.87908,25.87909,25.87909,25.87907,25.87908,25.8791,25.87908,25.87908,25.8791,25.87908,25.87908,25.87909,25.8791,25.87909,25.87909,25.8791,25.8791,25.8791,25.87909,25.87909,25.8791,25.87908,25.87909,25.87908,25.8791,25.87909,25.8791,25.87908,25.8791,25.87909,25.87909,25.87908,25.87909,25.8791,25.87911,25.87908,25.87909,25.87912,25.87909,25.87908
357,,,,,,,,,67.56858,40.31821,44.2525,37.61748,33.19603,29.67362,27.52919,26.4043,25.9635,25.79621,25.67905,25.78061,25.85814,25.87372,25.87574,25.87553,25.87495,25.87522,25.87595,25.87658,25.87689,25.87728,25.87764,25.87781,25.87788,25.87797,25.87803,25.87811,25.87817,25.87823,25.87829,25.87834,25.87839,25.87847,25.8785,25.87854,25.87857,25.87861,25.87865,25.87868,25.87869,25.87873,25.87874,25.87877,25.87879,25.87881,25.87882,25.87883,25.87885,25.87888,25.87888,25.8789,25.87887,25.87891,25.87892,25.87894,25.87895,25.879,25.87902,25.87899,25.87895,25.87895,25.87897,25.87897,25.87897,25.87899,25.87898,25.87899,25.87901,25.879,25.87902,25.87903,25.87901,25.87902,25.87903,25.87903,25.87902,25.87905,25.87904,25.87905,25.87904,25.87905,25.87905,25.87905,25.87904,25.87905,25.87905,25.87906,25.87905,25.87906,25.87905,25.87907,25.87906,25.87906,25.87906,25.87907,25.87906,25.87907,25.87907,25.87909,25.87907,25.87907,25.87909,25.87909,25.87907,25.87908,25.87909,25.87909,25.87907,25.87908,25.8791,25.87908,25.87908,25.8791,25.87908,25.87908,25.87909,25.8791,25.87909,25.87909,25.8791,25.8791,25.8791,25.87909,25.87909,25.8791,25.87908,25.87909,25.87908,25.8791,25.87909,25.87909,25.87908,25.8791,25.87909,25.87909,25.87908,25.87909,25.8791,25.87911,25.87908,25.87909,25.87912,25.87909,25.87908
358,,,,,,,,,67.56858,40.3058,44.24465,37.61726,33.19778,29.67657,27.5314,26.40568,25.96387,25.7967,25.67897,25.78015,25.85797,25.87367,25.87573,25.87553,25.87495,25.87522,25.87595,25.87657,25.87689,25.87728,25.87764,25.8778,25.87788,25.87797,25.87803,25.87811,25.87817,25.87823,25.87829,25.87834,25.87839,25.87847,25.8785,25.87854,25.87858,25.87861,25.87866,25.87868,25.87869,25.87873,25.87874,25.87877,25.87879,25.87881,25.87883,25.87883,25.87885,25.87888,25.87888,25.8789,25.87887,25.87891,25.87892,25.87894,25.87895,25.879,25.87902,25.87899,25.87895,25.87895,25.87897,25.87897,25.87897,25.87899,25.87898,25.87899,25.87901,25.879,25.87902,25.87903,25.87901,25.87902,25.87903,25.87902,25.87902,25.87905,25.87904,25.87905,25.87904,25.87905,25.87905,25.87905,25.87904,25.87905,25.87905,25.87906,25.87905,25.87906,25.87906,25.87907,25.87906,25.87906,25.87906,25.87907,25.87906,25.87907,25.87907,25.87909,25.87907,25.87907,25.87909,25.87909,25.87907,25.87908,25.87909,25.87909,25.87907,25.87908,25.8791,25.87908,25.87908,25.87909,25.87908,25.87908,25.87909,25.8791,25.87909,25.87909,25.8791,25.8791,25.8791,25.87909,25.87909,25.87909,25.87908,25.87909,25.87908,25.8791,25.87909,25.87909,25.87908,25.8791,25.87909,25.87909,25.87908,25.87909,25.8791,25.87911,25.87909,25.87909,25.87912,25.87909,25.87908
359,,,,,,,,,67.56858,40.19968,44.20244,37.61338,33.20409,29.69277,27.54383,26.41363,25.96542,25.79979,25.67805,25.77652,25.8567,25.87333,25.87562,25.8755,25.87493,25.87518,25.87593,25.87655,25.87688,25.87727,25.87764,25.8778,25.87788,25.87797,25.87802,25.8781,25.87817,25.87824,25.8783,25.87833,25.87839,25.87847,25.8785,25.87853,25.87858,25.87861,25.87866,25.87867,25.87869,25.87873,25.87874,25.87877,25.87879,25.87881,25.87882,25.87883,25.87885,25.87888,25.87888,25.87889,25.87888,25.87891,25.87892,25.87894,25.87896,25.879,25.87902,25.87899,25.87896,25.87895,25.87898,25.87897,25.87898,25.879,25.87899,25.87899,25.87901,25.879,25.87902,25.87902,25.87902,25.87903,25.87904,25.87902,25.87903,25.87906,25.87904,25.87904,25.87905,25.87905,25.87906,25.87904,25.87904,25.87905,25.87906,25.87906,25.87906,25.87906,25.87906,25.87906,25.87906,25.87907,25.87906,25.87907,25.87907,25.87907,25.87907,25.87908,25.87908,25.87907,25.87909,25.87908,25.87907,25.87908,25.87909,25.87909,25.87908,25.87908,25.8791,25.87908,25.87909,25.87909,25.87909,25.87908,25.87909,25.87909,25.87909,25.87909,25.87911,25.8791,25.8791,25.87908,25.8791,25.8791,25.87909,25.87909,25.87909,25.8791,25.87909,25.87909,25.87909,25.87911,25.8791,25.8791,25.87908,25.8791,25.87911,25.87911,25.87909,25.87909,25.87912,25.87909,25.87909
360,,,,,,,,,321.7988,1678.457,557.078,493.6801,444.39,446.8162,475.7877,501.8646,522.454,530.1816,529.8806,544.1968,553.3803,556.656,558.0627,558.6565,558.9663,559.2396,559.4737,559.6382,559.7497,559.8373,559.9058,559.9437,559.9683,559.9825,559.9904,559.9967,560.0048,560.0109,560.0158,560.0228,560.0248,560.0283,560.0319,560.0363,560.0387,560.0415,560.0412,560.0439,560.0494,560.0478,560.0511,560.0516,560.0519,560.0537,560.0568,560.0572,560.0575,560.057,560.0613,560.0595,560.0644,560.0597,560.0629,560.0629,560.0646,560.0724,560.0741,560.0675,560.0675,560.0656,560.0643,560.0663,560.0673,560.0654,560.0694,560.0693,560.0663,560.0717,560.0686,560.0699,560.0717,560.0712,560.0705,560.0739,560.0721,560.0698,560.0734,560.0705,560.0732,560.0733,560.0723,560.074,560.074,560.0735,560.0755,560.074,560.0749,560.0752,560.0787,560.0737,560.0741,560.0747,560.077,560.0741,560.075,560.0762,560.0777,560.0734,560.0761,560.0766,560.0763,560.0758,560.0779,560.0754,560.0761,560.0764,560.0782,560.0771,560.075,560.0777,560.0757,560.0763,560.0784,560.0793,560.0758,560.0761,560.0785,560.0784,560.0741,560.0782,560.0784,560.0794,560.0766,560.0789,560.0788,560.0798,560.0783,560.0761,560.0784,560.0801,560.0796,560.074,560.0785,560.0798,560.0807,560.0789,560.0779,560.076,560.0806,560.0797,560.0749,560.0798,560.0806
361,,,,,,,,,321.7988,1679.424,557.1701,493.7353,444.4255,446.8155,475.7734,501.8534,522.4392,530.1874,529.8711,544.1785,553.3739,556.6536,558.0618,558.6561,558.966,559.2393,559.4735,559.638,559.7495,559.8372,559.9058,559.9437,559.9682,559.9825,559.9904,559.9967,560.0047,560.0108,560.0158,560.0228,560.0248,560.0283,560.0318,560.0362,560.0386,560.0415,560.0412,560.0439,560.0494,560.0478,560.0511,560.0516,560.0519,560.0537,560.0568,560.0572,560.0575,560.057,560.0613,560.0595,560.0644,560.0597,560.0629,560.0629,560.0646,560.0724,560.0741,560.0675,560.0675,560.0656,560.0642,560.0663,560.0672,560.0654,560.0694,560.0693,560.0662,560.0717,560.0686,560.07,560.0717,560.0712,560.0704,560.0739,560.0721,560.0698,560.0734,560.0705,560.0732,560.0733,560.0723,560.0741,560.074,560.0735,560.0755,560.074,560.0748,560.0752,560.0787,560.0738,560.0741,560.0747,560.0769,560.0741,560.075,560.0762,560.0776,560.0734,560.0761,560.0766,560.0763,560.0759,560.0778,560.0754,560.0761,560.0764,560.0782,560.0771,560.075,560.0777,560.0757,560.0764,560.0783,560.0793,560.0758,560.0761,560.0785,560.0784,560.0741,560.0782,560.0785,560.0794,560.0766,560.0789,560.0787,560.0798,560.0782,560.0761,560.0784,560.0801,560.0796,560.074,560.0785,560.0798,560.0807,560.0789,560.0779,560.076,560.0806,560.0797,560.0749,560.0799,560.0806
362,,,,,,,,,321.7985,1681.379,557.3497,493.8024,444.4388,446.7772,475.7276,501.8215,522.4203,530.1845,529.8658,544.1713,553.3712,556.6523,558.0611,558.6558,558.9659,559.2392,559.4733,559.638,559.7495,559.8372,559.9057,559.9437,559.9682,559.9825,559.9904,559.9968,560.0048,560.0108,560.0158,560.0228,560.0248,560.0283,560.0319,560.0363,560.0386,560.0415,560.0412,560.0439,560.0494,560.0477,560.0511,560.0517,560.0518,560.0537,560.0568,560.0572,560.0575,560.057,560.0613,560.0595,560.0644,560.0597,560.0628,560.063,560.0646,560.0724,560.0741,560.0676,560.0674,560.0656,560.0642,560.0664,560.0672,560.0655,560.0693,560.0693,560.0662,560.0717,560.0685,560.07,560.0717,560.0712,560.0704,560.074,560.0721,560.0698,560.0734,560.0705,560.0732,560.0733,560.0723,560.0741,560.074,560.0735,560.0755,560.0741,560.0748,560.0752,560.0787,560.0738,560.0741,560.0747,560.0769,560.0741,560.075,560.0762,560.0776,560.0734,560.0761,560.0766,560.0763,560.0759,560.0778,560.0754,560.076,560.0764,560.0781,560.0771,560.075,560.0777,560.0757,560.0764,560.0783,560.0794,560.0758,560.0761,560.0785,560.0784,560.0741,560.0782,560.0785,560.0795,560.0766,560.0789,560.0787,560.0798,560.0782,560.0761,560.0784,560.0802,560.0796,560.0741,560.0784,560.0798,560.0807,560.0789,560.0778,560.0761,560.0806,560.0797,560.0749,560.0799,560.0806
363,,,,,,,,,321.7986,1690.237,558.5556,494.3407,444.7813,446.7454,475.5701,501.7166,522.2628,530.2663,529.7625,543.952,553.2951,556.6253,558.0502,558.6514,558.9627,559.2358,559.4706,559.6365,559.7483,559.836,559.9051,559.9435,559.968,559.9824,559.9904,559.9969,560.0046,560.0106,560.0157,560.0228,560.0244,560.0283,560.0317,560.0362,560.0384,560.0413,560.041,560.0441,560.0492,560.0474,560.051,560.0517,560.0517,560.0537,560.0568,560.0571,560.0575,560.0571,560.0613,560.0597,560.064,560.0596,560.0627,560.0631,560.0644,560.0723,560.0741,560.0677,560.0673,560.0655,560.064,560.0665,560.067,560.0654,560.0691,560.0692,560.0661,560.0716,560.0684,560.0702,560.0715,560.071,560.0701,560.0741,560.0719,560.0696,560.0734,560.0706,560.073,560.0733,560.0721,560.0742,560.0738,560.0734,560.0752,560.074,560.0745,560.0751,560.0786,560.0738,560.074,560.0745,560.0768,560.074,560.0748,560.0761,560.0775,560.0737,560.076,560.0765,560.0762,560.0759,560.0777,560.0754,560.076,560.0765,560.078,560.0772,560.075,560.0779,560.0755,560.0764,560.0781,560.0794,560.0756,560.0762,560.0785,560.0785,560.074,560.0783,560.0784,560.0797,560.0763,560.0789,560.0784,560.0799,560.078,560.0761,560.0783,560.0804,560.0794,560.0739,560.0783,560.0798,560.0806,560.0786,560.0777,560.0761,560.0805,560.0796,560.0748,560.0798,560.0803
364,,,,,,,,,0.9385091,0.9473652,0.9401256,0.9393851,0.9381122,0.9354732,0.9344895,0.9336622,0.9342403,0.9341831,0.9333713,0.9359303,0.9375968,0.9380984,0.9382777,0.9383452,0.9383764,0.9384085,0.938439,0.9384607,0.9384743,0.9384856,0.9384946,0.9384987,0.9385007,0.9385017,0.9385019,0.9385023,0.9385028,0.9385031,0.9385035,0.938504,0.9385041,0.9385044,0.9385047,0.9385049,0.9385052,0.9385054,0.9385054,0.9385056,0.938506,0.9385059,0.9385062,0.9385063,0.9385063,0.9385065,0.9385067,0.9385067,0.9385068,0.9385068,0.9385071,0.938507,0.9385073,0.9385069,0.9385072,0.9385073,0.9385076,0.9385087,0.938509,0.938508,0.9385076,0.9385073,0.9385073,0.9385074,0.9385075,0.9385075,0.9385078,0.9385078,0.9385076,0.938508,0.9385078,0.9385079,0.938508,0.938508,0.938508,0.9385082,0.9385081,0.938508,0.9385082,0.938508,0.9385082,0.9385083,0.9385082,0.9385083,0.9385083,0.9385083,0.9385085,0.9385084,0.9385084,0.9385084,0.9385087,0.9385083,0.9385084,0.9385084,0.9385086,0.9385084,0.9385085,0.9385085,0.9385087,0.9385084,0.9385086,0.9385086,0.9385086,0.9385086,0.9385087,0.9385085,0.9385086,0.9385086,0.9385087,0.9385086,0.9385085,0.9385087,0.9385085,0.9385086,0.9385087,0.9385088,0.9385086,0.9385086,0.9385088,0.9385088,0.9385085,0.9385088,0.9385088,0.9385088,0.9385087,0.9385089,0.9385088,0.9385089,0.9385087,0.9385086,0.9385087,0.9385089,0.9385089,0.9385085,0.9385088,0.9385089,0.9385089,0.9385088,0.9385087,0.9385086,0.9385089,0.9385089,0.9385086,0.9385089,0.938509
365,,,,,,,,,0.9385091,0.9473692,0.9401265,0.9393875,0.9381159,0.9354758,0.9344907,0.9336631,0.9342391,0.9341848,0.9333699,0.9359272,0.9375958,0.938098,0.9382776,0.9383452,0.9383764,0.9384084,0.938439,0.9384607,0.9384743,0.9384856,0.9384946,0.9384986,0.9385007,0.9385017,0.9385019,0.9385023,0.9385028,0.9385031,0.9385035,0.938504,0.9385041,0.9385044,0.9385047,0.9385049,0.9385052,0.9385054,0.9385054,0.9385056,0.938506,0.9385059,0.9385062,0.9385063,0.9385063,0.9385065,0.9385067,0.9385067,0.9385068,0.9385068,0.9385071,0.938507,0.9385073,0.9385069,0.9385072,0.9385073,0.9385076,0.9385087,0.938509,0.938508,0.9385076,0.9385073,0.9385073,0.9385074,0.9385075,0.9385075,0.9385078,0.9385078,0.9385076,0.938508,0.9385078,0.9385079,0.938508,0.938508,0.938508,0.9385082,0.9385081,0.938508,0.9385082,0.938508,0.9385082,0.9385083,0.9385082,0.9385083,0.9385083,0.9385083,0.9385085,0.9385084,0.9385084,0.9385084,0.9385087,0.9385083,0.9385084,0.9385084,0.9385086,0.9385084,0.9385085,0.9385085,0.9385087,0.9385084,0.9385086,0.9385086,0.9385086,0.9385086,0.9385087,0.9385085,0.9385086,0.9385086,0.9385087,0.9385086,0.9385085,0.9385087,0.9385085,0.9385086,0.9385087,0.9385088,0.9385086,0.9385086,0.9385088,0.9385088,0.9385085,0.9385088,0.9385088,0.9385088,0.9385087,0.9385089,0.9385088,0.9385089,0.9385087,0.9385086,0.9385087,0.9385089,0.9385089,0.9385085,0.9385088,0.9385089,0.9385089,0.9385088,0.9385087,0.9385086,0.9385089,0.9385089,0.9385086,0.9385089,0.938509
366,,,,,,,,,0.9385091,0.9473904,0.9401274,0.9393878,0.938118,0.9354768,0.9344905,0.9336634,0.9342374,0.9341867,0.9333683,0.9359237,0.9375946,0.9380977,0.9382775,0.9383451,0.9383763,0.9384084,0.938439,0.9384607,0.9384743,0.9384856,0.9384946,0.9384986,0.9385007,0.9385017,0.9385019,0.9385023,0.9385028,0.9385031,0.9385035,0.938504,0.9385041,0.9385044,0.9385047,0.9385049,0.9385052,0.9385054,0.9385054,0.9385056,0.938506,0.9385059,0.9385062,0.9385063,0.9385063,0.9385065,0.9385067,0.9385067,0.9385068,0.9385068,0.9385071,0.938507,0.9385073,0.9385069,0.9385072,0.9385073,0.9385076,0.9385087,0.938509,0.938508,0.9385076,0.9385073,0.9385073,0.9385074,0.9385075,0.9385075,0.9385078,0.9385078,0.9385076,0.938508,0.9385078,0.9385079,0.938508,0.938508,0.938508,0.9385082,0.9385081,0.938508,0.9385082,0.938508,0.9385082,0.9385083,0.9385082,0.9385083,0.9385083,0.9385083,0.9385085,0.9385084,0.9385084,0.9385084,0.9385087,0.9385083,0.9385084,0.9385084,0.9385086,0.9385084,0.9385085,0.9385085,0.9385087,0.9385084,0.9385086,0.9385086,0.9385086,0.9385086,0.9385087,0.9385085,0.9385086,0.9385086,0.9385087,0.9385086,0.9385085,0.9385087,0.9385085,0.9385086,0.9385087,0.9385088,0.9385086,0.9385086,0.9385088,0.9385088,0.9385085,0.9385088,0.9385088,0.9385088,0.9385086,0.9385089,0.9385088,0.9385089,0.9385087,0.9385086,0.9385087,0.9385089,0.9385089,0.9385085,0.9385088,0.9385089,0.9385089,0.9385088,0.9385087,0.9385086,0.9385089,0.9385089,0.9385086,0.9385089,0.938509
367,,,,,,,,,0.9385091,0.9474634,0.9401411,0.9393976,0.9381451,0.9354947,0.9344962,0.9336702,0.9342231,0.934205,0.9333537,0.93589,0.9375833,0.938094,0.9382761,0.9383446,0.938376,0.9384079,0.9384386,0.9384605,0.9384741,0.9384855,0.9384945,0.9384986,0.9385007,0.9385017,0.9385019,0.9385023,0.9385028,0.9385031,0.9385035,0.9385039,0.938504,0.9385044,0.9385047,0.9385049,0.9385052,0.9385053,0.9385054,0.9385056,0.938506,0.9385059,0.9385062,0.9385063,0.9385063,0.9385065,0.9385067,0.9385067,0.9385068,0.9385068,0.9385071,0.938507,0.9385073,0.9385069,0.9385072,0.9385073,0.9385076,0.9385087,0.938509,0.938508,0.9385076,0.9385073,0.9385073,0.9385074,0.9385075,0.9385075,0.9385078,0.9385078,0.9385076,0.938508,0.9385078,0.9385079,0.938508,0.938508,0.938508,0.9385082,0.9385081,0.938508,0.9385082,0.938508,0.9385082,0.9385083,0.9385082,0.9385083,0.9385083,0.9385083,0.9385085,0.9385084,0.9385084,0.9385084,0.9385087,0.9385084,0.9385084,0.9385084,0.9385086,0.9385084,0.9385085,0.9385085,0.9385086,0.9385084,0.9385086,0.9385086,0.9385086,0.9385086,0.9385087,0.9385085,0.9385086,0.9385086,0.9385087,0.9385086,0.9385086,0.9385087,0.9385085,0.9385086,0.9385087,0.9385088,0.9385086,0.9385086,0.9385088,0.9385088,0.9385085,0.9385088,0.9385088,0.9385088,0.9385087,0.9385089,0.9385087,0.9385089,0.9385087,0.9385086,0.9385087,0.9385089,0.9385089,0.9385085,0.9385088,0.9385089,0.9385089,0.9385088,0.9385087,0.9385087,0.9385089,0.9385089,0.9385086,0.9385089,0.938509
368,,,,,,,,,0.03879854,0.07281271,0.03076453,0.02188349,0.01668316,0.01491963,0.01463698,0.01485326,0.01503933,0.01514783,0.01526267,0.01520443,0.01513808,0.01512064,0.01511631,0.01511429,0.01511325,0.01511201,0.01511051,0.01510915,0.01510817,0.01510719,0.01510628,0.01510559,0.01510504,0.01510452,0.01510405,0.01510358,0.01510317,0.01510277,0.01510239,0.01510205,0.0151017,0.01510136,0.01510106,0.01510078,0.0151005,0.01510024,0.01509996,0.01509972,0.01509953,0.01509927,0.01509907,0.01509886,0.01509865,0.01509846,0.0150983,0.01509812,0.01509795,0.01509776,0.01509763,0.01509746,0.01509736,0.01509718,0.01509706,0.01509692,0.01509677,0.01509662,0.01509647,0.01509636,0.01509632,0.01509621,0.01509608,0.01509599,0.01509589,0.01509576,0.0150957,0.0150956,0.01509547,0.01509542,0.0150953,0.01509522,0.01509515,0.01509507,0.01509497,0.01509492,0.01509483,0.01509472,0.01509468,0.01509458,0.01509454,0.01509446,0.01509438,0.01509433,0.01509427,0.01509421,0.01509415,0.01509407,0.01509402,0.01509396,0.01509394,0.01509384,0.01509379,0.01509373,0.0150937,0.01509362,0.01509357,0.01509354,0.0150935,0.01509341,0.01509338,0.01509335,0.01509329,0.01509324,0.01509322,0.01509315,0.0150931,0.01509307,0.01509304,0.01509299,0.01509293,0.01509291,0.01509286,0.01509282,0.01509281,0.01509278,0.01509271,0.01509267,0.01509265,0.01509262,0.01509255,0.01509255,0.01509252,0.0150925,0.01509244,0.01509242,0.0150924,0.01509237,0.01509234,0.01509227,0.01509227,0.01509225,0.01509222,0.01509214,0.01509214,0.01509213,0.01509212,0.01509207,0.01509204,0.01509199,0.01509201,0.01509198,0.0150919,0.01509193,0.01509191
369,,,,,,,,,0.03884606,0.07346238,0.03080568,0.02178369,0.01650314,0.0147561,0.01450339,0.01474415,0.0149515,0.01507767,0.0152095,0.01515958,0.01509619,0.01508151,0.0150799,0.01508042,0.01508175,0.01508267,0.01508313,0.01508356,0.0150842,0.0150847,0.01508513,0.01508567,0.01508625,0.01508677,0.01508725,0.01508766,0.01508807,0.01508842,0.01508874,0.01508905,0.0150893,0.01508953,0.01508975,0.01508997,0.01509015,0.01509033,0.01509046,0.01509061,0.01509078,0.01509087,0.01509101,0.0150911,0.01509119,0.01509128,0.01509139,0.01509146,0.01509154,0.01509158,0.01509168,0.01509172,0.01509182,0.01509183,0.01509191,0.01509194,0.01509197,0.01509198,0.01509199,0.01509204,0.01509215,0.01509219,0.01509219,0.01509224,0.01509226,0.01509226,0.01509232,0.01509234,0.01509232,0.01509239,0.01509237,0.01509239,0.01509243,0.01509244,0.01509244,0.01509248,0.01509248,0.01509246,0.0150925,0.01509248,0.01509252,0.01509252,0.01509252,0.01509254,0.01509255,0.01509256,0.01509257,0.01509256,0.01509257,0.01509258,0.01509261,0.01509258,0.01509258,0.01509259,0.01509261,0.01509259,0.01509259,0.01509261,0.01509263,0.01509259,0.01509261,0.01509262,0.01509261,0.01509261,0.01509264,0.01509261,0.01509261,0.01509262,0.01509263,0.01509263,0.0150926,0.01509263,0.01509262,0.01509261,0.01509264,0.01509265,0.01509261,0.01509261,0.01509263,0.01509264,0.01509259,0.01509262,0.01509263,0.01509264,0.01509261,0.01509263,0.01509264,0.01509264,0.01509263,0.0150926,0.01509262,0.01509264,0.01509264,0.01509258,0.01509261,0.01509263,0.01509265,0.01509262,0.01509262,0.01509259,0.01509264,0.01509262,0.01509257,0.01509262,0.01509263
370,,,,,,,,,0.1572139,0.457471,0.2163539,0.198744,0.1861797,0.1889062,0.1967573,0.2045439,0.2085103,0.2104781,0.2119921,0.2101918,0.2087401,0.2083229,0.2082126,0.2081839,0.2081775,0.2081649,0.2081477,0.2081337,0.2081247,0.2081158,0.2081079,0.2081034,0.2081005,0.2080981,0.208096,0.2080938,0.2080916,0.2080895,0.2080875,0.2080856,0.2080836,0.2080818,0.2080801,0.2080786,0.2080769,0.2080756,0.208074,0.2080728,0.2080716,0.2080702,0.2080692,0.2080681,0.208067,0.208066,0.2080652,0.2080643,0.2080634,0.2080625,0.2080618,0.208061,0.2080604,0.2080596,0.208059,0.2080582,0.2080572,0.208056,0.2080552,0.2080553,0.2080555,0.2080552,0.2080546,0.2080542,0.2080537,0.2080531,0.2080527,0.2080523,0.2080518,0.2080515,0.2080511,0.2080507,0.2080504,0.20805,0.2080496,0.2080494,0.208049,0.2080485,0.2080484,0.208048,0.2080477,0.2080474,0.2080471,0.2080469,0.2080467,0.2080464,0.2080461,0.2080458,0.2080456,0.2080454,0.2080452,0.2080449,0.2080447,0.2080445,0.2080443,0.208044,0.2080438,0.2080438,0.2080436,0.2080432,0.2080431,0.208043,0.2080427,0.2080425,0.2080425,0.2080422,0.208042,0.2080419,0.2080417,0.2080417,0.2080413,0.2080413,0.2080411,0.2080409,0.2080409,0.2080408,0.2080406,0.2080404,0.2080403,0.2080403,0.2080399,0.20804,0.2080398,0.2080398,0.2080395,0.2080394,0.2080394,0.2080393,0.2080392,0.2080389,0.208039,0.2080389,0.2080387,0.2080384,0.2080385,0.2080384,0.2080384,0.2080382,0.2080382,0.2080379,0.208038,0.2080379,0.2080376,0.2080377,0.2080376
371,,,,,,,,,0.3255123,0.8869021,0.4247492,0.3583766,0.3129408,0.3039787,0.3085474,0.316813,0.3211031,0.3236206,0.3259758,0.3225318,0.3198966,0.3191786,0.3189774,0.3189084,0.3188807,0.3188453,0.3188056,0.3187758,0.318758,0.3187419,0.3187287,0.3187229,0.3187206,0.3187191,0.3187183,0.3187171,0.3187162,0.3187153,0.3187144,0.3187138,0.3187128,0.3187119,0.3187112,0.318711,0.3187101,0.3187098,0.3187089,0.3187086,0.3187083,0.3187076,0.3187075,0.3187069,0.3187064,0.3187061,0.318706,0.3187057,0.3187054,0.3187048,0.3187049,0.3187045,0.3187046,0.318704,0.318704,0.3187035,0.3187026,0.3187013,0.3187006,0.3187017,0.318703,0.3187032,0.3187027,0.3187027,0.3187024,0.3187019,0.3187021,0.318702,0.3187014,0.3187017,0.3187013,0.3187013,0.3187013,0.318701,0.3187008,0.3187012,0.3187007,0.3187003,0.3187007,0.3187003,0.3187004,0.3187002,0.3187,0.3187002,0.3187002,0.3187001,0.3187,0.3186998,0.3186999,0.3186999,0.3187001,0.3186996,0.3186995,0.3186997,0.3186997,0.3186994,0.3186994,0.3186997,0.3186997,0.3186993,0.3186994,0.3186996,0.3186993,0.3186993,0.3186996,0.3186993,0.3186992,0.3186993,0.3186993,0.3186995,0.318699,0.3186994,0.3186992,0.3186991,0.3186995,0.3186996,0.3186992,0.3186992,0.3186994,0.3186995,0.3186988,0.3186993,0.3186993,0.3186996,0.3186991,0.3186993,0.3186995,0.3186996,0.3186994,0.3186991,0.3186995,0.3186996,0.3186994,0.3186989,0.3186994,0.3186996,0.3186997,0.3186995,0.3186996,0.3186992,0.3186998,0.3186997,0.3186991,0.3186997,0.3186996
372,,,,,,,,,0.06980626,0.04139899,0.04588972,0.03915305,0.03472556,0.03096779,0.02860983,0.02732594,0.02680481,0.0265927,0.02644191,0.02655978,0.02665033,0.02666381,0.02666113,0.02665672,0.02665263,0.02665016,0.02664871,0.02664747,0.02664612,0.02664509,0.0266442,0.02664322,0.02664226,0.02664143,0.02664066,0.02664001,0.02663939,0.02663884,0.02663835,0.02663788,0.02663746,0.02663711,0.02663673,0.0266364,0.02663609,0.02663579,0.02663554,0.02663528,0.02663501,0.02663481,0.02663458,0.02663438,0.02663418,0.02663401,0.02663382,0.02663365,0.02663349,0.02663336,0.02663319,0.02663306,0.02663288,0.02663278,0.02663265,0.02663254,0.02663244,0.02663238,0.02663229,0.02663215,0.02663198,0.02663188,0.0266318,0.02663171,0.02663162,0.02663156,0.02663145,0.02663138,0.02663132,0.02663123,0.02663117,0.02663111,0.02663102,0.02663096,0.0266309,0.02663083,0.02663076,0.02663074,0.02663066,0.02663062,0.02663055,0.02663051,0.02663046,0.0266304,0.02663034,0.0266303,0.02663025,0.02663021,0.02663015,0.02663012,0.02663006,0.02663004,0.02662999,0.02662995,0.0266299,0.02662988,0.02662983,0.0266298,0.02662976,0.02662976,0.0266297,0.02662966,0.02662964,0.02662961,0.02662955,0.02662954,0.02662951,0.02662948,0.02662943,0.02662942,0.0266294,0.02662936,0.02662933,0.02662932,0.02662927,0.02662924,0.02662923,0.02662921,0.02662918,0.02662915,0.02662915,0.02662911,0.02662908,0.02662905,0.02662904,0.02662902,0.02662898,0.02662897,0.02662893,0.02662894,0.0266289,0.02662888,0.02662885,0.02662887,0.02662883,0.02662881,0.02662877,0.02662877,0.02662876,0.02662876,0.0266287,0.02662869,0.02662871,0.02662866,0.02662863
373,,,,,,,,,0.06980638,0.0417243,0.04592125,0.03894918,0.0343333,0.03061812,0.02834136,0.02711868,0.02664149,0.02646294,0.02634287,0.02647421,0.02656954,0.02658784,0.02658996,0.02659005,0.02659016,0.0265915,0.02659352,0.02659542,0.02659694,0.02659851,0.0266,0.02660119,0.02660223,0.02660323,0.02660414,0.02660504,0.02660586,0.02660664,0.02660738,0.02660806,0.02660871,0.02660935,0.02660991,0.02661044,0.02661095,0.02661143,0.0266119,0.02661233,0.02661271,0.02661311,0.02661346,0.02661382,0.02661414,0.02661446,0.02661475,0.02661503,0.0266153,0.02661558,0.0266158,0.02661605,0.02661623,0.02661648,0.02661668,0.02661689,0.02661709,0.02661733,0.02661752,0.02661765,0.02661775,0.0266179,0.02661807,0.02661821,0.02661835,0.02661851,0.02661862,0.02661875,0.0266189,0.026619,0.02661913,0.02661925,0.02661934,0.02661945,0.02661956,0.02661965,0.02661974,0.02661987,0.02661994,0.02662004,0.02662011,0.02662021,0.02662029,0.02662037,0.02662043,0.02662052,0.02662059,0.02662067,0.02662073,0.0266208,0.02662086,0.02662094,0.026621,0.02662106,0.02662111,0.02662119,0.02662124,0.0266213,0.02662135,0.02662144,0.02662147,0.02662152,0.02662158,0.02662163,0.02662166,0.02662173,0.02662177,0.02662182,0.02662185,0.0266219,0.02662196,0.02662199,0.02662203,0.02662208,0.0266221,0.02662214,0.0266222,0.02662224,0.02662227,0.0266223,0.02662236,0.02662238,0.02662241,0.02662244,0.02662248,0.02662251,0.02662253,0.02662257,0.02662259,0.02662265,0.02662266,0.0266227,0.02662271,0.02662277,0.02662279,0.02662281,0.02662282,0.02662287,0.0266229,0.02662294,0.02662293,0.02662297,0.02662302,0.02662301,0.02662303
374,,,,,,,,,0.06989824,0.04473054,0.04560803,0.03873238,0.03427895,0.03063815,0.02847208,0.02733856,0.0268943,0.02670695,0.02657262,0.02667726,0.02673959,0.02673572,0.02672773,0.02672279,0.02671936,0.02671771,0.02671695,0.02671618,0.02671514,0.02671438,0.02671368,0.02671282,0.02671195,0.02671121,0.02671052,0.02670994,0.02670937,0.02670885,0.02670839,0.02670792,0.02670753,0.02670721,0.02670684,0.02670648,0.0267062,0.02670589,0.02670566,0.02670539,0.02670511,0.02670492,0.02670468,0.02670449,0.02670431,0.02670413,0.02670393,0.02670377,0.02670362,0.0267035,0.02670331,0.0267032,0.026703,0.02670294,0.02670281,0.02670273,0.02670263,0.02670256,0.02670247,0.02670233,0.02670214,0.02670205,0.026702,0.0267019,0.02670181,0.02670177,0.02670165,0.02670158,0.02670156,0.02670144,0.02670142,0.02670135,0.02670126,0.02670122,0.02670117,0.02670108,0.02670104,0.02670104,0.02670094,0.02670092,0.02670084,0.02670081,0.02670078,0.02670071,0.02670065,0.02670063,0.02670058,0.02670056,0.0267005,0.02670046,0.0267004,0.02670041,0.02670036,0.02670033,0.02670027,0.02670028,0.02670023,0.02670019,0.02670015,0.02670018,0.02670011,0.02670007,0.02670007,0.02670004,0.02669997,0.02669998,0.02669996,0.02669993,0.02669988,0.02669987,0.02669988,0.02669982,0.02669981,0.0266998,0.02669974,0.02669971,0.02669973,0.02669971,0.02669967,0.02669965,0.02669968,0.02669962,0.0266996,0.02669956,0.02669957,0.02669954,0.0266995,0.02669949,0.02669947,0.0266995,0.02669944,0.02669942,0.02669941,0.02669945,0.02669939,0.02669937,0.02669933,0.02669934,0.02669934,0.02669936,0.02669928,0.02669928,0.02669933,0.02669925,0.02669923
375,,,,,,,,,0.06990936,0.04179036,0.04623805,0.03929727,0.03463688,0.03088655,0.0285786,0.02735018,0.02685566,0.02665816,0.02651928,0.02663047,0.02670954,0.02671865,0.02671528,0.02671107,0.02670748,0.02670556,0.02670467,0.02670394,0.02670312,0.02670259,0.02670218,0.02670164,0.02670112,0.02670069,0.02670029,0.02669999,0.02669972,0.02669949,0.02669929,0.0266991,0.02669895,0.02669885,0.02669871,0.02669859,0.02669851,0.02669841,0.02669835,0.02669826,0.02669819,0.02669814,0.02669807,0.02669802,0.02669798,0.02669794,0.02669789,0.02669784,0.02669781,0.0266978,0.02669774,0.02669771,0.02669767,0.02669766,0.02669765,0.02669763,0.02669763,0.02669765,0.02669764,0.02669757,0.0266975,0.02669747,0.02669747,0.02669743,0.02669742,0.02669743,0.0266974,0.02669738,0.02669739,0.02669736,0.02669737,0.02669735,0.02669734,0.02669733,0.02669733,0.0266973,0.0266973,0.02669733,0.0266973,0.02669729,0.02669729,0.02669729,0.02669729,0.02669726,0.02669726,0.02669726,0.02669726,0.02669726,0.02669725,0.02669725,0.02669724,0.02669725,0.02669724,0.02669724,0.02669724,0.02669724,0.02669724,0.02669723,0.02669723,0.02669725,0.02669724,0.02669723,0.02669725,0.02669724,0.02669723,0.02669724,0.02669725,0.02669724,0.02669723,0.02669723,0.02669726,0.02669723,0.02669725,0.02669725,0.02669724,0.02669723,0.02669725,0.02669726,0.02669725,0.02669725,0.02669728,0.02669726,0.02669726,0.02669724,0.02669727,0.02669727,0.02669726,0.02669726,0.02669726,0.02669728,0.02669726,0.02669727,0.02669727,0.0266973,0.02669729,0.02669728,0.02669727,0.02669729,0.0266973,0.02669732,0.02669729,0.0266973,0.02669733,0.0266973,0.0266973
376,,,,,,,,,0.00550562,0.00352673,0.003811802,0.00329272,0.002985481,0.002803458,0.00265553,0.002587173,0.002524682,0.00251144,0.002530204,0.00244158,0.002384884,0.002366781,0.002359747,0.002356834,0.002355319,0.002353892,0.002352599,0.002351665,0.002351034,0.002350515,0.002350101,0.002349867,0.002349713,0.00234961,0.002349538,0.002349473,0.002349405,0.002349348,0.002349296,0.002349241,0.002349203,0.002349162,0.002349123,0.002349087,0.002349053,0.002349024,0.002349002,0.002348976,0.002348938,0.002348925,0.002348899,0.002348881,0.002348864,0.002348845,0.002348822,0.002348807,0.002348794,0.002348783,0.002348759,0.002348754,0.002348727,0.002348733,0.002348714,0.002348702,0.002348681,0.002348635,0.002348617,0.002348646,0.00234865,0.002348652,0.002348648,0.002348635,0.002348624,0.002348622,0.002348604,0.002348599,0.002348601,0.002348579,0.002348583,0.002348573,0.002348562,0.002348559,0.002348556,0.002348541,0.002348541,0.002348544,0.002348529,0.002348534,0.002348521,0.002348516,0.002348515,0.002348506,0.002348503,0.002348502,0.00234849,0.002348491,0.002348486,0.002348482,0.002348468,0.00234848,0.002348475,0.002348472,0.002348461,0.002348467,0.002348461,0.002348457,0.002348449,0.002348459,0.002348448,0.002348445,0.002348442,0.002348442,0.002348434,0.002348439,0.002348433,0.002348431,0.002348422,0.002348426,0.002348428,0.002348419,0.002348423,0.002348419,0.002348412,0.002348406,0.002348415,0.002348413,0.002348403,0.002348402,0.002348412,0.0023484,0.002348397,0.002348393,0.002348398,0.00234839,0.00234839,0.002348385,0.002348388,0.002348392,0.002348386,0.002348378,0.002348377,0.002348393,0.002348379,0.002348374,0.002348369,0.002348374,0.002348377,0.00234838,0.002348365,0.002348367,0.00234838,0.002348364,0.002348358
377,,,,,,,,,0.005504927,0.003554219,0.003814158,0.003275223,0.002951405,0.00277155,0.002630448,0.002567411,0.002509251,0.002499029,0.002520691,0.002433745,0.002377607,0.002359965,0.002353368,0.002350858,0.002349715,0.002348628,0.002347644,0.002346989,0.002346611,0.002346323,0.002346119,0.002346076,0.002346099,0.002346157,0.002346233,0.002346305,0.002346364,0.002346424,0.002346482,0.002346527,0.002346584,0.00234663,0.002346674,0.002346715,0.002346753,0.002346792,0.002346834,0.002346868,0.002346887,0.002346929,0.002346954,0.002346984,0.002347014,0.002347038,0.002347056,0.002347082,0.002347107,0.002347132,0.002347142,0.002347171,0.002347176,0.002347212,0.002347222,0.002347238,0.002347245,0.002347225,0.002347232,0.002347284,0.002347312,0.002347336,0.002347354,0.002347362,0.002347371,0.002347389,0.002347389,0.002347402,0.002347422,0.002347417,0.002347438,0.002347444,0.002347449,0.00234746,0.002347472,0.002347472,0.002347486,0.002347502,0.0023475,0.002347517,0.002347517,0.002347524,0.002347535,0.002347538,0.002347547,0.002347556,0.002347555,0.002347566,0.002347571,0.002347578,0.002347573,0.002347595,0.002347599,0.002347605,0.002347603,0.002347617,0.00234762,0.002347624,0.002347624,0.002347642,0.002347639,0.002347644,0.002347648,0.002347655,0.002347654,0.002347667,0.002347668,0.002347672,0.00234767,0.00234768,0.002347689,0.002347686,0.002347696,0.002347698,0.002347697,0.002347697,0.002347712,0.002347715,0.002347711,0.002347715,0.00234773,0.002347723,0.002347725,0.002347727,0.002347737,0.002347733,0.002347739,0.002347738,0.002347745,0.002347754,0.002347752,0.002347749,0.002347752,0.002347773,0.002347763,0.002347762,0.002347762,0.00234777,0.002347777,0.002347784,0.002347773,0.002347778,0.002347795,0.002347783,0.002347781
378,,,,,,,,,0.004819643,0.002743884,0.003010925,0.00254435,0.002275167,0.002115111,0.001993548,0.001938887,0.001889409,0.00187825,0.001894455,0.001823143,0.001775911,0.001760179,0.001754131,0.001751727,0.001750539,0.001749442,0.001748449,0.001747727,0.001747237,0.001746837,0.001746514,0.00174633,0.001746209,0.001746129,0.001746073,0.001746023,0.00174597,0.001745924,0.001745883,0.001745836,0.001745807,0.001745774,0.001745741,0.001745709,0.001745682,0.001745656,0.00174564,0.001745615,0.001745583,0.001745573,0.00174555,0.001745535,0.001745522,0.001745504,0.001745484,0.001745472,0.001745461,0.001745452,0.00174543,0.001745426,0.001745403,0.00174541,0.001745393,0.001745385,0.001745368,0.001745329,0.001745314,0.001745336,0.001745337,0.001745339,0.001745336,0.001745324,0.001745315,0.001745315,0.001745298,0.001745293,0.001745297,0.001745276,0.001745282,0.001745272,0.001745263,0.001745261,0.001745259,0.001745245,0.001745246,0.00174525,0.001745235,0.00174524,0.001745229,0.001745225,0.001745225,0.001745217,0.001745215,0.001745214,0.001745204,0.001745205,0.001745201,0.001745197,0.001745184,0.001745197,0.001745193,0.00174519,0.00174518,0.001745186,0.001745181,0.001745177,0.00174517,0.00174518,0.00174517,0.001745167,0.001745166,0.001745165,0.001745158,0.001745163,0.001745159,0.001745157,0.001745149,0.001745152,0.001745155,0.001745146,0.001745151,0.001745147,0.00174514,0.001745135,0.001745145,0.001745142,0.001745134,0.001745133,0.001745143,0.001745131,0.001745129,0.001745125,0.001745132,0.001745123,0.001745123,0.001745119,0.001745122,0.001745127,0.00174512,0.001745113,0.001745113,0.001745129,0.001745115,0.00174511,0.001745106,0.001745111,0.001745114,0.001745117,0.001745103,0.001745105,0.001745118,0.001745102,0.001745099
379,,,,,,,,,0.004544641,0.00226281,0.002862716,0.002450424,0.002200717,0.002048985,0.001925152,0.001866626,0.001816133,0.001803632,0.001819921,0.001752205,0.001707137,0.001692594,0.001686991,0.001684694,0.001683533,0.001682459,0.001681489,0.001680792,0.001680332,0.00167996,0.001679665,0.001679507,0.001679412,0.001679354,0.00167932,0.00167929,0.001679258,0.001679232,0.001679209,0.001679182,0.00167917,0.001679151,0.001679136,0.001679119,0.001679106,0.001679095,0.00167909,0.001679078,0.00167906,0.001679061,0.001679049,0.001679043,0.001679039,0.001679031,0.001679021,0.001679018,0.001679014,0.001679013,0.001679,0.001679002,0.001678989,0.001679,0.001678991,0.001678987,0.001678978,0.001678946,0.001678936,0.001678962,0.00167897,0.001678976,0.001678977,0.00167897,0.001678967,0.001678968,0.001678958,0.001678957,0.001678963,0.001678948,0.001678956,0.00167895,0.001678946,0.001678946,0.001678948,0.001678938,0.001678942,0.001678947,0.001678937,0.001678943,0.001678937,0.001678935,0.001678938,0.001678932,0.001678934,0.001678935,0.001678928,0.001678931,0.00167893,0.001678928,0.001678919,0.001678931,0.00167893,0.00167893,0.001678923,0.001678929,0.001678927,0.001678925,0.001678921,0.00167893,0.001678924,0.001678923,0.001678923,0.001678924,0.00167892,0.001678926,0.001678923,0.001678923,0.001678918,0.001678922,0.001678926,0.001678919,0.001678926,0.001678923,0.00167892,0.001678916,0.001678925,0.001678924,0.001678918,0.001678919,0.001678929,0.001678919,0.001678918,0.001678916,0.001678924,0.001678917,0.00167892,0.001678916,0.001678921,0.001678925,0.001678921,0.001678915,0.001678917,0.001678931,0.00167892,0.001678917,0.001678915,0.00167892,0.001678924,0.001678926,0.001678916,0.001678919,0.00167893,0.001678918,0.001678916
380,,,,,,,,,0.00550562,0.00352673,0.003811802,0.00329272,0.002985481,0.002803458,0.00265553,0.002587173,0.002524682,0.00251144,0.002530204,0.00244158,0.002384884,0.002366781,0.002359747,0.002356834,0.002355319,0.002353892,0.002352599,0.002351665,0.002351034,0.002350515,0.002350101,0.002349867,0.002349713,0.00234961,0.002349538,0.002349473,0.002349405,0.002349348,0.002349296,0.002349241,0.002349203,0.002349162,0.002349123,0.002349087,0.002349053,0.002349024,0.002349002,0.002348976,0.002348938,0.002348925,0.002348899,0.002348881,0.002348864,0.002348845,0.002348822,0.002348808,0.002348794,0.002348783,0.002348759,0.002348754,0.002348727,0.002348733,0.002348714,0.002348702,0.002348681,0.002348635,0.002348617,0.002348646,0.00234865,0.002348652,0.002348648,0.002348635,0.002348624,0.002348623,0.002348604,0.002348599,0.002348601,0.002348579,0.002348583,0.002348573,0.002348562,0.002348559,0.002348556,0.002348541,0.002348541,0.002348544,0.002348529,0.002348534,0.002348521,0.002348516,0.002348515,0.002348506,0.002348503,0.002348502,0.00234849,0.002348491,0.002348486,0.002348482,0.002348468,0.00234848,0.002348475,0.002348472,0.002348461,0.002348467,0.002348461,0.002348457,0.002348449,0.002348459,0.002348448,0.002348445,0.002348442,0.002348442,0.002348434,0.002348439,0.002348433,0.002348432,0.002348422,0.002348426,0.002348428,0.002348419,0.002348423,0.002348419,0.002348412,0.002348406,0.002348416,0.002348413,0.002348403,0.002348403,0.002348412,0.0023484,0.002348397,0.002348393,0.002348399,0.00234839,0.00234839,0.002348385,0.002348388,0.002348392,0.002348386,0.002348378,0.002348377,0.002348393,0.002348379,0.002348374,0.002348369,0.002348374,0.002348377,0.00234838,0.002348365,0.002348367,0.00234838,0.002348364,0.002348358
381,,,,,,,,,0.005504927,0.003554219,0.003814158,0.003275223,0.002951406,0.00277155,0.002630448,0.002567411,0.002509251,0.002499029,0.002520691,0.002433745,0.002377607,0.002359965,0.002353368,0.002350858,0.002349715,0.002348629,0.002347644,0.002346989,0.002346611,0.002346324,0.002346119,0.002346076,0.002346099,0.002346157,0.002346233,0.002346305,0.002346364,0.002346424,0.002346482,0.002346527,0.002346584,0.00234663,0.002346674,0.002346715,0.002346753,0.002346792,0.002346835,0.002346868,0.002346887,0.002346929,0.002346954,0.002346984,0.002347014,0.002347038,0.002347057,0.002347082,0.002347107,0.002347132,0.002347142,0.002347171,0.002347176,0.002347212,0.002347222,0.002347238,0.002347245,0.002347225,0.002347232,0.002347284,0.002347312,0.002347337,0.002347354,0.002347362,0.002347371,0.002347389,0.002347389,0.002347402,0.002347422,0.002347417,0.002347438,0.002347444,0.002347449,0.00234746,0.002347472,0.002347472,0.002347486,0.002347502,0.0023475,0.002347517,0.002347517,0.002347525,0.002347536,0.002347538,0.002347547,0.002347556,0.002347555,0.002347567,0.002347571,0.002347578,0.002347573,0.002347595,0.002347599,0.002347605,0.002347603,0.002347617,0.00234762,0.002347624,0.002347625,0.002347643,0.002347639,0.002347644,0.002347648,0.002347655,0.002347654,0.002347667,0.002347668,0.002347672,0.00234767,0.00234768,0.002347689,0.002347686,0.002347696,0.002347698,0.002347697,0.002347697,0.002347712,0.002347715,0.002347711,0.002347715,0.00234773,0.002347723,0.002347725,0.002347727,0.002347737,0.002347733,0.002347739,0.002347738,0.002347745,0.002347754,0.002347752,0.002347749,0.002347752,0.002347773,0.002347763,0.002347762,0.002347762,0.00234777,0.002347777,0.002347784,0.002347773,0.002347778,0.002347795,0.002347783,0.002347781
382,,,,,,,,,0.004819643,0.002743884,0.003010925,0.00254435,0.002275167,0.002115111,0.001993548,0.001938887,0.001889409,0.00187825,0.001894455,0.001823143,0.001775911,0.001760179,0.001754131,0.001751727,0.001750539,0.001749442,0.001748449,0.001747727,0.001747237,0.001746837,0.001746514,0.00174633,0.001746209,0.001746129,0.001746073,0.001746023,0.00174597,0.001745924,0.001745883,0.001745836,0.001745807,0.001745774,0.001745741,0.001745709,0.001745682,0.001745656,0.00174564,0.001745616,0.001745583,0.001745574,0.00174555,0.001745535,0.001745522,0.001745504,0.001745484,0.001745472,0.001745461,0.001745452,0.00174543,0.001745426,0.001745403,0.00174541,0.001745393,0.001745385,0.001745368,0.001745329,0.001745314,0.001745336,0.001745337,0.001745339,0.001745336,0.001745324,0.001745315,0.001745315,0.001745298,0.001745293,0.001745297,0.001745276,0.001745282,0.001745272,0.001745263,0.001745261,0.001745259,0.001745245,0.001745246,0.00174525,0.001745236,0.00174524,0.001745229,0.001745226,0.001745225,0.001745217,0.001745215,0.001745214,0.001745204,0.001745206,0.001745201,0.001745197,0.001745184,0.001745197,0.001745193,0.00174519,0.00174518,0.001745186,0.001745181,0.001745177,0.00174517,0.00174518,0.00174517,0.001745167,0.001745166,0.001745165,0.001745158,0.001745163,0.001745159,0.001745157,0.001745149,0.001745152,0.001745155,0.001745146,0.001745151,0.001745147,0.00174514,0.001745135,0.001745145,0.001745142,0.001745134,0.001745133,0.001745144,0.001745131,0.001745129,0.001745125,0.001745132,0.001745123,0.001745123,0.001745119,0.001745122,0.001745127,0.00174512,0.001745113,0.001745113,0.001745129,0.001745115,0.00174511,0.001745106,0.001745111,0.001745114,0.001745117,0.001745103,0.001745105,0.001745118,0.001745102,0.001745099
383,,,,,,,,,0.004544641,0.00226281,0.002862716,0.002450424,0.002200717,0.002048985,0.001925152,0.001866626,0.001816133,0.001803632,0.001819921,0.001752205,0.001707137,0.001692594,0.001686991,0.001684694,0.001683533,0.001682459,0.001681489,0.001680792,0.001680332,0.00167996,0.001679665,0.001679507,0.001679412,0.001679354,0.00167932,0.00167929,0.001679258,0.001679232,0.001679209,0.001679182,0.00167917,0.001679151,0.001679136,0.001679119,0.001679106,0.001679095,0.00167909,0.001679078,0.00167906,0.001679061,0.001679049,0.001679043,0.001679039,0.001679031,0.001679021,0.001679018,0.001679014,0.001679013,0.001679,0.001679002,0.001678989,0.001679,0.001678991,0.001678987,0.001678978,0.001678946,0.001678936,0.001678962,0.00167897,0.001678976,0.001678977,0.00167897,0.001678967,0.001678968,0.001678958,0.001678957,0.001678963,0.001678948,0.001678956,0.00167895,0.001678946,0.001678946,0.001678948,0.001678938,0.001678942,0.001678947,0.001678937,0.001678943,0.001678937,0.001678935,0.001678938,0.001678933,0.001678934,0.001678935,0.001678928,0.001678931,0.00167893,0.001678928,0.001678919,0.001678931,0.00167893,0.00167893,0.001678923,0.001678929,0.001678927,0.001678925,0.001678921,0.00167893,0.001678924,0.001678924,0.001678923,0.001678924,0.001678921,0.001678926,0.001678923,0.001678923,0.001678918,0.001678922,0.001678926,0.001678919,0.001678926,0.001678923,0.00167892,0.001678916,0.001678925,0.001678924,0.001678918,0.001678919,0.001678929,0.001678919,0.001678918,0.001678916,0.001678924,0.001678917,0.00167892,0.001678916,0.001678921,0.001678925,0.001678921,0.001678915,0.001678917,0.001678931,0.00167892,0.001678917,0.001678916,0.00167892,0.001678924,0.001678927,0.001678916,0.001678919,0.00167893,0.001678918,0.001678916
384,,,,,,,,,0.06980626,0.04139899,0.04588972,0.03915305,0.03472556,0.03096779,0.02860983,0.02732594,0.02680481,0.0265927,0.02644191,0.02655978,0.02665033,0.02666381,0.02666113,0.02665672,0.02665263,0.02665016,0.02664871,0.02664747,0.02664612,0.02664509,0.0266442,0.02664322,0.02664226,0.02664143,0.02664066,0.02664001,0.02663939,0.02663884,0.02663835,0.02663788,0.02663746,0.02663711,0.02663673,0.0266364,0.02663609,0.02663579,0.02663554,0.02663528,0.02663501,0.02663481,0.02663458,0.02663438,0.02663418,0.02663401,0.02663382,0.02663365,0.02663349,0.02663336,0.02663319,0.02663306,0.02663288,0.02663278,0.02663265,0.02663254,0.02663244,0.02663238,0.02663229,0.02663215,0.02663198,0.02663188,0.0266318,0.02663171,0.02663162,0.02663156,0.02663145,0.02663138,0.02663132,0.02663123,0.02663117,0.02663111,0.02663102,0.02663096,0.0266309,0.02663083,0.02663076,0.02663074,0.02663066,0.02663062,0.02663055,0.02663051,0.02663046,0.0266304,0.02663034,0.0266303,0.02663025,0.02663021,0.02663015,0.02663012,0.02663006,0.02663004,0.02662999,0.02662995,0.0266299,0.02662988,0.02662983,0.0266298,0.02662976,0.02662976,0.0266297,0.02662966,0.02662964,0.02662961,0.02662955,0.02662954,0.02662951,0.02662948,0.02662943,0.02662942,0.0266294,0.02662936,0.02662933,0.02662932,0.02662927,0.02662924,0.02662923,0.02662921,0.02662918,0.02662915,0.02662915,0.02662911,0.02662908,0.02662905,0.02662904,0.02662902,0.02662898,0.02662897,0.02662893,0.02662894,0.0266289,0.02662888,0.02662885,0.02662887,0.02662883,0.02662881,0.02662877,0.02662877,0.02662876,0.02662876,0.0266287,0.02662869,0.02662871,0.02662866,0.02662863
385,,,,,,,,,0.06980638,0.0417243,0.04592125,0.03894918,0.0343333,0.03061812,0.02834136,0.02711868,0.02664149,0.02646294,0.02634287,0.02647421,0.02656954,0.02658784,0.02658996,0.02659005,0.02659016,0.0265915,0.02659352,0.02659542,0.02659694,0.02659851,0.0266,0.02660119,0.02660223,0.02660323,0.02660414,0.02660504,0.02660586,0.02660664,0.02660738,0.02660806,0.02660871,0.02660935,0.02660991,0.02661044,0.02661095,0.02661143,0.0266119,0.02661233,0.02661271,0.02661311,0.02661346,0.02661382,0.02661414,0.02661446,0.02661475,0.02661503,0.0266153,0.02661558,0.0266158,0.02661605,0.02661623,0.02661648,0.02661668,0.02661689,0.02661709,0.02661733,0.02661752,0.02661765,0.02661775,0.0266179,0.02661807,0.02661821,0.02661835,0.02661851,0.02661862,0.02661875,0.0266189,0.026619,0.02661913,0.02661925,0.02661934,0.02661945,0.02661956,0.02661965,0.02661974,0.02661987,0.02661994,0.02662004,0.02662011,0.02662021,0.02662029,0.02662037,0.02662043,0.02662052,0.02662059,0.02662067,0.02662073,0.0266208,0.02662086,0.02662094,0.026621,0.02662106,0.02662111,0.02662119,0.02662124,0.0266213,0.02662135,0.02662144,0.02662147,0.02662151,0.02662158,0.02662163,0.02662166,0.02662173,0.02662177,0.02662182,0.02662185,0.0266219,0.02662196,0.02662199,0.02662203,0.02662208,0.0266221,0.02662214,0.0266222,0.02662224,0.02662227,0.0266223,0.02662236,0.02662238,0.02662241,0.02662244,0.02662248,0.02662251,0.02662253,0.02662257,0.02662259,0.02662265,0.02662266,0.0266227,0.02662271,0.02662277,0.02662278,0.02662281,0.02662282,0.02662287,0.0266229,0.02662294,0.02662293,0.02662297,0.02662302,0.02662301,0.02662303
386,,,,,,,,,0.06989824,0.04473054,0.04560803,0.03873238,0.03427895,0.03063815,0.02847208,0.02733856,0.0268943,0.02670695,0.02657262,0.02667726,0.02673959,0.02673572,0.02672773,0.02672279,0.02671936,0.02671771,0.02671695,0.02671618,0.02671514,0.02671438,0.02671368,0.02671282,0.02671195,0.02671121,0.02671052,0.02670994,0.02670937,0.02670885,0.02670839,0.02670792,0.02670753,0.02670721,0.02670684,0.02670648,0.0267062,0.02670589,0.02670566,0.02670539,0.02670511,0.02670492,0.02670468,0.02670449,0.02670431,0.02670413,0.02670393,0.02670377,0.02670362,0.0267035,0.02670331,0.0267032,0.026703,0.02670294,0.02670281,0.02670273,0.02670263,0.02670256,0.02670247,0.02670233,0.02670214,0.02670205,0.026702,0.0267019,0.02670181,0.02670177,0.02670165,0.02670158,0.02670156,0.02670144,0.02670142,0.02670135,0.02670126,0.02670122,0.02670117,0.02670108,0.02670104,0.02670104,0.02670094,0.02670092,0.02670084,0.02670081,0.02670078,0.02670071,0.02670065,0.02670063,0.02670058,0.02670056,0.0267005,0.02670046,0.0267004,0.02670041,0.02670036,0.02670033,0.02670027,0.02670028,0.02670023,0.02670019,0.02670015,0.02670018,0.02670011,0.02670007,0.02670007,0.02670004,0.02669997,0.02669998,0.02669996,0.02669993,0.02669988,0.02669987,0.02669988,0.02669982,0.02669981,0.0266998,0.02669974,0.02669971,0.02669973,0.02669971,0.02669967,0.02669965,0.02669968,0.02669962,0.0266996,0.02669956,0.02669957,0.02669954,0.0266995,0.02669949,0.02669947,0.0266995,0.02669944,0.02669942,0.02669941,0.02669945,0.02669939,0.02669937,0.02669933,0.02669934,0.02669934,0.02669936,0.02669928,0.02669928,0.02669933,0.02669925,0.02669923
387,,,,,,,,,0.06990936,0.04179036,0.04623805,0.03929727,0.03463688,0.03088655,0.0285786,0.02735018,0.02685566,0.02665816,0.02651928,0.02663047,0.02670954,0.02671865,0.02671528,0.02671107,0.02670748,0.02670556,0.02670467,0.02670394,0.02670312,0.02670259,0.02670218,0.02670164,0.02670112,0.02670069,0.02670029,0.02669999,0.02669972,0.02669949,0.02669929,0.0266991,0.02669895,0.02669885,0.02669871,0.02669859,0.02669851,0.02669841,0.02669835,0.02669826,0.02669819,0.02669814,0.02669807,0.02669802,0.02669798,0.02669794,0.02669789,0.02669784,0.02669781,0.0266978,0.02669774,0.02669771,0.02669767,0.02669766,0.02669765,0.02669763,0.02669763,0.02669765,0.02669764,0.02669757,0.0266975,0.02669747,0.02669747,0.02669743,0.02669742,0.02669743,0.0266974,0.02669738,0.02669739,0.02669736,0.02669737,0.02669735,0.02669734,0.02669733,0.02669733,0.0266973,0.0266973,0.02669733,0.0266973,0.02669729,0.02669729,0.02669729,0.02669729,0.02669726,0.02669726,0.02669726,0.02669726,0.02669726,0.02669725,0.02669725,0.02669724,0.02669725,0.02669724,0.02669724,0.02669724,0.02669724,0.02669724,0.02669723,0.02669723,0.02669725,0.02669724,0.02669723,0.02669725,0.02669724,0.02669723,0.02669724,0.02669725,0.02669724,0.02669723,0.02669723,0.02669726,0.02669723,0.02669725,0.02669725,0.02669724,0.02669723,0.02669725,0.02669726,0.02669725,0.02669725,0.02669728,0.02669726,0.02669726,0.02669724,0.02669727,0.02669727,0.02669726,0.02669726,0.02669726,0.02669728,0.02669726,0.02669727,0.02669727,0.0266973,0.02669729,0.02669728,0.02669727,0.02669729,0.0266973,0.02669732,0.02669729,0.0266973,0.02669733,0.0266973,0.0266973
388,,,,,,,,,3570.054,2424.672,1702.169,1145.396,847.062,674.682,588.7466,550.4947,535.8919,530.8972,528.5911,528.8453,529.0855,528.7641,528.4381,528.2008,528.0231,527.892,527.7918,527.7097,527.6383,527.5793,527.5287,527.4832,527.4429,527.4078,527.3762,527.3482,527.3225,527.2991,527.2776,527.2573,527.2391,527.2227,527.2064,527.1915,527.1776,527.1644,527.1525,527.1407,527.1291,527.119,527.1088,527.0994,527.0905,527.0819,527.0736,527.0656,527.0582,527.0514,527.0441,527.0376,527.0304,527.025,527.0192,527.0136,527.0081,527.0028,526.9977,526.9927,526.9875,526.983,526.979,526.9744,526.9701,526.9664,526.9621,526.9582,526.955,526.9509,526.9479,526.9444,526.9408,526.9377,526.9347,526.9313,526.9283,526.9261,526.9228,526.9202,526.9173,526.9148,526.9124,526.9095,526.907,526.9048,526.9024,526.9003,526.8978,526.8957,526.8934,526.8916,526.8893,526.8874,526.8852,526.8836,526.8816,526.8798,526.878,526.8767,526.8745,526.8727,526.8714,526.8696,526.8677,526.8664,526.8649,526.8633,526.8614,526.8602,526.8591,526.8572,526.8561,526.8548,526.8532,526.8516,526.8508,526.8496,526.8481,526.8468,526.846,526.8445,526.8433,526.8418,526.841,526.8397,526.8384,526.8374,526.8362,526.8356,526.8341,526.8332,526.832,526.8316,526.8303,526.8292,526.828,526.8274,526.8268,526.826,526.8244,526.8236,526.8235,526.8217,526.8208
389,,,,,,,,,3417.549,2251.982,1624.032,1116.718,833.4353,674.7895,596.5421,561.8424,549.1593,545.4576,544.3221,545.1715,545.6595,545.5514,545.4249,545.3713,545.3624,545.3847,545.4232,545.4665,545.5092,545.5537,545.5972,545.6378,545.6762,545.7135,545.7484,545.7816,545.8126,545.8415,545.8687,545.8936,545.9175,545.9403,545.9608,545.9802,545.9987,546.0159,546.0326,546.0476,546.0617,546.0757,546.0883,546.1006,546.1123,546.1232,546.1336,546.1434,546.1529,546.1624,546.1705,546.1788,546.186,546.1942,546.2015,546.2085,546.2151,546.2214,546.2274,546.2331,546.2383,546.2438,546.2494,546.2542,546.259,546.2639,546.2681,546.2724,546.2771,546.2807,546.2851,546.2888,546.2921,546.2959,546.2994,546.3024,546.3057,546.3095,546.3121,546.3152,546.3179,546.3209,546.3237,546.326,546.3285,546.3312,546.3336,546.3361,546.3382,546.3406,546.3426,546.345,546.3469,546.3491,546.3509,546.3531,546.3549,546.3568,546.3586,546.3609,546.3622,546.3638,546.3658,546.3673,546.3685,546.3704,546.372,546.3734,546.3745,546.3762,546.3779,546.3788,546.3804,546.3818,546.3829,546.3839,546.3856,546.3869,546.3879,546.389,546.3906,546.3915,546.3925,546.3933,546.3948,546.3957,546.3965,546.3975,546.3985,546.3999,546.4005,546.4015,546.4023,546.4038,546.4043,546.4052,546.4058,546.407,546.4082,546.4091,546.4093,546.4102,546.4117,546.4116,546.4124
390,,,,,,,,,12102.65,12839.89,8556.205,6504.994,5290.662,4652.045,4382.146,4297.429,4270.933,4266.067,4268.544,4245.765,4225.302,4214.994,4210.629,4208.807,4207.848,4207.131,4206.529,4206.026,4205.598,4205.239,4204.923,4204.657,4204.43,4204.24,4204.068,4203.915,4203.769,4203.632,4203.506,4203.38,4203.275,4203.177,4203.076,4202.981,4202.898,4202.815,4202.747,4202.67,4202.596,4202.538,4202.473,4202.416,4202.365,4202.311,4202.258,4202.211,4202.168,4202.131,4202.08,4202.045,4201.998,4201.976,4201.94,4201.909,4201.875,4201.833,4201.801,4201.781,4201.751,4201.73,4201.71,4201.68,4201.656,4201.639,4201.61,4201.588,4201.577,4201.547,4201.536,4201.515,4201.494,4201.479,4201.464,4201.44,4201.428,4201.422,4201.398,4201.388,4201.37,4201.357,4201.346,4201.327,4201.315,4201.305,4201.29,4201.282,4201.268,4201.257,4201.239,4201.238,4201.226,4201.216,4201.202,4201.198,4201.186,4201.176,4201.165,4201.166,4201.15,4201.141,4201.135,4201.126,4201.114,4201.111,4201.104,4201.095,4201.083,4201.079,4201.077,4201.062,4201.062,4201.055,4201.044,4201.034,4201.037,4201.03,4201.019,4201.013,4201.017,4201.003,4200.997,4200.986,4200.99,4200.979,4200.973,4200.966,4200.964,4200.964,4200.953,4200.946,4200.943,4200.95,4200.936,4200.929,4200.921,4200.923,4200.922,4200.921,4200.906,4200.903,4200.912,4200.894,4200.889
391,,,,,,,,,18124.74,17598.41,12888.39,9547.593,7399.199,6287.021,5779.266,5596.907,5523.209,5506.076,5507.446,5472.808,5446.371,5435.613,5430.8,5428.323,5426.809,5425.614,5424.633,5423.893,5423.347,5422.914,5422.567,5422.324,5422.143,5422.006,5421.89,5421.793,5421.71,5421.637,5421.571,5421.51,5421.461,5421.416,5421.372,5421.335,5421.3,5421.27,5421.242,5421.214,5421.189,5421.168,5421.146,5421.126,5421.108,5421.092,5421.075,5421.061,5421.047,5421.036,5421.021,5421.01,5420.997,5420.992,5420.984,5420.974,5420.958,5420.938,5420.926,5420.93,5420.931,5420.928,5420.921,5420.912,5420.905,5420.9,5420.891,5420.886,5420.882,5420.877,5420.874,5420.868,5420.864,5420.861,5420.857,5420.851,5420.848,5420.85,5420.843,5420.84,5420.839,5420.836,5420.833,5420.83,5420.828,5420.828,5420.824,5420.823,5420.822,5420.821,5420.818,5420.817,5420.815,5420.817,5420.813,5420.813,5420.812,5420.814,5420.813,5420.813,5420.811,5420.812,5420.811,5420.81,5420.809,5420.811,5420.81,5420.811,5420.807,5420.81,5420.809,5420.808,5420.812,5420.812,5420.812,5420.809,5420.812,5420.812,5420.812,5420.812,5420.814,5420.814,5420.814,5420.813,5420.816,5420.815,5420.816,5420.816,5420.816,5420.818,5420.818,5420.819,5420.819,5420.823,5420.821,5420.824,5420.823,5420.826,5420.828,5420.828,5420.827,5420.828,5420.831,5420.829,5420.828
392,,,,,,,,,0.0,0.0,0.0,0.0,0.0,0.0,0.0,0.0,0.0,0.0,0.0,0.0,0.0,0.0,0.0,0.0,0.0,0.0,0.0,0.0,0.0,0.0,0.0,0.0,0.0,0.0,0.0,0.0,0.0,0.0,0.0,0.0,0.0,0.0,0.0,0.0,0.0,0.0,0.0,0.0,0.0,0.0,0.0,0.0,0.0,0.0,0.0,0.0,0.0,0.0,0.0,0.0,0.0,0.0,0.0,0.0,0.0,0.0,0.0,0.0,0.0,0.0,0.0,0.0,0.0,0.0,0.0,0.0,0.0,0.0,0.0,0.0,0.0,0.0,0.0,0.0,0.0,0.0,0.0,0.0,0.0,0.0,0.0,0.0,0.0,0.0,0.0,0.0,0.0,0.0,0.0,0.0,0.0,0.0,0.0,0.0,0.0,0.0,0.0,0.0,0.0,0.0,0.0,0.0,0.0,0.0,0.0,0.0,0.0,0.0,0.0,0.0,0.0,0.0,0.0,0.0,0.0,0.0,0.0,0.0,0.0,0.0,0.0,0.0,0.0,0.0,0.0,0.0,0.0,0.0,0.0,0.0,0.0,0.0,0.0,0.0,0.0,0.0,0.0,0.0,0.0,0.0,0.0,0.0,0.0
393,,,,,,,,,0.0,0.0,0.0,0.0,0.0,0.0,0.0,0.0,0.0,0.0,0.0,0.0,0.0,0.0,0.0,0.0,0.0,0.0,0.0,0.0,0.0,0.0,0.0,0.0,0.0,0.0,0.0,0.0,0.0,0.0,0.0,0.0,0.0,0.0,0.0,0.0,0.0,0.0,0.0,0.0,0.0,0.0,0.0,0.0,0.0,0.0,0.0,0.0,0.0,0.0,0.0,0.0,0.0,0.0,0.0,0.0,0.0,0.0,0.0,0.0,0.0,0.0,0.0,0.0,0.0,0.0,0.0,0.0,0.0,0.0,0.0,0.0,0.0,0.0,0.0,0.0,0.0,0.0,0.0,0.0,0.0,0.0,0.0,0.0,0.0,0.0,0.0,0.0,0.0,0.0,0.0,0.0,0.0,0.0,0.0,0.0,0.0,0.0,0.0,0.0,0.0,0.0,0.0,0.0,0.0,0.0,0.0,0.0,0.0,0.0,0.0,0.0,0.0,0.0,0.0,0.0,0.0,0.0,0.0,0.0,0.0,0.0,0.0,0.0,0.0,0.0,0.0,0.0,0.0,0.0,0.0,0.0,0.0,0.0,0.0,0.0,0.0,0.0,0.0,0.0,0.0,0.0,0.0,0.0,0.0
394,,,,,,,,,0.0,0.0,0.0,0.0,0.0,0.0,0.0,0.0,0.0,0.0,0.0,0.0,0.0,0.0,0.0,0.0,0.0,0.0,0.0,0.0,0.0,0.0,0.0,0.0,0.0,0.0,0.0,0.0,0.0,0.0,0.0,0.0,0.0,0.0,0.0,0.0,0.0,0.0,0.0,0.0,0.0,0.0,0.0,0.0,0.0,0.0,0.0,0.0,0.0,0.0,0.0,0.0,0.0,0.0,0.0,0.0,0.0,0.0,0.0,0.0,0.0,0.0,0.0,0.0,0.0,0.0,0.0,0.0,0.0,0.0,0.0,0.0,0.0,0.0,0.0,0.0,0.0,0.0,0.0,0.0,0.0,0.0,0.0,0.0,0.0,0.0,0.0,0.0,0.0,0.0,0.0,0.0,0.0,0.0,0.0,0.0,0.0,0.0,0.0,0.0,0.0,0.0,0.0,0.0,0.0,0.0,0.0,0.0,0.0,0.0,0.0,0.0,0.0,0.0,0.0,0.0,0.0,0.0,0.0,0.0,0.0,0.0,0.0,0.0,0.0,0.0,0.0,0.0,0.0,0.0,0.0,0.0,0.0,0.0,0.0,0.0,0.0,0.0,0.0,0.0,0.0,0.0,0.0,0.0,0.0
395,,,,,,,,,0.0,0.0,0.0,0.0,0.0,0.0,0.0,0.0,0.0,0.0,0.0,0.0,0.0,0.0,0.0,0.0,0.0,0.0,0.0,0.0,0.0,0.0,0.0,0.0,0.0,0.0,0.0,0.0,0.0,0.0,0.0,0.0,0.0,0.0,0.0,0.0,0.0,0.0,0.0,0.0,0.0,0.0,0.0,0.0,0.0,0.0,0.0,0.0,0.0,0.0,0.0,0.0,0.0,0.0,0.0,0.0,0.0,0.0,0.0,0.0,0.0,0.0,0.0,0.0,0.0,0.0,0.0,0.0,0.0,0.0,0.0,0.0,0.0,0.0,0.0,0.0,0.0,0.0,0.0,0.0,0.0,0.0,0.0,0.0,0.0,0.0,0.0,0.0,0.0,0.0,0.0,0.0,0.0,0.0,0.0,0.0,0.0,0.0,0.0,0.0,0.0,0.0,0.0,0.0,0.0,0.0,0.0,0.0,0.0,0.0,0.0,0.0,0.0,0.0,0.0,0.0,0.0,0.0,0.0,0.0,0.0,0.0,0.0,0.0,0.0,0.0,0.0,0.0,0.0,0.0,0.0,0.0,0.0,0.0,0.0,0.0,0.0,0.0,0.0,0.0,0.0,0.0,0.0,0.0,0.0
396,,,,,,,,,-72.26468,-63.87437,-68.85202,-68.29001,-67.70732,-66.89814,-66.12727,-65.51958,-65.11701,-64.85668,-64.68539,-64.6297,-64.60775,-64.58856,-64.577,-64.57144,-64.56913,-64.56838,-64.56822,-64.56824,-64.56823,-64.5682,-64.5682,-64.56817,-64.56813,-64.56811,-64.5681,-64.5681,-64.56809,-64.56808,-64.56807,-64.56805,-64.56803,-64.568,-64.56798,-64.56794,-64.56792,-64.56789,-64.56787,-64.56784,-64.56781,-64.56779,-64.56776,-64.56773,-64.56771,-64.56768,-64.56765,-64.56763,-64.56761,-64.56759,-64.56756,-64.56754,-64.56751,-64.56746,-64.56733,-64.56724,-64.56722,-64.56722,-64.56722,-64.56721,-64.56722,-64.56725,-64.56727,-64.56728,-64.56727,-64.56726,-64.56724,-64.56723,-64.56722,-64.56719,-64.56718,-64.56716,-64.56715,-64.56713,-64.56712,-64.56709,-64.56709,-64.56707,-64.56705,-64.56704,-64.56703,-64.56701,-64.567,-64.56699,-64.56697,-64.56696,-64.56695,-64.56694,-64.56692,-64.56691,-64.56689,-64.56689,-64.56688,-64.56686,-64.56685,-64.56684,-64.56683,-64.56682,-64.56681,-64.5668,-64.56679,-64.56678,-64.56677,-64.56676,-64.56675,-64.56674,-64.56673,-64.56672,-64.56671,-64.5667,-64.5667,-64.56668,-64.56668,-64.56667,-64.56666,-64.56665,-64.56665,-64.56663,-64.56662,-64.56662,-64.56662,-64.5666,-64.56659,-64.56658,-64.56658,-64.56657,-64.56656,-64.56656,-64.56655,-64.56655,-64.56654,-64.56653,-64.56653,-64.56653,-64.56651,-64.5665,-64.5665,-64.56649,-64.56649,-64.56648,-64.56647,-64.56647,-64.56647,-64.56646,-64.56645
397,,,,,,,,,-80.47085,-73.92143,-80.71527,-81.74459,-82.36017,-82.27221,-81.84394,-81.35268,-80.99292,-80.74073,-80.54663,-80.52176,-80.52759,-80.51847,-80.51069,-80.5067,-80.5051,-80.50496,-80.50537,-80.50585,-80.50616,-80.50642,-80.50667,-80.50681,-80.5069,-80.50699,-80.50707,-80.50716,-80.50723,-80.5073,-80.50736,-80.50741,-80.50746,-80.5075,-80.50754,-80.50757,-80.5076,-80.50763,-80.50766,-80.50769,-80.50771,-80.50773,-80.50775,-80.50777,-80.50779,-80.50781,-80.50782,-80.50784,-80.50785,-80.50786,-80.50787,-80.50789,-80.50789,-80.50787,-80.50777,-80.50771,-80.50772,-80.50777,-80.5078,-80.50782,-80.50784,-80.50789,-80.50794,-80.50797,-80.50799,-80.508,-80.508,-80.50801,-80.50802,-80.50802,-80.50803,-80.50803,-80.50804,-80.50804,-80.50805,-80.50804,-80.50805,-80.50806,-80.50806,-80.50806,-80.50806,-80.50807,-80.50807,-80.50807,-80.50807,-80.50807,-80.50808,-80.50808,-80.50808,-80.50808,-80.50808,-80.50809,-80.50809,-80.50809,-80.50809,-80.50809,-80.50809,-80.50809,-80.50809,-80.5081,-80.5081,-80.5081,-80.5081,-80.5081,-80.5081,-80.5081,-80.5081,-80.5081,-80.5081,-80.5081,-80.50811,-80.50811,-80.50811,-80.50811,-80.50811,-80.50811,-80.50811,-80.50811,-80.50811,-80.50811,-80.50811,-80.50811,-80.50811,-80.50811,-80.50811,-80.50811,-80.50811,-80.50811,-80.50811,-80.50812,-80.50811,-80.50811,-80.50811,-80.50812,-80.50812,-80.50811,-80.50811,-80.50812,-80.50811,-80.50812,-80.50811,-80.50812,-80.50812,-80.50812,-80.50812
398,,,,,,,,,-80.96693,-74.68009,-81.36571,-82.32264,-82.89944,-82.77537,-82.33109,-81.83403,-81.47262,-81.22041,-81.02621,-81.00031,-81.00529,-80.99558,-80.98754,-80.98345,-80.98182,-80.98165,-80.98205,-80.9825,-80.9828,-80.98304,-80.98328,-80.98341,-80.98349,-80.98357,-80.98364,-80.98372,-80.98378,-80.98385,-80.9839,-80.98394,-80.98398,-80.98402,-80.98405,-80.98407,-80.9841,-80.98412,-80.98415,-80.98417,-80.98418,-80.98421,-80.98422,-80.98423,-80.98425,-80.98426,-80.98427,-80.98428,-80.98429,-80.9843,-80.98431,-80.98432,-80.98432,-80.9843,-80.9842,-80.98413,-80.98414,-80.98418,-80.98422,-80.98423,-80.98425,-80.9843,-80.98435,-80.98437,-80.98439,-80.9844,-80.9844,-80.98441,-80.98442,-80.98442,-80.98442,-80.98443,-80.98443,-80.98443,-80.98443,-80.98443,-80.98444,-80.98444,-80.98444,-80.98444,-80.98444,-80.98444,-80.98445,-80.98445,-80.98445,-80.98445,-80.98445,-80.98445,-80.98445,-80.98445,-80.98445,-80.98445,-80.98446,-80.98445,-80.98445,-80.98446,-80.98446,-80.98445,-80.98445,-80.98446,-80.98446,-80.98446,-80.98446,-80.98446,-80.98446,-80.98446,-80.98446,-80.98446,-80.98446,-80.98446,-80.98446,-80.98446,-80.98446,-80.98446,-80.98446,-80.98446,-80.98446,-80.98446,-80.98446,-80.98446,-80.98446,-80.98446,-80.98446,-80.98446,-80.98446,-80.98446,-80.98446,-80.98446,-80.98446,-80.98446,-80.98446,-80.98446,-80.98446,-80.98446,-80.98446,-80.98446,-80.98445,-80.98446,-80.98446,-80.98446,-80.98445,-80.98445,-80.98446,-80.98445,-80.98445
399,,,,,,,,,-88.19355,-81.72464,-89.3275,-90.14299,-90.63586,-90.40295,-89.88741,-89.35768,-88.98174,-88.72584,-88.52866,-88.49934,-88.50312,-88.49284,-88.48461,-88.48054,-88.47896,-88.47885,-88.47928,-88.47977,-88.48009,-88.48034,-88.4806,-88.48074,-88.48083,-88.48092,-88.481,-88.48108,-88.48115,-88.48122,-88.48128,-88.48132,-88.48136,-88.4814,-88.48143,-88.48145,-88.48148,-88.4815,-88.48153,-88.48155,-88.48156,-88.48158,-88.48159,-88.48161,-88.48162,-88.48163,-88.48164,-88.48165,-88.48165,-88.48167,-88.48167,-88.48168,-88.48168,-88.48165,-88.48155,-88.48148,-88.48149,-88.48153,-88.48156,-88.48157,-88.48159,-88.48163,-88.48168,-88.4817,-88.48172,-88.48173,-88.48173,-88.48173,-88.48174,-88.48173,-88.48174,-88.48174,-88.48174,-88.48174,-88.48174,-88.48173,-88.48174,-88.48174,-88.48174,-88.48174,-88.48174,-88.48174,-88.48174,-88.48174,-88.48174,-88.48173,-88.48174,-88.48174,-88.48174,-88.48173,-88.48173,-88.48173,-88.48173,-88.48173,-88.48173,-88.48173,-88.48173,-88.48172,-88.48172,-88.48173,-88.48172,-88.48172,-88.48172,-88.48172,-88.48172,-88.48172,-88.48172,-88.48172,-88.48171,-88.48171,-88.48172,-88.48171,-88.48171,-88.48171,-88.48171,-88.4817,-88.48171,-88.48171,-88.4817,-88.4817,-88.48171,-88.4817,-88.4817,-88.48169,-88.4817,-88.4817,-88.48169,-88.48169,-88.48169,-88.4817,-88.48169,-88.48169,-88.48169,-88.48169,-88.48169,-88.48168,-88.48168,-88.48169,-88.48168,-88.48169,-88.48168,-88.48168,-88.48169,-88.48168,-88.48168
400,,,,,,,,,0.656312,0.4111084,0.6314708,0.6808163,0.7188955,0.7254701,0.7187648,0.7097358,0.7044118,0.7017701,0.6994872,0.7004426,0.7015345,0.7017499,0.7017541,0.7017364,0.7017131,0.7017017,0.7017001,0.7016999,0.7016961,0.7016948,0.7016945,0.701692,0.7016884,0.7016857,0.7016833,0.7016818,0.7016799,0.7016786,0.7016776,0.7016764,0.7016759,0.7016757,0.7016751,0.7016746,0.7016744,0.7016742,0.7016745,0.7016745,0.7016737,0.7016744,0.7016742,0.7016745,0.7016747,0.7016749,0.7016747,0.701675,0.7016753,0.7016759,0.7016756,0.7016762,0.7016755,0.7016766,0.7016764,0.7016769,0.7016775,0.7016782,0.7016789,0.701679,0.701678,0.7016781,0.7016788,0.7016789,0.7016791,0.7016799,0.7016796,0.7016799,0.7016809,0.7016804,0.7016812,0.7016815,0.7016813,0.7016818,0.7016823,0.701682,0.7016824,0.7016834,0.701683,0.7016839,0.7016836,0.701684,0.7016845,0.7016845,0.7016846,0.7016849,0.7016851,0.7016856,0.7016856,0.7016859,0.7016856,0.7016866,0.7016867,0.7016869,0.7016868,0.7016876,0.7016876,0.7016877,0.7016877,0.7016887,0.7016884,0.7016885,0.7016889,0.7016892,0.7016889,0.7016896,0.7016898,0.7016899,0.7016898,0.7016902,0.7016908,0.7016905,0.7016909,0.7016912,0.7016909,0.7016909,0.7016917,0.7016919,0.7016917,0.7016918,0.7016928,0.7016924,0.7016924,0.7016923,0.7016929,0.7016929,0.7016929,0.701693,0.7016931,0.701694,0.7016936,0.7016936,0.7016937,0.7016948,0.7016943,0.7016942,0.701694,0.7016946,0.7016948,0.7016955,0.7016946,0.701695,0.701696,0.7016952,0.7016951
401,,,,,,,,,0.3910678,0.1738614,0.2711157,0.2683102,0.265433,0.2519943,0.2396795,0.2312242,0.227462,0.225677,0.2243315,0.225673,0.2266886,0.2269061,0.2269377,0.2269327,0.2269201,0.2269175,0.2269209,0.2269228,0.2269213,0.226921,0.2269206,0.226918,0.2269146,0.2269117,0.2269088,0.2269067,0.2269045,0.2269027,0.2269012,0.2268997,0.2268985,0.2268976,0.2268965,0.2268954,0.2268946,0.2268938,0.2268932,0.2268925,0.2268917,0.2268913,0.2268907,0.2268903,0.2268898,0.2268894,0.2268889,0.2268885,0.2268881,0.226888,0.2268874,0.2268872,0.2268866,0.2268866,0.2268863,0.2268863,0.2268862,0.2268865,0.2268865,0.2268858,0.2268848,0.2268845,0.2268845,0.2268843,0.2268841,0.2268841,0.2268838,0.2268837,0.2268837,0.2268834,0.2268834,0.2268833,0.2268831,0.226883,0.226883,0.2268827,0.2268827,0.2268828,0.2268825,0.2268826,0.2268823,0.2268824,0.2268823,0.2268822,0.226882,0.226882,0.2268819,0.226882,0.2268818,0.2268817,0.2268815,0.2268817,0.2268816,0.2268815,0.2268814,0.2268815,0.2268814,0.2268812,0.2268812,0.2268814,0.2268812,0.2268811,0.2268812,0.2268811,0.2268809,0.226881,0.226881,0.2268809,0.2268808,0.2268808,0.2268809,0.2268807,0.2268807,0.2268808,0.2268805,0.2268805,0.2268806,0.2268806,0.2268805,0.2268804,0.2268807,0.2268805,0.2268804,0.2268803,0.2268804,0.2268804,0.2268802,0.2268802,0.2268802,0.2268804,0.2268801,0.2268801,0.2268801,0.2268804,0.2268801,0.22688,0.2268799,0.22688,0.22688,0.2268802,0.2268798,0.2268799,0.2268802,0.2268799,0.2268798
402,,,,,,,,,0.3843252,0.1652781,0.2611558,0.2577031,0.2557892,0.2436599,0.232139,0.2242406,0.2208187,0.219248,0.2180461,0.2194147,0.2204475,0.2206829,0.2207266,0.2207305,0.2207251,0.2207281,0.2207359,0.2207415,0.2207433,0.2207457,0.2207476,0.220747,0.2207454,0.2207439,0.2207424,0.2207413,0.2207401,0.2207392,0.2207383,0.2207375,0.2207368,0.2207363,0.2207357,0.220735,0.2207346,0.220734,0.2207337,0.2207333,0.2207327,0.2207325,0.220732,0.2207317,0.2207315,0.2207312,0.2207308,0.2207305,0.2207302,0.2207302,0.2207297,0.2207296,0.2207291,0.2207291,0.2207289,0.2207289,0.2207289,0.2207292,0.2207292,0.2207285,0.2207277,0.2207274,0.2207274,0.2207272,0.220727,0.2207271,0.2207268,0.2207267,0.2207268,0.2207265,0.2207265,0.2207264,0.2207262,0.2207262,0.2207261,0.2207259,0.2207258,0.220726,0.2207257,0.2207258,0.2207256,0.2207256,0.2207256,0.2207254,0.2207253,0.2207252,0.2207252,0.2207252,0.2207251,0.220725,0.2207248,0.220725,0.2207249,0.2207248,0.2207247,0.2207248,0.2207247,0.2207246,0.2207245,0.2207247,0.2207245,0.2207244,0.2207245,0.2207245,0.2207242,0.2207244,0.2207244,0.2207243,0.2207242,0.2207242,0.2207243,0.2207241,0.2207241,0.2207241,0.2207239,0.2207239,0.220724,0.220724,0.2207239,0.2207238,0.2207241,0.2207238,0.2207238,0.2207237,0.2207238,0.2207237,0.2207236,0.2207236,0.2207236,0.2207238,0.2207235,0.2207235,0.2207235,0.2207238,0.2207235,0.2207234,0.2207233,0.2207234,0.2207234,0.2207236,0.2207233,0.2207233,0.2207236,0.2207233,0.2207232
403,,,,,,,,,0.2119713,0.1091141,0.1610047,0.1741321,0.1848469,0.182672,0.1775813,0.1729656,0.170967,0.1699151,0.1688989,0.1703986,0.1715212,0.1718172,0.1718968,0.1719205,0.1719277,0.1719394,0.1719538,0.1719642,0.1719699,0.1719751,0.1719795,0.1719807,0.1719808,0.1719805,0.1719801,0.17198,0.1719798,0.1719796,0.1719796,0.1719794,0.1719794,0.1719796,0.1719795,0.1719794,0.1719795,0.1719794,0.1719796,0.1719795,0.1719795,0.1719796,0.1719795,0.1719796,0.1719796,0.1719796,0.1719796,0.1719796,0.1719796,0.1719797,0.1719796,0.1719797,0.1719796,0.1719797,0.1719797,0.1719798,0.1719801,0.1719806,0.1719808,0.1719803,0.1719797,0.1719795,0.1719797,0.1719796,0.1719796,0.1719798,0.1719797,0.1719797,0.1719798,0.1719797,0.1719798,0.1719798,0.1719798,0.1719798,0.1719799,0.1719797,0.1719798,0.1719799,0.1719798,0.1719799,0.1719798,0.1719799,0.1719799,0.1719798,0.1719798,0.1719798,0.1719799,0.1719799,0.1719798,0.1719798,0.1719798,0.1719799,0.1719799,0.1719798,0.1719798,0.1719799,0.1719799,0.1719798,0.1719798,0.1719799,0.1719798,0.1719798,0.1719799,0.1719798,0.1719797,0.1719798,0.1719799,0.1719798,0.1719798,0.1719797,0.1719799,0.1719797,0.1719798,0.1719798,0.1719797,0.1719797,0.1719798,0.1719798,0.1719798,0.1719797,0.1719799,0.1719797,0.1719798,0.1719796,0.1719798,0.1719797,0.1719796,0.1719796,0.1719797,0.1719798,0.1719796,0.1719796,0.1719797,0.1719798,0.1719797,0.1719796,0.1719796,0.1719796,0.1719796,0.1719797,0.1719796,0.1719796,0.1719798,0.1719796,0.1719796
404,,,,,,,,,3820129.0,6008051.0,5523809.0,5783224.0,6015906.0,6254037.0,6414489.0,6498328.0,6530813.0,6545290.0,6538801.0,6526635.0,6522880.0,6522621.0,6522808.0,6523030.0,6523154.0,6523200.0,6523240.0,6523312.0,6523385.0,6523461.0,6523550.0,6523648.0,6523739.0,6523828.0,6523909.0,6523985.0,6524052.0,6524121.0,6524183.0,6524244.0,6524300.0,6524356.0,6524406.0,6524462.0,6524505.0,6524556.0,6524598.0,6524645.0,6524680.0,6524723.0,6524762.0,6524799.0,6524832.0,6524871.0,6524904.0,6524936.0,6524967.0,6524998.0,6525030.0,6525059.0,6525083.0,6525108.0,6525132.0,6525153.0,6525175.0,6525202.0,6525229.0,6525260.0,6525284.0,6525303.0,6525325.0,6525347.0,6525366.0,6525386.0,6525405.0,6525425.0,6525444.0,6525463.0,6525481.0,6525501.0,6525515.0,6525531.0,6525549.0,6525566.0,6525577.0,6525598.0,6525612.0,6525628.0,6525641.0,6525655.0,6525669.0,6525685.0,6525697.0,6525710.0,6525724.0,6525735.0,6525748.0,6525763.0,6525775.0,6525785.0,6525795.0,6525811.0,6525819.0,6525831.0,6525842.0,6525857.0,6525866.0,6525875.0,6525886.0,6525896.0,6525906.0,6525917.0,6525925.0,6525936.0,6525944.0,6525955.0,6525961.0,6525973.0,6525980.0,6525991.0,6525996.0,6526007.0,6526016.0,6526021.0,6526030.0,6526041.0,6526048.0,6526055.0,6526060.0,6526072.0,6526078.0,6526085.0,6526089.0,6526098.0,6526106.0,6526113.0,6526116.0,6526126.0,6526135.0,6526139.0,6526142.0,6526150.0,6526160.0,6526165.0,6526168.0,6526177.0,6526182.0,6526189.0,6526193.0,6526199.0,6526206.0,6526211.0,6526211.0
405,,,,,,,,,1147264.0,1144072.0,933579.4,772242.8,671359.0,619806.3,596485.0,588043.9,584834.6,584160.2,584322.4,582573.7,581232.8,580692.6,580476.6,580386.7,580341.6,580307.0,580277.9,580256.4,580241.3,580229.7,580220.5,580214.9,580211.3,580209.1,580207.2,580205.8,580204.4,580203.0,580201.7,580200.2,580199.2,580198.3,580197.0,580196.0,580195.0,580194.1,580193.4,580192.4,580191.4,580190.8,580189.9,580189.1,580188.5,580187.8,580187.1,580186.5,580186.0,580185.6,580184.8,580184.3,580183.5,580183.5,580183.1,580182.7,580181.9,580180.8,580180.2,580180.4,580180.3,580180.2,580180.0,580179.4,580179.1,580178.9,580178.4,580178.1,580178.0,580177.5,580177.5,580177.2,580176.9,580176.7,580176.6,580176.1,580176.0,580176.1,580175.7,580175.6,580175.4,580175.2,580175.1,580174.8,580174.7,580174.6,580174.4,580174.3,580174.2,580174.1,580173.8,580173.9,580173.7,580173.7,580173.4,580173.4,580173.3,580173.3,580173.1,580173.2,580173.0,580172.9,580172.9,580172.7,580172.6,580172.6,580172.5,580172.5,580172.2,580172.3,580172.3,580172.0,580172.2,580172.1,580172.0,580171.8,580172.0,580171.9,580171.7,580171.7,580171.8,580171.6,580171.5,580171.3,580171.5,580171.4,580171.3,580171.2,580171.2,580171.3,580171.1,580171.1,580171.0,580171.3,580171.0,580171.0,580170.8,580171.0,580171.1,580171.1,580170.8,580170.8,580171.1,580170.7,580170.6
406,,,,,,,,,1064693.0,1006070.0,843434.8,703770.6,615507.3,570643.0,550230.3,542712.4,539785.5,539132.0,539240.8,537747.1,536620.1,536180.4,536005.2,535930.6,535892.6,535863.2,535838.6,535820.8,535808.7,535799.5,535792.4,535788.5,535786.3,535785.3,535784.5,535783.9,535783.4,535783.0,535782.5,535781.9,535781.6,535781.3,535780.8,535780.4,535780.1,535779.7,535779.5,535779.0,535778.6,535778.4,535778.0,535777.7,535777.5,535777.2,535776.9,535776.6,535776.4,535776.3,535775.9,535775.7,535775.3,535775.4,535775.3,535775.1,535774.6,535773.9,535773.5,535773.9,535774.0,535774.1,535774.0,535773.7,535773.5,535773.5,535773.2,535773.1,535773.1,535772.9,535772.9,535772.8,535772.6,535772.6,535772.6,535772.3,535772.3,535772.5,535772.2,535772.2,535772.2,535772.1,535772.1,535771.9,535771.9,535772.0,535771.8,535771.8,535771.8,535771.8,535771.7,535771.7,535771.6,535771.7,535771.6,535771.6,535771.6,535771.7,535771.6,535771.7,535771.6,535771.6,535771.6,535771.5,535771.5,535771.6,535771.5,535771.5,535771.4,535771.5,535771.5,535771.4,535771.5,535771.5,535771.5,535771.3,535771.5,535771.5,535771.4,535771.4,535771.5,535771.5,535771.4,535771.3,535771.5,535771.4,535771.4,535771.3,535771.4,535771.4,535771.4,535771.4,535771.4,535771.5,535771.4,535771.4,535771.4,535771.5,535771.6,535771.6,535771.4,535771.5,535771.7,535771.4,535771.4
407,,,,,,,,,403689.9,380495.8,361880.5,345951.8,334022.5,328134.6,325578.9,324627.7,324260.7,324169.6,324174.8,324016.3,323888.3,323833.8,323808.7,323796.0,323788.5,323783.0,323778.7,323775.6,323773.5,323771.9,323770.7,323769.9,323769.4,323769.0,323768.8,323768.6,323768.4,323768.3,323768.2,323768.1,323768.0,323767.9,323767.9,323767.8,323767.8,323767.7,323767.7,323767.7,323767.6,323767.6,323767.6,323767.5,323767.5,323767.5,323767.5,323767.5,323767.5,323767.5,323767.5,323767.5,323767.5,323767.5,323767.5,323767.5,323767.5,323767.4,323767.4,323767.5,323767.5,323767.6,323767.6,323767.6,323767.6,323767.6,323767.6,323767.6,323767.6,323767.7,323767.7,323767.7,323767.7,323767.7,323767.8,323767.8,323767.8,323767.8,323767.8,323767.8,323767.9,323767.9,323767.9,323767.9,323767.9,323768.0,323768.0,323768.0,323768.0,323768.1,323768.1,323768.1,323768.1,323768.1,323768.1,323768.2,323768.2,323768.2,323768.2,323768.3,323768.3,323768.3,323768.3,323768.3,323768.3,323768.4,323768.4,323768.4,323768.4,323768.4,323768.5,323768.5,323768.5,323768.5,323768.5,323768.5,323768.6,323768.6,323768.6,323768.6,323768.6,323768.7,323768.7,323768.7,323768.7,323768.7,323768.7,323768.7,323768.8,323768.8,323768.8,323768.8,323768.8,323768.8,323768.8,323768.9,323768.9,323768.9,323768.9,323768.9,323768.9,323768.9,323769.0,323769.0,323769.0
408,,,,,,,,,88.59586,83.119,87.57239,87.298,86.96006,86.391,85.77437,85.24574,84.87353,84.62669,84.44936,84.38233,84.35687,84.33744,84.32606,84.32071,84.3185,84.3178,84.31768,84.31776,84.31782,84.31787,84.31795,84.31801,84.31805,84.31812,84.31818,84.31825,84.31831,84.31836,84.31841,84.31844,84.31848,84.3185,84.31853,84.31854,84.31856,84.31858,84.3186,84.31861,84.31861,84.31863,84.31864,84.31865,84.31866,84.31866,84.31867,84.31867,84.31868,84.31869,84.31869,84.31869,84.31869,84.31866,84.31856,84.31848,84.31849,84.31851,84.31853,84.31856,84.31859,84.31864,84.31868,84.3187,84.31871,84.31872,84.31872,84.31872,84.31873,84.31872,84.31873,84.31873,84.31873,84.31873,84.31873,84.31872,84.31873,84.31873,84.31873,84.31873,84.31873,84.31873,84.31873,84.31873,84.31872,84.31872,84.31872,84.31872,84.31872,84.31872,84.31872,84.31872,84.31872,84.31872,84.31872,84.31872,84.31872,84.31872,84.31871,84.31872,84.31872,84.31871,84.31871,84.31872,84.31871,84.31871,84.31871,84.31871,84.31871,84.31871,84.31871,84.31871,84.31871,84.31871,84.3187,84.3187,84.31871,84.31871,84.3187,84.3187,84.31871,84.3187,84.3187,84.3187,84.3187,84.3187,84.3187,84.3187,84.3187,84.3187,84.3187,84.31869,84.31869,84.3187,84.31869,84.31869,84.31869,84.31869,84.31869,84.31869,84.31869,84.31869,84.31869,84.31869,84.31868
409,,,,,,,,,88.65678,82.08866,87.51744,87.30258,87.01022,86.4066,85.73561,85.15416,84.75977,84.50027,84.30793,84.26409,84.25534,84.24033,84.2302,84.22523,84.22314,84.22262,84.22272,84.22296,84.22311,84.22323,84.22338,84.22347,84.22352,84.22358,84.22364,84.22371,84.22377,84.22383,84.22387,84.22391,84.22395,84.22398,84.224,84.22402,84.22404,84.22406,84.22408,84.2241,84.22411,84.22413,84.22413,84.22415,84.22416,84.22417,84.22417,84.22418,84.22419,84.2242,84.2242,84.22421,84.22421,84.22418,84.22408,84.22401,84.22402,84.22405,84.22408,84.2241,84.22412,84.22417,84.22421,84.22424,84.22425,84.22426,84.22426,84.22427,84.22428,84.22427,84.22428,84.22428,84.22428,84.22428,84.22428,84.22428,84.22428,84.22429,84.22428,84.22429,84.22429,84.22429,84.22429,84.22429,84.22429,84.22429,84.22429,84.22429,84.22429,84.22429,84.22429,84.22429,84.22429,84.22429,84.22429,84.2243,84.2243,84.22429,84.22429,84.2243,84.2243,84.22429,84.2243,84.2243,84.22429,84.2243,84.2243,84.2243,84.22429,84.22429,84.2243,84.2243,84.2243,84.2243,84.22429,84.22429,84.2243,84.2243,84.2243,84.22429,84.2243,84.2243,84.22429,84.22429,84.2243,84.2243,84.22429,84.22429,84.22429,84.2243,84.22429,84.22429,84.22429,84.2243,84.2243,84.22429,84.22429,84.22429,84.22429,84.2243,84.22429,84.22429,84.2243,84.22429,84.22429
410,,,,,,,,,88.65139,81.98433,87.49562,87.27848,86.98978,86.38676,85.71195,85.12782,84.73219,84.47231,84.27939,84.23593,84.22763,84.21274,84.20263,84.19767,84.19558,84.19507,84.19517,84.19542,84.19558,84.19571,84.19586,84.19595,84.196,84.19606,84.19613,84.1962,84.19626,84.19631,84.19636,84.1964,84.19643,84.19647,84.19649,84.19651,84.19654,84.19655,84.19658,84.19659,84.1966,84.19662,84.19663,84.19664,84.19665,84.19666,84.19667,84.19668,84.19668,84.19669,84.1967,84.1967,84.1967,84.19668,84.19657,84.19651,84.19651,84.19655,84.19657,84.19659,84.19662,84.19666,84.19671,84.19673,84.19675,84.19676,84.19676,84.19676,84.19677,84.19677,84.19677,84.19677,84.19677,84.19678,84.19678,84.19677,84.19678,84.19679,84.19678,84.19679,84.19678,84.19678,84.19679,84.19679,84.19678,84.19678,84.19679,84.19679,84.19679,84.19679,84.19678,84.19679,84.19679,84.19679,84.19679,84.19679,84.19679,84.19679,84.19679,84.19679,84.19679,84.19679,84.19679,84.19679,84.19679,84.19679,84.19679,84.19679,84.19679,84.19679,84.1968,84.19679,84.19679,84.1968,84.19679,84.19679,84.1968,84.19679,84.19679,84.19679,84.1968,84.19679,84.19679,84.19679,84.19679,84.19679,84.19679,84.19679,84.19679,84.1968,84.19679,84.19679,84.19679,84.1968,84.19679,84.19679,84.19679,84.19679,84.19679,84.19679,84.19679,84.19679,84.1968,84.19679,84.19679
411,,,,,,,,,88.42058,80.68615,87.21622,87.06897,86.81489,86.21316,85.53545,84.94505,84.54564,84.28392,84.08707,84.04761,84.0432,84.02942,84.01959,84.0147,84.01264,84.01218,84.01234,84.01263,84.01281,84.01296,84.01314,84.01323,84.01329,84.01335,84.01342,84.01349,84.01355,84.01361,84.01365,84.01369,84.01373,84.01376,84.01379,84.01381,84.01384,84.01385,84.01388,84.01389,84.0139,84.01392,84.01393,84.01395,84.01396,84.01397,84.01397,84.01398,84.01399,84.014,84.014,84.01401,84.01401,84.01399,84.01389,84.01382,84.01383,84.01386,84.01389,84.0139,84.01393,84.01397,84.01402,84.01404,84.01406,84.01407,84.01407,84.01407,84.01408,84.01408,84.01409,84.01409,84.01409,84.01409,84.01409,84.01409,84.01409,84.0141,84.01409,84.0141,84.0141,84.0141,84.0141,84.0141,84.0141,84.0141,84.0141,84.01411,84.01411,84.0141,84.0141,84.01411,84.01411,84.01411,84.0141,84.01411,84.01411,84.01411,84.01411,84.01411,84.01411,84.01411,84.01411,84.01411,84.01411,84.01411,84.01411,84.01411,84.01411,84.01411,84.01411,84.01411,84.01411,84.01411,84.01411,84.01411,84.01411,84.01411,84.01411,84.01411,84.01412,84.01411,84.01411,84.01411,84.01411,84.01411,84.01411,84.01411,84.01411,84.01412,84.01411,84.01411,84.01411,84.01412,84.01411,84.01411,84.01411,84.01411,84.01411,84.01411,84.01411,84.01411,84.01412,84.01411,84.01411
412,,,,,,,,,88.59586,76.21215,76.21215,76.21215,76.21215,76.21215,76.21215,76.21215,76.21215,76.21215,76.21215,76.21215,76.21215,76.21215,76.21215,76.21215,76.21215,76.21215,76.21215,76.21215,76.21215,76.21215,76.21215,76.21215,76.21215,76.21215,76.21215,76.21215,76.21215,76.21215,76.21215,76.21215,76.21215,76.21215,76.21215,76.21215,76.21215,76.21215,76.21215,76.21215,76.21215,76.21215,76.21215,76.21215,76.21215,76.21215,76.21215,76.21215,76.21215,76.21215,76.21215,76.21215,76.21215,76.21215,76.21215,76.21215,76.21215,76.21215,76.21215,76.21215,76.21215,76.21215,76.21215,76.21215,76.21215,76.21215,76.21215,76.21215,76.21215,76.21215,76.21215,76.21215,76.21215,76.21215,76.21215,76.21215,76.21215,76.21215,76.21215,76.21215,76.21215,76.21215,76.21215,76.21215,76.21215,76.21215,76.21215,76.21215,76.21215,76.21215,76.21215,76.21215,76.21215,76.21215,76.21215,76.21215,76.21215,76.21215,76.21215,76.21215,76.21215,76.21215,76.21215,76.21215,76.21215,76.21215,76.21215,76.21215,76.21215,76.21215,76.21215,76.21215,76.21215,76.21215,76.21215,76.21215,76.21215,76.21215,76.21215,76.21215,76.21215,76.21215,76.21215,76.21215,76.21215,76.21215,76.21215,76.21215,76.21215,76.21215,76.21215,76.21215,76.21215,76.21215,76.21215,76.21215,76.21215,76.21215,76.21215,76.21215,76.21215,76.21215,76.21215,76.21215,76.21215
413,,,,,,,,,88.65678,73.05668,73.05668,73.05668,73.05668,73.05668,73.05668,73.05668,73.05668,73.05668,73.05668,73.05668,73.05668,73.05668,73.05668,73.05668,73.05668,73.05668,73.05668,73.05668,73.05668,73.05668,73.05668,73.05668,73.05668,73.05668,73.05668,73.05668,73.05668,73.05668,73.05668,73.05668,73.05668,73.05668,73.05668,73.05668,73.05668,73.05668,73.05668,73.05668,73.05668,73.05668,73.05668,73.05668,73.05668,73.05668,73.05668,73.05668,73.05668,73.05668,73.05668,73.05668,73.05668,73.05668,73.05668,73.05668,73.05668,73.05668,73.05668,73.05668,73.05668,73.05668,73.05668,73.05668,73.05668,73.05668,73.05668,73.05668,73.05668,73.05668,73.05668,73.05668,73.05668,73.05668,73.05668,73.05668,73.05668,73.05668,73.05668,73.05668,73.05668,73.05668,73.05668,73.05668,73.05668,73.05668,73.05668,73.05668,73.05668,73.05668,73.05668,73.05668,73.05668,73.05668,73.05668,73.05668,73.05668,73.05668,73.05668,73.05668,73.05668,73.05668,73.05668,73.05668,73.05668,73.05668,73.05668,73.05668,73.05668,73.05668,73.05668,73.05668,73.05668,73.05668,73.05668,73.05668,73.05668,73.05668,73.05668,73.05668,73.05668,73.05668,73.05668,73.05668,73.05668,73.05668,73.05668,73.05668,73.05668,73.05668,73.05668,73.05668,73.05668,73.05668,73.05668,73.05668,73.05668,73.05668,73.05668,73.05668,73.05668,73.05668,73.05668,73.05668,73.05668
416,,,,,,,,,-72.25783,-63.87437,-68.85003,-68.28705,-67.70494,-66.89637,-66.12599,-65.51865,-65.11633,-64.85612,-64.68494,-64.62932,-64.60736,-64.58818,-64.57663,-64.57108,-64.56877,-64.56803,-64.56787,-64.56788,-64.56788,-64.56785,-64.56785,-64.56782,-64.56778,-64.56776,-64.56775,-64.56775,-64.56775,-64.56774,-64.56772,-64.5677,-64.56768,-64.56766,-64.56764,-64.5676,-64.56758,-64.56755,-64.56753,-64.5675,-64.56747,-64.56745,-64.56742,-64.56739,-64.56737,-64.56734,-64.56731,-64.56729,-64.56727,-64.56725,-64.56722,-64.5672,-64.56717,-64.56712,-64.56699,-64.5669,-64.56689,-64.56688,-64.56688,-64.56687,-64.56689,-64.56691,-64.56694,-64.56694,-64.56693,-64.56692,-64.5669,-64.56689,-64.56688,-64.56685,-64.56684,-64.56682,-64.56681,-64.56679,-64.56678,-64.56676,-64.56675,-64.56674,-64.56672,-64.56671,-64.56669,-64.56668,-64.56667,-64.56665,-64.56664,-64.56662,-64.56661,-64.5666,-64.56659,-64.56657,-64.56656,-64.56655,-64.56654,-64.56653,-64.56652,-64.56651,-64.5665,-64.56648,-64.56647,-64.56647,-64.56645,-64.56644,-64.56643,-64.56642,-64.56641,-64.5664,-64.56639,-64.56638,-64.56637,-64.56636,-64.56636,-64.56635,-64.56634,-64.56633,-64.56632,-64.56631,-64.56631,-64.5663,-64.56629,-64.56628,-64.56628,-64.56626,-64.56626,-64.56625,-64.56625,-64.56624,-64.56623,-64.56622,-64.56622,-64.56621,-64.5662,-64.56619,-64.56619,-64.56619,-64.56618,-64.56617,-64.56616,-64.56616,-64.56615,-64.56615,-64.56614,-64.56613,-64.56613,-64.56612,-64.56612
417,,,,,,,,,0.5,1.5,0.5,0.5,0.5,0.5,0.5,0.5,0.5,0.5,0.5,0.5,0.5,0.5,0.5,0.5,0.5,0.5,0.5,0.5,0.5,0.5,0.5,0.5,0.5,0.5,0.5,0.5,0.5,0.5,0.5,0.5,0.5,0.5,0.5,0.5,0.5,0.5,0.5,0.5,0.5,0.5,0.5,0.5,0.5,0.5,0.5,0.5,0.5,0.5,0.5,0.5,0.5,0.5,0.5,0.5,0.5,0.5,0.5,0.5,0.5,0.5,0.5,0.5,0.5,0.5,0.5,0.5,0.5,0.5,0.5,0.5,0.5,0.5,0.5,0.5,0.5,0.5,0.5,0.5,0.5,0.5,0.5,0.5,0.5,0.5,0.5,0.5,0.5,0.5,0.5,0.5,0.5,0.5,0.5,0.5,0.5,0.5,0.5,0.5,0.5,0.5,0.5,0.5,0.5,0.5,0.5,0.5,0.5,0.5,0.5,0.5,0.5,0.5,0.5,0.5,0.5,0.5,0.5,0.5,0.5,0.5,0.5,0.5,0.5,0.5,0.5,0.5,0.5,0.5,0.5,0.5,0.5,0.5,0.5,0.5,0.5,0.5,0.5,0.5,0.5,0.5,0.5,0.5,0.5
418,,,,,,,,,20.23304,15.40975,11.27527,6.477466,2.008225,-0.08384829,-0.6537832,-0.6862635,-0.7274406,-0.8326866,-0.7924339,-0.8904389,-0.9983569,-1.037621,-1.051257,-1.056693,-1.05779,-1.057946,-1.05842,-1.058965,-1.059245,-1.059799,-1.060465,-1.060993,-1.061405,-1.061841,-1.062255,-1.06269,-1.063058,-1.063468,-1.06386,-1.0642,-1.064619,-1.065037,-1.065386,-1.06576,-1.066105,-1.066457,-1.066841,-1.06717,-1.067401,-1.067783,-1.06805,-1.068357,-1.068653,-1.068939,-1.069192,-1.069439,-1.069702,-1.069993,-1.070203,-1.070466,-1.070615,-1.070916,-1.071224,-1.07151,-1.071743,-1.07196,-1.072191,-1.072371,-1.072442,-1.072533,-1.072724,-1.072837,-1.072999,-1.073186,-1.073313,-1.073465,-1.073704,-1.073779,-1.073996,-1.074137,-1.074247,-1.074392,-1.074567,-1.074655,-1.074792,-1.075007,-1.075082,-1.075252,-1.075344,-1.075471,-1.075614,-1.075704,-1.075813,-1.075933,-1.07605,-1.076169,-1.076276,-1.076385,-1.076455,-1.076595,-1.076687,-1.076803,-1.076865,-1.077001,-1.0771,-1.077182,-1.077264,-1.077404,-1.077463,-1.077528,-1.077646,-1.077734,-1.077781,-1.077905,-1.078001,-1.078065,-1.078106,-1.078202,-1.078322,-1.078359,-1.078447,-1.078522,-1.078575,-1.078601,-1.078742,-1.078825,-1.078865,-1.078919,-1.079042,-1.079075,-1.079127,-1.079156,-1.079265,-1.079299,-1.079359,-1.079402,-1.079464,-1.079579,-1.079615,-1.079633,-1.07968,-1.079822,-1.079853,-1.079871,-1.079889,-1.079992,-1.08006,-1.080141,-1.080118,-1.08017,-1.080308,-1.080267,-1.080291
419,,,,,,,,,1.0,0.7325574,0.5793985,0.4526591,0.3734802,0.3273818,0.3048595,0.295462,0.2923159,0.2914403,0.2916722,0.2920828,0.2921355,0.2920802,0.2920435,0.292028,0.2920275,0.2920354,0.2920458,0.2920564,0.2920672,0.2920778,0.2920876,0.2920967,0.2921055,0.2921139,0.2921218,0.2921292,0.2921362,0.2921425,0.2921485,0.292154,0.292159,0.2921639,0.2921683,0.2921722,0.2921761,0.2921796,0.2921829,0.2921859,0.2921889,0.2921914,0.292194,0.2921963,0.2921985,0.2922005,0.2922025,0.2922043,0.2922061,0.2922077,0.2922092,0.2922106,0.292212,0.2922134,0.2922148,0.292216,0.2922171,0.2922181,0.2922189,0.2922197,0.2922206,0.2922216,0.2922224,0.2922232,0.2922239,0.2922247,0.2922253,0.292226,0.2922265,0.2922272,0.2922277,0.2922282,0.2922288,0.2922293,0.2922297,0.2922302,0.2922306,0.292231,0.2922314,0.2922317,0.2922321,0.2922325,0.2922328,0.2922331,0.2922334,0.2922338,0.292234,0.2922343,0.2922345,0.2922348,0.2922351,0.2922353,0.2922355,0.2922357,0.292236,0.2922362,0.2922363,0.2922365,0.2922368,0.292237,0.2922371,0.2922373,0.2922375,0.2922376,0.2922377,0.2922378,0.292238,0.2922381,0.2922383,0.2922384,0.2922385,0.2922386,0.2922387,0.2922389,0.2922389,0.2922391,0.2922392,0.2922392,0.2922394,0.2922395,0.2922396,0.2922396,0.2922397,0.2922398,0.2922399,0.29224,0.29224,0.2922402,0.2922402,0.2922402,0.2922402,0.2922404,0.2922405,0.2922405,0.2922405,0.2922406,0.2922407,0.2922407,0.2922409,0.2922409,0.2922409,0.292241,0.292241,0.2922411,0.2922412
424,,,,,,,,,0.2389346,0.1126521,0.1701489,0.1730298,0.175783,0.1701138,0.1637832,0.1590318,0.156936,0.1559249,0.1550824,0.1560967,0.156866,0.1570496,0.157088,0.1570943,0.1570922,0.1570956,0.1571022,0.157107,0.1571089,0.1571111,0.157113,0.1571129,0.1571121,0.1571113,0.1571105,0.15711,0.1571095,0.1571091,0.1571088,0.1571084,0.1571082,0.1571082,0.157108,0.1571077,0.1571077,0.1571075,0.1571075,0.1571074,0.1571072,0.1571073,0.1571072,0.1571072,0.1571072,0.1571071,0.157107,0.157107,0.157107,0.1571071,0.1571069,0.157107,0.1571068,0.1571069,0.1571069,0.157107,0.1571071,0.1571075,0.1571076,0.1571072,0.1571067,0.1571066,0.1571068,0.1571067,0.1571067,0.1571068,0.1571067,0.1571067,0.1571069,0.1571067,0.1571069,0.1571069,0.1571068,0.1571068,0.1571069,0.1571068,0.1571068,0.157107,0.1571069,0.157107,0.1571069,0.1571069,0.157107,0.1571069,0.1571069,0.1571069,0.157107,0.157107,0.157107,0.157107,0.1571069,0.157107,0.157107,0.157107,0.157107,0.1571071,0.1571071,0.157107,0.157107,0.1571072,0.1571071,0.157107,0.1571071,0.1571071,0.157107,0.1571071,0.1571072,0.1571072,0.1571071,0.1571071,0.1571073,0.1571071,0.1571072,0.1571072,0.1571071,0.1571071,0.1571072,0.1571073,0.1571072,0.1571072,0.1571074,0.1571073,0.1571073,0.1571072,0.1571073,0.1571073,0.1571072,0.1571072,0.1571073,0.1571074,0.1571073,0.1571073,0.1571073,0.1571075,0.1571074,0.1571073,0.1571072,0.1571073,0.1571074,0.1571075,0.1571073,0.1571073,0.1571075,0.1571073,0.1571074
425,,,,,,,,,0.2237496,0.1061736,0.1596608,0.1621099,0.1644799,0.1586804,0.1525694,0.1479763,0.1461035,0.1451476,0.144222,0.145586,0.1465829,0.1468384,0.1469042,0.1469211,0.1469243,0.1469328,0.146944,0.1469522,0.1469562,0.1469602,0.1469634,0.146964,0.1469636,0.146963,0.1469624,0.1469619,0.1469615,0.1469612,0.146961,0.1469607,0.1469605,0.1469605,0.1469604,0.1469602,0.1469602,0.1469601,0.1469601,0.14696,0.1469599,0.14696,0.1469599,0.1469599,0.1469599,0.1469599,0.1469598,0.1469598,0.1469598,0.1469599,0.1469598,0.1469598,0.1469597,0.1469598,0.1469598,0.1469599,0.1469601,0.1469606,0.1469608,0.1469603,0.1469597,0.1469596,0.1469597,0.1469596,0.1469597,0.1469598,0.1469597,0.1469597,0.1469598,0.1469598,0.1469598,0.1469599,0.1469598,0.1469599,0.1469599,0.1469598,0.1469599,0.14696,0.1469599,0.14696,0.1469599,0.14696,0.14696,0.14696,0.1469599,0.14696,0.14696,0.1469601,0.14696,0.14696,0.14696,0.1469601,0.1469601,0.1469601,0.1469601,0.1469602,0.1469601,0.1469601,0.1469601,0.1469602,0.1469602,0.1469601,0.1469602,0.1469602,0.1469601,0.1469602,0.1469603,0.1469602,0.1469602,0.1469602,0.1469603,0.1469602,0.1469603,0.1469603,0.1469602,0.1469602,0.1469603,0.1469603,0.1469603,0.1469603,0.1469604,0.1469604,0.1469604,0.1469603,0.1469604,0.1469604,0.1469603,0.1469604,0.1469603,0.1469605,0.1469603,0.1469604,0.1469604,0.1469605,0.1469604,0.1469604,0.1469604,0.1469604,0.1469604,0.1469605,0.1469604,0.1469604,0.1469606,0.1469604,0.1469605
426,,,,,,,,,88.6794,82.0996,87.54405,87.32465,87.02879,86.42467,85.75353,85.17237,84.77775,84.51823,84.32582,84.28159,84.27267,84.2576,84.24744,84.24246,84.24037,84.23985,84.23994,84.24019,84.24034,84.24047,84.24062,84.24071,84.24076,84.24082,84.24088,84.24095,84.24102,84.24107,84.24112,84.24116,84.24119,84.24123,84.24125,84.24127,84.24129,84.24131,84.24133,84.24135,84.24136,84.24138,84.24139,84.2414,84.24141,84.24142,84.24143,84.24144,84.24144,84.24145,84.24146,84.24146,84.24146,84.24144,84.24133,84.24127,84.24128,84.24131,84.24133,84.24135,84.24138,84.24142,84.24147,84.24149,84.24151,84.24152,84.24152,84.24152,84.24153,84.24153,84.24153,84.24154,84.24153,84.24154,84.24154,84.24154,84.24154,84.24155,84.24154,84.24155,84.24154,84.24155,84.24155,84.24155,84.24155,84.24155,84.24155,84.24155,84.24155,84.24155,84.24155,84.24155,84.24155,84.24155,84.24155,84.24155,84.24155,84.24155,84.24155,84.24156,84.24155,84.24155,84.24155,84.24156,84.24155,84.24156,84.24156,84.24155,84.24155,84.24155,84.24156,84.24155,84.24156,84.24156,84.24155,84.24155,84.24156,84.24156,84.24155,84.24155,84.24156,84.24155,84.24155,84.24155,84.24156,84.24155,84.24155,84.24155,84.24155,84.24156,84.24155,84.24155,84.24155,84.24156,84.24155,84.24155,84.24155,84.24155,84.24155,84.24156,84.24155,84.24155,84.24156,84.24155,84.24155
427,,,,,,,,,403689.9,380495.8,361880.5,345951.8,334022.5,328134.6,325578.9,324627.7,324260.7,324169.6,324174.8,324016.3,323888.3,323833.8,323808.7,323796.0,323788.5,323783.0,323778.7,323775.6,323773.5,323771.9,323770.7,323769.9,323769.4,323769.0,323768.8,323768.6,323768.4,323768.3,323768.2,323768.1,323768.0,323767.9,323767.9,323767.8,323767.8,323767.7,323767.7,323767.7,323767.6,323767.6,323767.6,323767.5,323767.5,323767.5,323767.5,323767.5,323767.5,323767.5,323767.5,323767.5,323767.5,323767.5,323767.5,323767.5,323767.5,323767.4,323767.4,323767.5,323767.5,323767.6,323767.6,323767.6,323767.6,323767.6,323767.6,323767.6,323767.6,323767.7,323767.7,323767.7,323767.7,323767.7,323767.8,323767.8,323767.8,323767.8,323767.8,323767.8,323767.9,323767.9,323767.9,323767.9,323767.9,323768.0,323768.0,323768.0,323768.0,323768.1,323768.1,323768.1,323768.1,323768.1,323768.1,323768.2,323768.2,323768.2,323768.2,323768.3,323768.3,323768.3,323768.3,323768.3,323768.3,323768.4,323768.4,323768.4,323768.4,323768.4,323768.5,323768.5,323768.5,323768.5,323768.5,323768.5,323768.6,323768.6,323768.6,323768.6,323768.6,323768.7,323768.7,323768.7,323768.7,323768.7,323768.7,323768.7,323768.8,323768.8,323768.8,323768.8,323768.8,323768.8,323768.8,323768.9,323768.9,323768.9,323768.9,323768.9,323768.9,323768.9,323769.0,323769.0,323769.0
428,,,,,,,,,88.42058,80.68615,87.21622,87.06897,86.81489,86.21316,85.53545,84.94505,84.54564,84.28392,84.08707,84.04761,84.0432,84.02942,84.01959,84.0147,84.01264,84.01218,84.01234,84.01263,84.01281,84.01296,84.01314,84.01323,84.01329,84.01335,84.01342,84.01349,84.01355,84.01361,84.01365,84.01369,84.01373,84.01376,84.01379,84.01381,84.01384,84.01385,84.01388,84.01389,84.0139,84.01392,84.01393,84.01395,84.01396,84.01397,84.01397,84.01398,84.01399,84.014,84.014,84.01401,84.01401,84.01399,84.01389,84.01382,84.01383,84.01386,84.01389,84.0139,84.01393,84.01397,84.01402,84.01404,84.01406,84.01407,84.01407,84.01407,84.01408,84.01408,84.01409,84.01409,84.01409,84.01409,84.01409,84.01409,84.01409,84.0141,84.01409,84.0141,84.0141,84.0141,84.0141,84.0141,84.0141,84.0141,84.0141,84.01411,84.01411,84.0141,84.0141,84.01411,84.01411,84.01411,84.0141,84.01411,84.01411,84.01411,84.01411,84.01411,84.01411,84.01411,84.01411,84.01411,84.01411,84.01411,84.01411,84.01411,84.01411,84.01411,84.01411,84.01411,84.01411,84.01411,84.01411,84.01411,84.01411,84.01411,84.01411,84.01411,84.01412,84.01411,84.01411,84.01411,84.01411,84.01411,84.01411,84.01411,84.01411,84.01412,84.01411,84.01411,84.01411,84.01412,84.01411,84.01411,84.01411,84.01411,84.01411,84.01411,84.01411,84.01411,84.01412,84.01411,84.01411
429,,,,,,,,,72.8478,46.52925,48.36605,41.01317,36.14129,32.44687,30.20889,29.06331,28.59187,28.4282,28.32867,28.35922,28.39433,28.39749,28.39508,28.39322,28.39188,28.39133,28.3913,28.39137,28.39138,28.39149,28.39165,28.39172,28.39178,28.39186,28.39192,28.392,28.39208,28.39214,28.39221,28.39224,28.39231,28.39238,28.39241,28.39244,28.39249,28.39252,28.39257,28.39259,28.3926,28.39265,28.39265,28.39267,28.3927,28.39272,28.39273,28.39274,28.39275,28.39279,28.39278,28.39279,28.39278,28.39282,28.39283,28.39284,28.39285,28.39286,28.39288,28.39288,28.39286,28.39287,28.39289,28.39287,28.39288,28.3929,28.39289,28.39289,28.39292,28.3929,28.39292,28.39292,28.39291,28.39292,28.39294,28.39291,28.39292,28.39296,28.39293,28.39294,28.39294,28.39295,28.39295,28.39294,28.39294,28.39295,28.39295,28.39296,28.39295,28.39295,28.39294,28.39296,28.39295,28.39296,28.39295,28.39296,28.39296,28.39296,28.39296,28.39298,28.39297,28.39296,28.39298,28.39297,28.39296,28.39297,28.39298,28.39297,28.39296,28.39297,28.39299,28.39296,28.39298,28.39298,28.39298,28.39296,28.39298,28.39298,28.39298,28.39297,28.393,28.39298,28.39298,28.39296,28.39299,28.39298,28.39297,28.39297,28.39297,28.39299,28.39297,28.39297,28.39297,28.393,28.39298,28.39298,28.39297,28.39299,28.393,28.393,28.39297,28.39298,28.39301,28.39297,28.39297
430,,,,,,,,,67.56858,40.15867,44.1989,37.61,33.20297,29.6939,27.54505,26.41457,25.96555,25.80024,25.6779,25.77594,25.85649,25.87327,25.8756,25.87549,25.87492,25.87517,25.87592,25.87654,25.87688,25.87727,25.87764,25.8778,25.87788,25.87797,25.87802,25.8781,25.87817,25.87823,25.8783,25.87833,25.87839,25.87847,25.8785,25.87853,25.87858,25.87861,25.87866,25.87867,25.87869,25.87873,25.87874,25.87877,25.87879,25.87881,25.87882,25.87883,25.87885,25.87888,25.87888,25.87889,25.87888,25.87891,25.87892,25.87894,25.87896,25.879,25.87902,25.87899,25.87896,25.87896,25.87898,25.87897,25.87898,25.879,25.87899,25.87899,25.87901,25.87901,25.87902,25.87902,25.87902,25.87903,25.87904,25.87902,25.87903,25.87906,25.87904,25.87904,25.87905,25.87905,25.87906,25.87904,25.87904,25.87906,25.87906,25.87906,25.87906,25.87906,25.87906,25.87906,25.87906,25.87907,25.87906,25.87907,25.87907,25.87907,25.87907,25.87908,25.87908,25.87907,25.87909,25.87908,25.87907,25.87908,25.87909,25.87909,25.87908,25.87908,25.8791,25.87908,25.87909,25.8791,25.87909,25.87908,25.87909,25.87909,25.87909,25.87909,25.87911,25.8791,25.8791,25.87908,25.8791,25.8791,25.87909,25.87909,25.87909,25.8791,25.87909,25.87909,25.87909,25.87911,25.8791,25.8791,25.87908,25.8791,25.87911,25.87911,25.87909,25.87909,25.87912,25.87909,25.87909
431,,,,,,,,,3.402158,1.647724,2.130701,1.838471,1.660526,1.551411,1.461358,1.419528,1.382474,1.374091,1.387212,1.335042,1.300768,1.290033,1.286021,1.28446,1.283717,1.283002,1.28234,1.281873,1.281577,1.281339,1.281151,1.281064,1.28102,1.281002,1.280997,1.280992,1.280985,1.280979,1.280974,1.280965,1.280965,1.28096,1.280956,1.280951,1.280948,1.280946,1.280947,1.280943,1.280934,1.280938,1.280933,1.280932,1.280933,1.28093,1.280925,1.280925,1.280925,1.280925,1.280918,1.280922,1.280914,1.280923,1.280918,1.280916,1.280911,1.280888,1.280882,1.280903,1.280911,1.280917,1.280919,1.280915,1.280913,1.280915,1.280908,1.280909,1.280914,1.280904,1.28091,1.280906,1.280904,1.280905,1.280906,1.280899,1.280903,1.280907,1.2809,1.280905,1.280901,1.2809,1.280902,1.280898,1.2809,1.280901,1.280896,1.280898,1.280898,1.280897,1.28089,1.280899,1.280898,1.280898,1.280893,1.280898,1.280897,1.280896,1.280893,1.280899,1.280895,1.280895,1.280894,1.280895,1.280892,1.280897,1.280894,1.280894,1.280891,1.280893,1.280896,1.280892,1.280896,1.280894,1.280892,1.280889,1.280896,1.280895,1.28089,1.280891,1.280898,1.280891,1.28089,1.280889,1.280894,1.280889,1.280891,1.280888,1.280892,1.280895,1.280891,1.280887,1.280888,1.280899,1.280891,1.280888,1.280887,1.280891,1.280893,1.280895,1.280887,1.280889,1.280897,1.280888,1.280887
432,,,,,,,,,1.877063,4.722856,2.036453,1.564697,1.277789,1.20156,1.202477,1.229217,1.243851,1.253869,1.263554,1.248234,1.23707,1.234194,1.233464,1.233275,1.233242,1.233155,1.233039,1.232958,1.232921,1.232886,1.232859,1.23286,1.232873,1.232887,1.232901,1.232911,1.232921,1.232929,1.232936,1.232943,1.232947,1.232951,1.232955,1.23296,1.232962,1.232966,1.232967,1.23297,1.232972,1.232973,1.232976,1.232976,1.232977,1.232979,1.232981,1.232981,1.232982,1.232982,1.232984,1.232984,1.232986,1.232985,1.232987,1.232986,1.232983,1.232978,1.232977,1.232983,1.232991,1.232992,1.232991,1.232992,1.232992,1.232991,1.232992,1.232993,1.232991,1.232993,1.232992,1.232992,1.232993,1.232993,1.232992,1.232994,1.232993,1.232992,1.232994,1.232992,1.232993,1.232993,1.232992,1.232993,1.232994,1.232994,1.232993,1.232993,1.232994,1.232994,1.232995,1.232993,1.232993,1.232994,1.232994,1.232993,1.232993,1.232995,1.232995,1.232993,1.232994,1.232995,1.232994,1.232994,1.232995,1.232994,1.232993,1.232994,1.232994,1.232995,1.232993,1.232995,1.232994,1.232994,1.232995,1.232995,1.232994,1.232994,1.232995,1.232995,1.232992,1.232995,1.232994,1.232996,1.232994,1.232994,1.232995,1.232995,1.232995,1.232993,1.232995,1.232995,1.232994,1.232992,1.232994,1.232995,1.232996,1.232995,1.232995,1.232993,1.232996,1.232995,1.232993,1.232995,1.232995
